Grouped dataframe shape: (2018, 23)

Topography analysis enabled.
Computing facing-fraction and gradient summaries on grouped 1 km cells. Model fitting and filter search still use all grouped data. Topography filtering is used only for the additional OOB summaries.

================================================================================
Computing topography for camera: bartlett
Grouped rows: 69
  landcover: bartlett.tif
  elevation: ALOS_AW3D30_Elevation_bartlett.tif
  gradient:  ALOS_AW3D30_Gradient_bartlett.tif
  aspect:    ALOS_AW3D30_Aspect_bartlett.tif
Original elevation CRS: EPSG:4326
Using local metre CRS: EPSG:32619
Finished topography for camera: bartlett
  processed: 69
  skipped:   0
  released raster memory for: bartlett

================================================================================
Computing topography for camera: delta_junction
Grouped rows: 171
  landcover: delta_junction.tif
  elevation: ALOS_AW3D30_Elevation_delta_junction.tif
  gradient:  ALOS_AW3D30_Gradient_delta_junction.tif
  aspect:    ALOS_AW3D30_Aspect_delta_junction.tif
Original elevation CRS: EPSG:4326
Using local metre CRS: EPSG:32606
Finished topography for camera: delta_junction
  processed: 171
  skipped:   0
  released raster memory for: delta_junction

================================================================================
Computing topography for camera: glees
Grouped rows: 107
  landcover: glees.tif
  elevation: ALOS_AW3D30_Elevation_glees.tif
  gradient:  ALOS_AW3D30_Gradient_glees.tif
  aspect:    ALOS_AW3D30_Aspect_glees.tif
Original elevation CRS: EPSG:4326
Using local metre CRS: EPSG:32613
Finished topography for camera: glees
  processed: 107
  skipped:   0
  released raster memory for: glees

================================================================================
Computing topography for camera: hyytiala
Grouped rows: 137
  landcover: hyytiala.tif
  elevation: ALOS_AW3D30_Elevation_hyytiala.tif
  gradient:  ALOS_AW3D30_Gradient_hyytiala.tif
  aspect:    ALOS_AW3D30_Aspect_hyytiala.tif
Original elevation CRS: EPSG:4326
Using local metre CRS: EPSG:32635
Finished topography for camera: hyytiala
  processed: 137
  skipped:   0
  released raster memory for: hyytiala

================================================================================
Computing topography for camera: kenttarova
Grouped rows: 95
  landcover: kenttarova.tif
  elevation: ALOS_AW3D30_Elevation_kenttarova.tif
  gradient:  ALOS_AW3D30_Gradient_kenttarova.tif
  aspect:    ALOS_AW3D30_Aspect_kenttarova.tif
Original elevation CRS: EPSG:4326
Using local metre CRS: EPSG:32635
Finished topography for camera: kenttarova
  processed: 95
  skipped:   0
  released raster memory for: kenttarova

================================================================================
Computing topography for camera: lacclair
Grouped rows: 74
  landcover: lacclair.tif
  elevation: ALOS_AW3D30_Elevation_lacclair.tif
  gradient:  ALOS_AW3D30_Gradient_lacclair.tif
  aspect:    ALOS_AW3D30_Aspect_lacclair.tif
Original elevation CRS: EPSG:4326
Using local metre CRS: EPSG:32619
Finished topography for camera: lacclair
  processed: 74
  skipped:   0
  released raster memory for: lacclair

================================================================================
Computing topography for camera: marcell_MN
Grouped rows: 116
  landcover: marcell_MN.tif
  elevation: ALOS_AW3D30_Elevation_marcell_MN.tif
  gradient:  ALOS_AW3D30_Gradient_marcell_MN.tif
  aspect:    ALOS_AW3D30_Aspect_marcell_MN.tif
Original elevation CRS: EPSG:4326
Using local metre CRS: EPSG:32615
Finished topography for camera: marcell_MN
  processed: 116
  skipped:   0
  released raster memory for: marcell_MN

================================================================================
Computing topography for camera: old_jack_pine
Grouped rows: 181
  landcover: old_jack_pine.tif
  elevation: ALOS_AW3D30_Elevation_old_jack_pine.tif
  gradient:  ALOS_AW3D30_Gradient_old_jack_pine.tif
  aspect:    ALOS_AW3D30_Aspect_old_jack_pine.tif
Original elevation CRS: EPSG:4326
Using local metre CRS: EPSG:32613
Finished topography for camera: old_jack_pine
  processed: 181
  skipped:   0
  released raster memory for: old_jack_pine

================================================================================
Computing topography for camera: oregon_yp
Grouped rows: 164
  landcover: oregon_yp.tif
  elevation: ALOS_AW3D30_Elevation_oregon_yp.tif
  gradient:  ALOS_AW3D30_Gradient_oregon_yp.tif
  aspect:    ALOS_AW3D30_Aspect_oregon_yp.tif
Original elevation CRS: EPSG:4326
Using local metre CRS: EPSG:32610
Finished topography for camera: oregon_yp
  processed: 164
  skipped:   0
  released raster memory for: oregon_yp

================================================================================
Computing topography for camera: queens
Grouped rows: 80
  landcover: queens.tif
  elevation: ALOS_AW3D30_Elevation_queens.tif
  gradient:  ALOS_AW3D30_Gradient_queens.tif
  aspect:    ALOS_AW3D30_Aspect_queens.tif
Original elevation CRS: EPSG:4326
Using local metre CRS: EPSG:32618
Finished topography for camera: queens
  processed: 80
  skipped:   0
  released raster memory for: queens

================================================================================
Computing topography for camera: sodankyla_full
Grouped rows: 186
  landcover: sodankyla_full.tif
  elevation: ALOS_AW3D30_Elevation_sodankyla_full.tif
  gradient:  ALOS_AW3D30_Gradient_sodankyla_full.tif
  aspect:    ALOS_AW3D30_Aspect_sodankyla_full.tif
Original elevation CRS: EPSG:4326
Using local metre CRS: EPSG:32635
Finished topography for camera: sodankyla_full
  processed: 186
  skipped:   0
  released raster memory for: sodankyla_full

================================================================================
Computing topography for camera: tammela
Grouped rows: 92
  landcover: tammela.tif
  elevation: ALOS_AW3D30_Elevation_tammela.tif
  gradient:  ALOS_AW3D30_Gradient_tammela.tif
  aspect:    ALOS_AW3D30_Aspect_tammela.tif
Original elevation CRS: EPSG:4326
Using local metre CRS: EPSG:32634
Finished topography for camera: tammela
  processed: 92
  skipped:   0
  released raster memory for: tammela

================================================================================
Computing topography for camera: torgnon
Grouped rows: 65
  landcover: torgnon.tif
  elevation: ALOS_AW3D30_Elevation_torgnon.tif
  gradient:  ALOS_AW3D30_Gradient_torgnon.tif
  aspect:    ALOS_AW3D30_Aspect_torgnon.tif
Original elevation CRS: EPSG:4326
Using local metre CRS: EPSG:32632
Finished topography for camera: torgnon
  processed: 65
  skipped:   0
  released raster memory for: torgnon

================================================================================
Computing topography for camera: underc
Grouped rows: 127
  landcover: underc.tif
  elevation: ALOS_AW3D30_Elevation_underc.tif
  gradient:  ALOS_AW3D30_Gradient_underc.tif
  aspect:    ALOS_AW3D30_Aspect_underc.tif
Original elevation CRS: EPSG:4326
Using local metre CRS: EPSG:32616
Finished topography for camera: underc
  processed: 127
  skipped:   0
  released raster memory for: underc

================================================================================
Computing topography for camera: underhill
Grouped rows: 33
  landcover: underhill.tif
  elevation: ALOS_AW3D30_Elevation_underhill.tif
  gradient:  ALOS_AW3D30_Gradient_underhill.tif
  aspect:    ALOS_AW3D30_Aspect_underhill.tif
Original elevation CRS: EPSG:4326
Using local metre CRS: EPSG:32618
Finished topography for camera: underhill
  processed: 33
  skipped:   0
  released raster memory for: underhill

================================================================================
Computing topography for camera: varrio
Grouped rows: 109
  landcover: varrio.tif
  elevation: ALOS_AW3D30_Elevation_varrio.tif
  gradient:  ALOS_AW3D30_Gradient_varrio.tif
  aspect:    ALOS_AW3D30_Aspect_varrio.tif
Original elevation CRS: EPSG:4326
Using local metre CRS: EPSG:32635
Finished topography for camera: varrio
  processed: 109
  skipped:   0
  released raster memory for: varrio

================================================================================
Computing topography for camera: willowcreek
Grouped rows: 91
  landcover: willowcreek.tif
  elevation: ALOS_AW3D30_Elevation_willowcreek.tif
  gradient:  ALOS_AW3D30_Gradient_willowcreek.tif
  aspect:    ALOS_AW3D30_Aspect_willowcreek.tif
Original elevation CRS: EPSG:4326
Using local metre CRS: EPSG:32615
Finished topography for camera: willowcreek
  processed: 91
  skipped:   0
  released raster memory for: willowcreek

================================================================================
Computing topography for camera: wslcreek
Grouped rows: 121
  landcover: wslcreek.tif
  elevation: ALOS_AW3D30_Elevation_wslcreek.tif
  gradient:  ALOS_AW3D30_Gradient_wslcreek.tif
  aspect:    ALOS_AW3D30_Aspect_wslcreek.tif
Original elevation CRS: EPSG:4326
Using local metre CRS: EPSG:32613
Finished topography for camera: wslcreek
  processed: 121
  skipped:   0
  released raster memory for: wslcreek

Topography summary:
       north_facing_fraction  ...  topography_cell_pixel_count
count            2008.000000  ...                  2018.000000
mean                0.514701  ...                  1179.162537
std                 0.178137  ...                    22.946281
min                 0.000000  ...                  1156.000000
25%                 0.430566  ...                  1156.000000
50%                 0.493665  ...                  1190.000000
75%                 0.587826  ...                  1190.000000
max                 1.000000  ...                  1225.000000

[8 rows x 7 columns]

Rows with valid topography:
topography_valid_pixel_count
True     2008
False      10
Name: count, dtype: int64

North-facing cells require north_facing_fraction >= 0.75; south-facing cells require south_facing_fraction >= 0.75. Aspect variability is not considered.

Aspect group counts before model filtering:
aspect_group
<NA>               1652
north_dominated     241
south_dominated     125
Name: count, dtype: int64

Low-gradient rows require gradient_p84 <= 4.0.
North/south facing direction is not considered for this group.

Low-gradient eligibility count before model filtering:
gradient_p84
False    1766
True      252
Name: count, dtype: int64

================================================================================
OVERALL NON-BOOTSTRAP ICESAT-2 + TOPOGRAPHY FILTER COUNTS
================================================================================
Overall selected ICESat-2 filter: Eg_strong/Eg_weak >= 1.05, data_quantity >= 10
Full-data CV acc=0.9307, CV bin acc=0.9772
Total grouped cells: 2018
Cells passing overall ICESat-2 filters: 1256

Cells passing ICESat-2 filters + valid north/south facing-fraction group: 176
  north_dominated: 125
  south_dominated: 51

By observed JointSnowBinary class after ICESat-2 + north/south facing-fraction filters:
JointSnowBinary
0.00     45
0.02      2
0.25      2
0.30      3
0.45      1
0.45      4
0.45      1
0.85      6
0.94      2
0.94      3
0.94      1
0.97      1
0.99      1
0.99      3
0.99      1
1.00    100

Cells passing ICESat-2 filters + gradient_p84 <= 4.0: 207
North/south facing direction is not considered for this low-gradient group.

By observed JointSnowBinary class after ICESat-2 + low-gradient filter:
JointSnowBinary
0.00    145
0.10      1
0.25      2
0.30      2
0.32      8
0.45      1
0.45      3
0.80      5
0.90      1
0.94      2
1.00     37

=== Bootstrap 1/1000 ===

Chosen filter -> Eg_strong/Eg_weak >= 1.05, data_quantity >= 13 | CV acc=0.9360, CV bin acc=0.9828, n_rows(dedup)=1281 | OOB acc=0.9271, OOB bin acc=0.9799, n_rows_test(dedup)=398 |
OOB cameras: ['kenttarova', 'oregon_yp', 'queens', 'torgnon', 'underc', 'varrio', 'wslcreek']
OOB n=455 | RMSE=0.1282 | Bias=0.0139 | FracRMSE=0.2069 | FracBias=-0.0631 | NoneBias=0.0572 | FullBias=-0.0190
Aspect split eligible OOB rows (north/south facing fraction threshold = 0.75): 88 / 455
north_dominated OOB n=68 | RMSE=0.0459 | Bias=0.0097 | FracRMSE=0.1205 | FracBias=0.0606 | NoneBias=0.0081 | FullBias=0.0000
south_dominated OOB n=20 | RMSE=0.0894 | Bias=-0.0130 | FracRMSE=0.1999 | FracBias=-0.0651 | NoneBias=0.0000 | FullBias=0.0000
Low-gradient eligible OOB rows (gradient_p84 <= 4.0): 109 / 455
low_gradient_p84 OOB n=109 | RMSE=0.1312 | Bias=0.0508 | FracRMSE=0.2457 | FracBias=-0.1801 | NoneBias=0.0773 | FullBias=0.0000
6.25s

=== Bootstrap 2/1000 ===

Chosen filter -> Eg_strong/Eg_weak >= 1.11, data_quantity >= 16 | CV acc=0.9498, CV bin acc=0.9846, n_rows(dedup)=977 | OOB acc=0.8984, OOB bin acc=0.9410, n_rows_test(dedup)=305 |
OOB cameras: ['bartlett', 'lacclair', 'old_jack_pine', 'sodankyla_full', 'torgnon', 'willowcreek']
OOB n=361 | RMSE=0.1858 | Bias=-0.0132 | FracRMSE=0.3852 | FracBias=-0.1757 | NoneBias=0.0350 | FullBias=-0.0281
Aspect split eligible OOB rows (north/south facing fraction threshold = 0.75): 25 / 361
north_dominated OOB n=16 | RMSE=0.4261 | Bias=-0.2313 | FracRMSE=0.7259 | FracBias=-0.7106 | NoneBias=0.0000 | FullBias=-0.1961
south_dominated OOB n=9 | RMSE=0.2833 | Bias=-0.0944 | FracRMSE=0.8500 | FracBias=-0.8500 | NoneBias=0.0000 | FullBias=0.0000
Low-gradient eligible OOB rows (gradient_p84 <= 4.0): 70 / 361
low_gradient_p84 OOB n=70 | RMSE=0.1080 | Bias=-0.0188 | FracRMSE=0.3243 | FracBias=-0.1795 | NoneBias=0.0059 | FullBias=-0.0122
6.15s

=== Bootstrap 3/1000 ===

Chosen filter -> Eg_strong/Eg_weak >= 1.05, data_quantity >= 16 | CV acc=0.9416, CV bin acc=0.9741, n_rows(dedup)=1044 | OOB acc=0.9496, OOB bin acc=0.9890, n_rows_test(dedup)=456 |
OOB cameras: ['bartlett', 'kenttarova', 'marcell_MN', 'oregon_yp', 'sodankyla_full', 'torgnon', 'varrio']
OOB n=507 | RMSE=0.1332 | Bias=0.0063 | FracRMSE=0.3049 | FracBias=-0.1676 | NoneBias=0.0548 | FullBias=-0.0196
Aspect split eligible OOB rows (north/south facing fraction threshold = 0.75): 88 / 507
north_dominated OOB n=63 | RMSE=0.1958 | Bias=-0.0477 | FracRMSE=0.3462 | FracBias=-0.1633 | NoneBias=0.0080 | FullBias=-0.0465
south_dominated OOB n=25 | RMSE=0.2408 | Bias=-0.0668 | FracRMSE=0.5383 | FracBias=-0.3298 | NoneBias=0.0000 | FullBias=-0.0014
Low-gradient eligible OOB rows (gradient_p84 <= 4.0): 134 / 507
low_gradient_p84 OOB n=134 | RMSE=0.1367 | Bias=0.0652 | FracRMSE=0.2192 | FracBias=-0.1665 | NoneBias=0.0988 | FullBias=0.0000
7.4s

=== Bootstrap 4/1000 ===

Chosen filter -> Eg_strong/Eg_weak >= 1.18, data_quantity >= 16 | CV acc=0.9335, CV bin acc=0.9861, n_rows(dedup)=933 | OOB acc=0.9317, OOB bin acc=0.9780, n_rows_test(dedup)=410 |
OOB cameras: ['delta_junction', 'glees', 'kenttarova', 'lacclair', 'queens', 'sodankyla_full', 'tammela', 'willowcreek']
OOB n=486 | RMSE=0.1371 | Bias=-0.0018 | FracRMSE=0.2424 | FracBias=-0.0471 | NoneBias=0.0278 | FullBias=-0.0184
Aspect split eligible OOB rows (north/south facing fraction threshold = 0.75): 97 / 486
north_dominated OOB n=68 | RMSE=0.1226 | Bias=-0.0251 | FracRMSE=0.2383 | FracBias=-0.0943 | NoneBias=0.0000 | FullBias=-0.0005
south_dominated OOB n=29 | RMSE=0.0145 | Bias=0.0007 | FracRMSE=0.0451 | FracBias=0.0070 | NoneBias=0.0000 | FullBias=0.0000
Low-gradient eligible OOB rows (gradient_p84 <= 4.0): 62 / 486
low_gradient_p84 OOB n=62 | RMSE=0.1161 | Bias=-0.0200 | FracRMSE=0.1976 | FracBias=-0.1023 | NoneBias=0.0208 | FullBias=-0.0282
5.65s

=== Bootstrap 5/1000 ===

Chosen filter -> Eg_strong/Eg_weak >= 1.25, data_quantity >= 9 | CV acc=0.9506, CV bin acc=0.9851, n_rows(dedup)=1276 | OOB acc=0.8741, OOB bin acc=0.9558, n_rows_test(dedup)=294 |
OOB cameras: ['hyytiala', 'lacclair', 'torgnon', 'underc', 'underhill', 'varrio', 'wslcreek']
OOB n=349 | RMSE=0.1238 | Bias=0.0033 | FracRMSE=0.2527 | FracBias=-0.0241 | NoneBias=0.0373 | FullBias=-0.0153
Aspect split eligible OOB rows (north/south facing fraction threshold = 0.75): 58 / 349
north_dominated OOB n=47 | RMSE=0.0826 | Bias=0.0166 | FracRMSE=0.2689 | FracBias=0.1799 | NoneBias=0.0599 | FullBias=0.0000
south_dominated OOB n=11 | RMSE=0.0909 | Bias=-0.0274 | FracRMSE=0.3014 | FracBias=-0.3014 | NoneBias=0.0000 | FullBias=0.0000
Low-gradient eligible OOB rows (gradient_p84 <= 4.0): 1 / 349
low_gradient_p84 OOB n=1 | RMSE=0.0000 | Bias=0.0000 | FracRMSE=nan | FracBias=nan | NoneBias=nan | FullBias=0.0000
6.64s

=== Bootstrap 6/1000 ===

Chosen filter -> Eg_strong/Eg_weak >= 1.25, data_quantity >= 17 | CV acc=0.9036, CV bin acc=0.9859, n_rows(dedup)=851 | OOB acc=0.9276, OOB bin acc=0.9732, n_rows_test(dedup)=373 |
OOB cameras: ['delta_junction', 'hyytiala', 'lacclair', 'queens', 'sodankyla_full', 'torgnon', 'willowcreek', 'wslcreek']
OOB n=433 | RMSE=0.1478 | Bias=0.0000 | FracRMSE=0.2840 | FracBias=-0.0428 | NoneBias=0.0327 | FullBias=-0.0261
Aspect split eligible OOB rows (north/south facing fraction threshold = 0.75): 65 / 433
north_dominated OOB n=59 | RMSE=0.1358 | Bias=-0.0240 | FracRMSE=0.2893 | FracBias=-0.1102 | NoneBias=0.0008 | FullBias=0.0000
south_dominated OOB n=6 | RMSE=0.0000 | Bias=0.0000 | FracRMSE=nan | FracBias=nan | NoneBias=0.0000 | FullBias=0.0000
Low-gradient eligible OOB rows (gradient_p84 <= 4.0): 53 / 433
low_gradient_p84 OOB n=53 | RMSE=0.1308 | Bias=-0.0188 | FracRMSE=0.2117 | FracBias=-0.1158 | NoneBias=0.0331 | FullBias=-0.0311
6.51s

=== Bootstrap 7/1000 ===

Chosen filter -> Eg_strong/Eg_weak >= 1.05, data_quantity >= 17 | CV acc=0.9021, CV bin acc=0.9724, n_rows(dedup)=725 | OOB acc=0.9259, OOB bin acc=0.9753, n_rows_test(dedup)=526 |
OOB cameras: ['bartlett', 'glees', 'lacclair', 'old_jack_pine', 'oregon_yp', 'tammela', 'underc', 'varrio', 'wslcreek']
OOB n=619 | RMSE=0.1550 | Bias=-0.0001 | FracRMSE=0.3608 | FracBias=-0.1479 | NoneBias=0.0381 | FullBias=-0.0115
Aspect split eligible OOB rows (north/south facing fraction threshold = 0.75): 75 / 619
north_dominated OOB n=49 | RMSE=0.2485 | Bias=-0.0715 | FracRMSE=0.5378 | FracBias=-0.3484 | NoneBias=0.0000 | FullBias=-0.0503
south_dominated OOB n=26 | RMSE=0.2357 | Bias=-0.0654 | FracRMSE=0.8500 | FracBias=-0.8500 | NoneBias=0.0000 | FullBias=0.0000
Low-gradient eligible OOB rows (gradient_p84 <= 4.0): 135 / 619
low_gradient_p84 OOB n=135 | RMSE=0.1358 | Bias=0.0313 | FracRMSE=0.2905 | FracBias=-0.2007 | NoneBias=0.0599 | FullBias=0.0000
5.14s

=== Bootstrap 8/1000 ===

Chosen filter -> Eg_strong/Eg_weak >= 1.09, data_quantity >= 9 | CV acc=0.9535, CV bin acc=0.9864, n_rows(dedup)=1032 | OOB acc=0.8865, OOB bin acc=0.9622, n_rows_test(dedup)=423 |
OOB cameras: ['delta_junction', 'hyytiala', 'underc', 'underhill', 'varrio', 'willowcreek', 'wslcreek']
OOB n=479 | RMSE=0.1871 | Bias=0.0195 | FracRMSE=0.3229 | FracBias=0.0535 | NoneBias=0.0565 | FullBias=-0.0249
Aspect split eligible OOB rows (north/south facing fraction threshold = 0.75): 85 / 479
north_dominated OOB n=79 | RMSE=0.1484 | Bias=-0.0071 | FracRMSE=0.3248 | FracBias=-0.0900 | NoneBias=0.0289 | FullBias=0.0000
south_dominated OOB n=6 | RMSE=0.0000 | Bias=0.0000 | FracRMSE=nan | FracBias=nan | NoneBias=0.0000 | FullBias=0.0000
Low-gradient eligible OOB rows (gradient_p84 <= 4.0): 28 / 479
low_gradient_p84 OOB n=28 | RMSE=0.1784 | Bias=-0.0184 | FracRMSE=0.2252 | FracBias=-0.0919 | NoneBias=0.0624 | FullBias=-0.0404
5.93s

=== Bootstrap 9/1000 ===

Chosen filter -> Eg_strong/Eg_weak >= 1.05, data_quantity >= 13 | CV acc=0.9053, CV bin acc=0.9322, n_rows(dedup)=1003 | OOB acc=0.8995, OOB bin acc=0.9616, n_rows_test(dedup)=547 |
OOB cameras: ['hyytiala', 'lacclair', 'old_jack_pine', 'queens', 'sodankyla_full', 'torgnon', 'underc', 'varrio', 'wslcreek']
OOB n=626 | RMSE=0.1196 | Bias=-0.0015 | FracRMSE=0.2658 | FracBias=-0.0532 | NoneBias=0.0216 | FullBias=-0.0150
Aspect split eligible OOB rows (north/south facing fraction threshold = 0.75): 59 / 626
north_dominated OOB n=48 | RMSE=0.0470 | Bias=0.0064 | FracRMSE=0.2304 | FracBias=0.1526 | NoneBias=0.0000 | FullBias=0.0000
south_dominated OOB n=11 | RMSE=0.1188 | Bias=-0.0358 | FracRMSE=0.3939 | FracBias=-0.3939 | NoneBias=0.0000 | FullBias=0.0000
Low-gradient eligible OOB rows (gradient_p84 <= 4.0): 71 / 626
low_gradient_p84 OOB n=71 | RMSE=0.0935 | Bias=-0.0014 | FracRMSE=0.2599 | FracBias=-0.1399 | NoneBias=0.0226 | FullBias=0.0000
5.98s

=== Bootstrap 10/1000 ===

Chosen filter -> Eg_strong/Eg_weak >= 1.15, data_quantity >= 11 | CV acc=0.9239, CV bin acc=0.9816, n_rows(dedup)=1143 | OOB acc=0.8805, OOB bin acc=0.9727, n_rows_test(dedup)=293 |
OOB cameras: ['marcell_MN', 'old_jack_pine', 'queens', 'torgnon', 'underc', 'underhill', 'wslcreek']
OOB n=334 | RMSE=0.1582 | Bias=0.0045 | FracRMSE=0.2854 | FracBias=-0.0600 | NoneBias=0.0451 | FullBias=-0.0128
Aspect split eligible OOB rows (north/south facing fraction threshold = 0.75): 28 / 334
north_dominated OOB n=21 | RMSE=0.1017 | Bias=0.0304 | FracRMSE=0.2330 | FracBias=0.1545 | NoneBias=0.3294 | FullBias=0.0000
south_dominated OOB n=7 | RMSE=0.1438 | Bias=-0.0543 | FracRMSE=0.3804 | FracBias=-0.3804 | NoneBias=0.0000 | FullBias=0.0000
Low-gradient eligible OOB rows (gradient_p84 <= 4.0): 40 / 334
low_gradient_p84 OOB n=40 | RMSE=0.1313 | Bias=-0.0281 | FracRMSE=0.3354 | FracBias=-0.2162 | NoneBias=0.0076 | FullBias=-0.0022
6.05s

=== Bootstrap 11/1000 ===

Chosen filter -> Eg_strong/Eg_weak >= 1.09, data_quantity >= 17 | CV acc=0.9501, CV bin acc=0.9806, n_rows(dedup)=1083 | OOB acc=0.8880, OOB bin acc=0.9846, n_rows_test(dedup)=259 |
OOB cameras: ['delta_junction', 'kenttarova', 'lacclair', 'tammela', 'torgnon', 'underc', 'underhill']
OOB n=347 | RMSE=0.1470 | Bias=0.0099 | FracRMSE=0.2580 | FracBias=0.0025 | NoneBias=0.0284 | FullBias=-0.0043
Aspect split eligible OOB rows (north/south facing fraction threshold = 0.75): 76 / 347
north_dominated OOB n=62 | RMSE=0.1405 | Bias=-0.0091 | FracRMSE=0.2457 | FracBias=-0.0625 | NoneBias=0.0250 | FullBias=0.0000
south_dominated OOB n=14 | RMSE=0.0163 | Bias=0.0050 | FracRMSE=0.0430 | FracBias=0.0350 | NoneBias=0.0000 | FullBias=0.0000
Low-gradient eligible OOB rows (gradient_p84 <= 4.0): 28 / 347
low_gradient_p84 OOB n=28 | RMSE=0.1130 | Bias=-0.0106 | FracRMSE=0.1994 | FracBias=-0.0329 | NoneBias=0.0000 | FullBias=0.0000
6.08s

=== Bootstrap 12/1000 ===

Chosen filter -> Eg_strong/Eg_weak >= 1.05, data_quantity >= 16 | CV acc=0.9532, CV bin acc=0.9814, n_rows(dedup)=1238 | OOB acc=0.8588, OOB bin acc=0.9824, n_rows_test(dedup)=170 |
OOB cameras: ['marcell_MN', 'queens', 'torgnon', 'underc', 'underhill', 'wslcreek']
OOB n=190 | RMSE=0.1551 | Bias=0.0196 | FracRMSE=0.2763 | FracBias=-0.0007 | NoneBias=0.0668 | FullBias=-0.0037
Aspect split eligible OOB rows (north/south facing fraction threshold = 0.75): 23 / 190
north_dominated OOB n=20 | RMSE=0.1301 | Bias=0.0401 | FracRMSE=0.2768 | FracBias=0.1855 | NoneBias=0.4303 | FullBias=0.0000
south_dominated OOB n=3 | RMSE=0.0000 | Bias=0.0000 | FracRMSE=nan | FracBias=nan | NoneBias=nan | FullBias=0.0000
Low-gradient eligible OOB rows (gradient_p84 <= 4.0): 0 / 190
low_gradient_p84 OOB n=0 | RMSE=nan | Bias=nan | FracRMSE=nan | FracBias=nan | NoneBias=nan | FullBias=nan
6.23s

=== Bootstrap 13/1000 ===

Chosen filter -> Eg_strong/Eg_weak >= 1.05, data_quantity >= 17 | CV acc=0.9266, CV bin acc=0.9799, n_rows(dedup)=1144 | OOB acc=0.9474, OOB bin acc=0.9763, n_rows_test(dedup)=380 |
OOB cameras: ['kenttarova', 'lacclair', 'marcell_MN', 'queens', 'sodankyla_full', 'tammela', 'torgnon', 'underhill', 'willowcreek']
OOB n=430 | RMSE=0.1383 | Bias=0.0020 | FracRMSE=0.1800 | FracBias=-0.0549 | NoneBias=0.0374 | FullBias=-0.0255
Aspect split eligible OOB rows (north/south facing fraction threshold = 0.75): 51 / 430
north_dominated OOB n=35 | RMSE=0.0703 | Bias=0.0171 | FracRMSE=0.0430 | FracBias=0.0350 | NoneBias=0.0409 | FullBias=-0.0034
south_dominated OOB n=16 | RMSE=0.0152 | Bias=0.0044 | FracRMSE=0.0430 | FracBias=0.0350 | NoneBias=0.0000 | FullBias=0.0000
Low-gradient eligible OOB rows (gradient_p84 <= 4.0): 39 / 430
low_gradient_p84 OOB n=39 | RMSE=0.1209 | Bias=-0.0023 | FracRMSE=0.1716 | FracBias=-0.0876 | NoneBias=0.0412 | FullBias=-0.0387
6.14s

=== Bootstrap 14/1000 ===

Chosen filter -> Eg_strong/Eg_weak >= 1.18, data_quantity >= 11 | CV acc=0.9239, CV bin acc=0.9746, n_rows(dedup)=828 | OOB acc=0.9531, OOB bin acc=1.0000, n_rows_test(dedup)=320 |
OOB cameras: ['oregon_yp', 'queens', 'sodankyla_full', 'wslcreek']
OOB n=342 | RMSE=0.1150 | Bias=0.0345 | FracRMSE=0.2301 | FracBias=-0.1354 | NoneBias=0.0745 | FullBias=-0.0043
Aspect split eligible OOB rows (north/south facing fraction threshold = 0.75): 29 / 342
north_dominated OOB n=25 | RMSE=0.0863 | Bias=0.0176 | FracRMSE=0.3045 | FracBias=0.2051 | NoneBias=0.0060 | FullBias=0.0000
south_dominated OOB n=4 | RMSE=0.0000 | Bias=0.0000 | FracRMSE=nan | FracBias=nan | NoneBias=0.0000 | FullBias=0.0000
Low-gradient eligible OOB rows (gradient_p84 <= 4.0): 128 / 342
low_gradient_p84 OOB n=128 | RMSE=0.1446 | Bias=0.0684 | FracRMSE=0.2461 | FracBias=-0.2074 | NoneBias=0.1021 | FullBias=0.0000
5.15s

=== Bootstrap 15/1000 ===

Chosen filter -> Eg_strong/Eg_weak >= 1.28, data_quantity >= 17 | CV acc=0.8953, CV bin acc=0.9539, n_rows(dedup)=716 | OOB acc=0.8978, OOB bin acc=0.9918, n_rows_test(dedup)=489 |
OOB cameras: ['delta_junction', 'hyytiala', 'marcell_MN', 'old_jack_pine', 'sodankyla_full', 'torgnon', 'underhill', 'varrio']
OOB n=546 | RMSE=0.1145 | Bias=0.0031 | FracRMSE=0.3294 | FracBias=0.0044 | NoneBias=0.0088 | FullBias=-0.0038
Aspect split eligible OOB rows (north/south facing fraction threshold = 0.75): 64 / 546
north_dominated OOB n=59 | RMSE=0.1599 | Bias=-0.0104 | FracRMSE=0.3681 | FracBias=-0.0684 | NoneBias=0.0059 | FullBias=0.0000
south_dominated OOB n=5 | RMSE=0.0000 | Bias=0.0000 | FracRMSE=nan | FracBias=nan | NoneBias=0.0000 | FullBias=0.0000
Low-gradient eligible OOB rows (gradient_p84 <= 4.0): 85 / 546
low_gradient_p84 OOB n=85 | RMSE=0.1138 | Bias=-0.0037 | FracRMSE=0.2748 | FracBias=-0.0403 | NoneBias=0.0058 | FullBias=0.0000
5.19s

=== Bootstrap 16/1000 ===

Chosen filter -> Eg_strong/Eg_weak >= 1.09, data_quantity >= 14 | CV acc=0.9254, CV bin acc=0.9767, n_rows(dedup)=1032 | OOB acc=0.9607, OOB bin acc=0.9738, n_rows_test(dedup)=229 |
OOB cameras: ['hyytiala', 'kenttarova', 'lacclair', 'tammela']
OOB n=277 | RMSE=0.0765 | Bias=-0.0104 | FracRMSE=0.1210 | FracBias=-0.0222 | NoneBias=0.0056 | FullBias=-0.0347
Aspect split eligible OOB rows (north/south facing fraction threshold = 0.75): 43 / 277
north_dominated OOB n=29 | RMSE=0.0247 | Bias=0.0104 | FracRMSE=0.0400 | FracBias=0.0314 | NoneBias=0.0115 | FullBias=0.0000
south_dominated OOB n=14 | RMSE=0.0164 | Bias=0.0043 | FracRMSE=0.0355 | FracBias=0.0203 | NoneBias=0.0000 | FullBias=0.0000
Low-gradient eligible OOB rows (gradient_p84 <= 4.0): 8 / 277
low_gradient_p84 OOB n=8 | RMSE=0.0215 | Bias=0.0063 | FracRMSE=0.0429 | FracBias=0.0254 | NoneBias=0.0000 | FullBias=0.0000
5.71s

=== Bootstrap 17/1000 ===

Chosen filter -> Eg_strong/Eg_weak >= 1.05, data_quantity >= 16 | CV acc=0.9137, CV bin acc=0.9763, n_rows(dedup)=927 | OOB acc=0.9628, OOB bin acc=0.9953, n_rows_test(dedup)=215 |
OOB cameras: ['glees', 'oregon_yp', 'wslcreek']
OOB n=234 | RMSE=0.1332 | Bias=0.0601 | FracRMSE=0.2074 | FracBias=-0.1208 | NoneBias=0.1111 | FullBias=-0.0106
Aspect split eligible OOB rows (north/south facing fraction threshold = 0.75): 33 / 234
north_dominated OOB n=19 | RMSE=0.0792 | Bias=0.0177 | FracRMSE=0.2440 | FracBias=0.1623 | NoneBias=0.0110 | FullBias=0.0000
south_dominated OOB n=14 | RMSE=0.0524 | Bias=0.0198 | FracRMSE=nan | FracBias=nan | NoneBias=0.0924 | FullBias=0.0000
Low-gradient eligible OOB rows (gradient_p84 <= 4.0): 98 / 234
low_gradient_p84 OOB n=98 | RMSE=0.1555 | Bias=0.0929 | FracRMSE=0.2289 | FracBias=-0.1981 | NoneBias=0.1188 | FullBias=nan
5.64s

=== Bootstrap 18/1000 ===

Chosen filter -> Eg_strong/Eg_weak >= 1.27, data_quantity >= 17 | CV acc=0.9592, CV bin acc=0.9822, n_rows(dedup)=785 | OOB acc=0.9296, OOB bin acc=0.9972, n_rows_test(dedup)=355 |
OOB cameras: ['delta_junction', 'oregon_yp', 'sodankyla_full', 'underc']
OOB n=413 | RMSE=0.1461 | Bias=0.0275 | FracRMSE=0.2815 | FracBias=-0.0462 | NoneBias=0.0602 | FullBias=-0.0042
Aspect split eligible OOB rows (north/south facing fraction threshold = 0.75): 41 / 413
north_dominated OOB n=40 | RMSE=0.1494 | Bias=-0.0142 | FracRMSE=0.2823 | FracBias=-0.0635 | NoneBias=0.0072 | FullBias=0.0000
south_dominated OOB n=1 | RMSE=0.0000 | Bias=0.0000 | FracRMSE=nan | FracBias=nan | NoneBias=0.0000 | FullBias=nan
Low-gradient eligible OOB rows (gradient_p84 <= 4.0): 146 / 413
low_gradient_p84 OOB n=146 | RMSE=0.1341 | Bias=0.0482 | FracRMSE=0.2275 | FracBias=-0.1054 | NoneBias=0.0809 | FullBias=0.0000
6.13s

=== Bootstrap 19/1000 ===

Chosen filter -> Eg_strong/Eg_weak >= 1.18, data_quantity >= 15 | CV acc=0.9462, CV bin acc=0.9863, n_rows(dedup)=948 | OOB acc=0.9270, OOB bin acc=0.9619, n_rows_test(dedup)=315 |
OOB cameras: ['hyytiala', 'lacclair', 'queens', 'sodankyla_full', 'willowcreek', 'wslcreek']
OOB n=349 | RMSE=0.1497 | Bias=0.0084 | FracRMSE=0.2934 | FracBias=0.0169 | NoneBias=0.0437 | FullBias=-0.0286
Aspect split eligible OOB rows (north/south facing fraction threshold = 0.75): 32 / 349
north_dominated OOB n=26 | RMSE=0.0898 | Bias=0.0168 | FracRMSE=0.3237 | FracBias=0.2186 | NoneBias=0.0000 | FullBias=0.0000
south_dominated OOB n=6 | RMSE=0.0000 | Bias=0.0000 | FracRMSE=nan | FracBias=nan | NoneBias=0.0000 | FullBias=0.0000
Low-gradient eligible OOB rows (gradient_p84 <= 4.0): 32 / 349
low_gradient_p84 OOB n=32 | RMSE=0.1496 | Bias=0.0014 | FracRMSE=0.2165 | FracBias=-0.2165 | NoneBias=0.0626 | FullBias=-0.0423
5.78s

=== Bootstrap 20/1000 ===

Chosen filter -> Eg_strong/Eg_weak >= 1.05, data_quantity >= 9 | CV acc=0.9406, CV bin acc=0.9743, n_rows(dedup)=1010 | OOB acc=0.9421, OOB bin acc=0.9960, n_rows_test(dedup)=501 |
OOB cameras: ['glees', 'lacclair', 'old_jack_pine', 'oregon_yp', 'sodankyla_full', 'torgnon', 'wslcreek']
OOB n=577 | RMSE=0.1322 | Bias=0.0330 | FracRMSE=0.2584 | FracBias=-0.0692 | NoneBias=0.0771 | FullBias=-0.0022
Aspect split eligible OOB rows (north/south facing fraction threshold = 0.75): 55 / 577
north_dominated OOB n=30 | RMSE=0.0927 | Bias=0.0174 | FracRMSE=0.3582 | FracBias=0.2431 | NoneBias=0.0061 | FullBias=0.0000
south_dominated OOB n=25 | RMSE=0.0417 | Bias=0.0033 | FracRMSE=0.1382 | FracBias=-0.1382 | NoneBias=0.0553 | FullBias=0.0000
Low-gradient eligible OOB rows (gradient_p84 <= 4.0): 170 / 577
low_gradient_p84 OOB n=170 | RMSE=0.1490 | Bias=0.0610 | FracRMSE=0.2456 | FracBias=-0.1735 | NoneBias=0.0995 | FullBias=-0.0025
5.31s

=== Bootstrap 21/1000 ===

Chosen filter -> Eg_strong/Eg_weak >= 1.05, data_quantity >= 17 | CV acc=0.9262, CV bin acc=0.9659, n_rows(dedup)=908 | OOB acc=0.9496, OOB bin acc=0.9894, n_rows_test(dedup)=377 |
OOB cameras: ['lacclair', 'marcell_MN', 'old_jack_pine', 'oregon_yp', 'queens', 'underc', 'underhill']
OOB n=457 | RMSE=0.1704 | Bias=0.0537 | FracRMSE=0.2698 | FracBias=-0.0186 | NoneBias=0.0982 | FullBias=-0.0017
Aspect split eligible OOB rows (north/south facing fraction threshold = 0.75): 8 / 457
north_dominated OOB n=5 | RMSE=0.2161 | Bias=0.0966 | FracRMSE=nan | FracBias=nan | NoneBias=0.2416 | FullBias=0.0000
south_dominated OOB n=3 | RMSE=0.0000 | Bias=0.0000 | FracRMSE=nan | FracBias=nan | NoneBias=nan | FullBias=0.0000
Low-gradient eligible OOB rows (gradient_p84 <= 4.0): 135 / 457
low_gradient_p84 OOB n=135 | RMSE=0.1789 | Bias=0.0963 | FracRMSE=0.2357 | FracBias=-0.1444 | NoneBias=0.1305 | FullBias=0.0000
5.53s

=== Bootstrap 22/1000 ===

Chosen filter -> Eg_strong/Eg_weak >= 1.05, data_quantity >= 13 | CV acc=0.9337, CV bin acc=0.9807, n_rows(dedup)=1192 | OOB acc=0.9231, OOB bin acc=0.9615, n_rows_test(dedup)=182 |
OOB cameras: ['bartlett', 'kenttarova', 'lacclair', 'underhill', 'varrio']
OOB n=245 | RMSE=0.1783 | Bias=-0.0250 | FracRMSE=0.3475 | FracBias=-0.1706 | NoneBias=0.0355 | FullBias=-0.0177
Aspect split eligible OOB rows (north/south facing fraction threshold = 0.75): 90 / 245
north_dominated OOB n=64 | RMSE=0.2126 | Bias=-0.0541 | FracRMSE=0.4022 | FracBias=-0.2152 | NoneBias=0.0171 | FullBias=-0.0370
south_dominated OOB n=26 | RMSE=0.2361 | Bias=-0.0625 | FracRMSE=0.5383 | FracBias=-0.3248 | NoneBias=0.0000 | FullBias=0.0000
Low-gradient eligible OOB rows (gradient_p84 <= 4.0): 10 / 245
low_gradient_p84 OOB n=10 | RMSE=0.0191 | Bias=0.0066 | FracRMSE=0.0426 | FracBias=0.0330 | NoneBias=0.0000 | FullBias=0.0000
6.01s

=== Bootstrap 23/1000 ===

Chosen filter -> Eg_strong/Eg_weak >= 1.05, data_quantity >= 17 | CV acc=0.9312, CV bin acc=0.9612, n_rows(dedup)=1133 | OOB acc=0.8893, OOB bin acc=0.9618, n_rows_test(dedup)=262 |
OOB cameras: ['bartlett', 'delta_junction', 'lacclair', 'old_jack_pine', 'underc', 'underhill']
OOB n=360 | RMSE=0.2417 | Bias=-0.0158 | FracRMSE=0.4359 | FracBias=-0.0923 | NoneBias=0.0287 | FullBias=-0.0194
Aspect split eligible OOB rows (north/south facing fraction threshold = 0.75): 56 / 360
north_dominated OOB n=46 | RMSE=0.3678 | Bias=-0.1069 | FracRMSE=0.5492 | FracBias=-0.2083 | NoneBias=0.0000 | FullBias=-0.1250
south_dominated OOB n=10 | RMSE=0.3801 | Bias=-0.1700 | FracRMSE=0.8500 | FracBias=-0.8500 | NoneBias=0.0000 | FullBias=0.0000
Low-gradient eligible OOB rows (gradient_p84 <= 4.0): 59 / 360
low_gradient_p84 OOB n=59 | RMSE=0.1718 | Bias=0.0015 | FracRMSE=0.3659 | FracBias=0.0067 | NoneBias=0.0000 | FullBias=0.0000
5.98s

=== Bootstrap 24/1000 ===

Chosen filter -> Eg_strong/Eg_weak >= 1.05, data_quantity >= 16 | CV acc=0.9367, CV bin acc=0.9679, n_rows(dedup)=1154 | OOB acc=0.9307, OOB bin acc=0.9707, n_rows_test(dedup)=375 |
OOB cameras: ['bartlett', 'delta_junction', 'lacclair', 'old_jack_pine', 'queens', 'sodankyla_full', 'wslcreek']
OOB n=465 | RMSE=0.1813 | Bias=-0.0167 | FracRMSE=0.4107 | FracBias=-0.0969 | NoneBias=0.0084 | FullBias=-0.0131
Aspect split eligible OOB rows (north/south facing fraction threshold = 0.75): 81 / 465
north_dominated OOB n=68 | RMSE=0.2897 | Bias=-0.0770 | FracRMSE=0.4815 | FracBias=-0.2022 | NoneBias=0.0000 | FullBias=-0.0606
south_dominated OOB n=13 | RMSE=0.3334 | Bias=-0.1308 | FracRMSE=0.8500 | FracBias=-0.8500 | NoneBias=0.0000 | FullBias=0.0000
Low-gradient eligible OOB rows (gradient_p84 <= 4.0): 89 / 465
low_gradient_p84 OOB n=89 | RMSE=0.1227 | Bias=-0.0044 | FracRMSE=0.2989 | FracBias=-0.0261 | NoneBias=0.0001 | FullBias=0.0000
6.0s

=== Bootstrap 25/1000 ===

Chosen filter -> Eg_strong/Eg_weak >= 1.05, data_quantity >= 9 | CV acc=0.9391, CV bin acc=0.9863, n_rows(dedup)=1165 | OOB acc=0.8996, OOB bin acc=0.9554, n_rows_test(dedup)=269 |
OOB cameras: ['bartlett', 'delta_junction', 'lacclair', 'old_jack_pine', 'willowcreek']
OOB n=361 | RMSE=0.2265 | Bias=-0.0142 | FracRMSE=0.4114 | FracBias=-0.0986 | NoneBias=0.0342 | FullBias=-0.0273
Aspect split eligible OOB rows (north/south facing fraction threshold = 0.75): 56 / 361
north_dominated OOB n=46 | RMSE=0.3346 | Bias=-0.1229 | FracRMSE=0.5050 | FracBias=-0.2723 | NoneBias=0.0000 | FullBias=-0.1046
south_dominated OOB n=10 | RMSE=0.3801 | Bias=-0.1700 | FracRMSE=0.8500 | FracBias=-0.8500 | NoneBias=0.0000 | FullBias=0.0000
Low-gradient eligible OOB rows (gradient_p84 <= 4.0): 69 / 361
low_gradient_p84 OOB n=69 | RMSE=0.1318 | Bias=-0.0155 | FracRMSE=0.2908 | FracBias=-0.0794 | NoneBias=0.0028 | FullBias=-0.0035
5.99s

=== Bootstrap 26/1000 ===

Chosen filter -> Eg_strong/Eg_weak >= 1.18, data_quantity >= 11 | CV acc=0.9424, CV bin acc=0.9808, n_rows(dedup)=938 | OOB acc=0.8861, OOB bin acc=0.9786, n_rows_test(dedup)=281 |
OOB cameras: ['glees', 'hyytiala', 'sodankyla_full', 'underhill']
OOB n=284 | RMSE=0.1022 | Bias=0.0070 | FracRMSE=0.2487 | FracBias=-0.2450 | NoneBias=0.0318 | FullBias=-0.0165
Aspect split eligible OOB rows (north/south facing fraction threshold = 0.75): 28 / 284
north_dominated OOB n=10 | RMSE=0.1260 | Bias=0.0399 | FracRMSE=nan | FracBias=nan | NoneBias=0.0664 | FullBias=0.0000
south_dominated OOB n=18 | RMSE=0.0187 | Bias=0.0060 | FracRMSE=nan | FracBias=nan | NoneBias=0.0216 | FullBias=0.0000
Low-gradient eligible OOB rows (gradient_p84 <= 4.0): 29 / 284
low_gradient_p84 OOB n=29 | RMSE=0.0637 | Bias=0.0063 | FracRMSE=0.1879 | FracBias=-0.1879 | NoneBias=0.0285 | FullBias=0.0000
6.49s

=== Bootstrap 27/1000 ===

Chosen filter -> Eg_strong/Eg_weak >= 1.05, data_quantity >= 9 | CV acc=0.9491, CV bin acc=0.9792, n_rows(dedup)=963 | OOB acc=0.8881, OOB bin acc=0.9810, n_rows_test(dedup)=420 |
OOB cameras: ['delta_junction', 'kenttarova', 'sodankyla_full', 'underc', 'underhill', 'varrio']
OOB n=494 | RMSE=0.1644 | Bias=0.0144 | FracRMSE=0.3275 | FracBias=0.0596 | NoneBias=0.0284 | FullBias=-0.0082
Aspect split eligible OOB rows (north/south facing fraction threshold = 0.75): 111 / 494
north_dominated OOB n=93 | RMSE=0.1395 | Bias=-0.0023 | FracRMSE=0.3086 | FracBias=-0.0118 | NoneBias=0.0003 | FullBias=0.0000
south_dominated OOB n=18 | RMSE=0.0201 | Bias=0.0072 | FracRMSE=0.0493 | FracBias=0.0433 | NoneBias=0.0000 | FullBias=0.0000
Low-gradient eligible OOB rows (gradient_p84 <= 4.0): 62 / 494
low_gradient_p84 OOB n=62 | RMSE=0.1161 | Bias=0.0143 | FracRMSE=0.2715 | FracBias=0.0664 | NoneBias=0.0063 | FullBias=0.0000
5.17s

=== Bootstrap 28/1000 ===

Chosen filter -> Eg_strong/Eg_weak >= 1.20, data_quantity >= 11 | CV acc=0.9144, CV bin acc=0.9743, n_rows(dedup)=818 | OOB acc=0.8384, OOB bin acc=0.9865, n_rows_test(dedup)=297 |
OOB cameras: ['delta_junction', 'marcell_MN', 'old_jack_pine', 'queens', 'underc']
OOB n=364 | RMSE=0.1838 | Bias=0.0134 | FracRMSE=0.3714 | FracBias=0.0308 | NoneBias=0.0210 | FullBias=-0.0027
Aspect split eligible OOB rows (north/south facing fraction threshold = 0.75): 34 / 364
north_dominated OOB n=33 | RMSE=0.2277 | Bias=-0.0256 | FracRMSE=0.3944 | FracBias=-0.0768 | NoneBias=0.0000 | FullBias=0.0000
south_dominated OOB n=1 | RMSE=0.0000 | Bias=0.0000 | FracRMSE=nan | FracBias=nan | NoneBias=nan | FullBias=0.0000
Low-gradient eligible OOB rows (gradient_p84 <= 4.0): 63 / 364
low_gradient_p84 OOB n=63 | RMSE=0.1476 | Bias=-0.0081 | FracRMSE=0.3130 | FracBias=-0.0367 | NoneBias=0.0000 | FullBias=0.0000
5.83s

=== Bootstrap 29/1000 ===

Chosen filter -> Eg_strong/Eg_weak >= 1.25, data_quantity >= 16 | CV acc=0.9434, CV bin acc=0.9805, n_rows(dedup)=1025 | OOB acc=0.9453, OOB bin acc=1.0000, n_rows_test(dedup)=256 |
OOB cameras: ['delta_junction', 'marcell_MN', 'oregon_yp', 'torgnon']
OOB n=303 | RMSE=0.1363 | Bias=0.0241 | FracRMSE=0.2730 | FracBias=-0.0758 | NoneBias=0.0606 | FullBias=-0.0087
Aspect split eligible OOB rows (north/south facing fraction threshold = 0.75): 35 / 303
north_dominated OOB n=34 | RMSE=0.1569 | Bias=-0.0219 | FracRMSE=0.2731 | FracBias=-0.0794 | NoneBias=0.0092 | FullBias=0.0000
south_dominated OOB n=1 | RMSE=0.0000 | Bias=0.0000 | FracRMSE=nan | FracBias=nan | NoneBias=nan | FullBias=0.0000
Low-gradient eligible OOB rows (gradient_p84 <= 4.0): 120 / 303
low_gradient_p84 OOB n=120 | RMSE=0.1399 | Bias=0.0546 | FracRMSE=0.2251 | FracBias=-0.1155 | NoneBias=0.0857 | FullBias=0.0000
5.85s

=== Bootstrap 30/1000 ===

Chosen filter -> Eg_strong/Eg_weak >= 1.05, data_quantity >= 17 | CV acc=0.9123, CV bin acc=0.9704, n_rows(dedup)=844 | OOB acc=0.9730, OOB bin acc=0.9970, n_rows_test(dedup)=333 |
OOB cameras: ['marcell_MN', 'old_jack_pine', 'sodankyla_full', 'tammela']
OOB n=356 | RMSE=0.0979 | Bias=-0.0045 | FracRMSE=0.3194 | FracBias=-0.1063 | NoneBias=0.0083 | FullBias=-0.0058
Aspect split eligible OOB rows (north/south facing fraction threshold = 0.75): 7 / 356
north_dominated OOB n=6 | RMSE=0.0000 | Bias=0.0000 | FracRMSE=nan | FracBias=nan | NoneBias=0.0000 | FullBias=0.0000
south_dominated OOB n=1 | RMSE=0.0000 | Bias=0.0000 | FracRMSE=nan | FracBias=nan | NoneBias=0.0000 | FullBias=nan
Low-gradient eligible OOB rows (gradient_p84 <= 4.0): 66 / 356
low_gradient_p84 OOB n=66 | RMSE=0.1075 | Bias=-0.0187 | FracRMSE=0.3476 | FracBias=-0.2217 | NoneBias=0.0047 | FullBias=-0.0036
5.74s

=== Bootstrap 31/1000 ===

Chosen filter -> Eg_strong/Eg_weak >= 1.18, data_quantity >= 16 | CV acc=0.9020, CV bin acc=0.9535, n_rows(dedup)=796 | OOB acc=0.9443, OOB bin acc=0.9833, n_rows_test(dedup)=359 |
OOB cameras: ['hyytiala', 'marcell_MN', 'old_jack_pine', 'queens', 'tammela', 'underc']
OOB n=394 | RMSE=0.1269 | Bias=0.0072 | FracRMSE=0.3089 | FracBias=-0.0086 | NoneBias=0.0173 | FullBias=-0.0064
Aspect split eligible OOB rows (north/south facing fraction threshold = 0.75): 1 / 394
north_dominated OOB n=0 | RMSE=nan | Bias=nan | FracRMSE=nan | FracBias=nan | NoneBias=nan | FullBias=nan
south_dominated OOB n=1 | RMSE=0.0000 | Bias=0.0000 | FracRMSE=nan | FracBias=nan | NoneBias=nan | FullBias=0.0000
Low-gradient eligible OOB rows (gradient_p84 <= 4.0): 37 / 394
low_gradient_p84 OOB n=37 | RMSE=0.1230 | Bias=-0.0222 | FracRMSE=0.3038 | FracBias=-0.1546 | NoneBias=0.0046 | FullBias=0.0000
5.22s

=== Bootstrap 32/1000 ===

Chosen filter -> Eg_strong/Eg_weak >= 1.05, data_quantity >= 15 | CV acc=0.8998, CV bin acc=0.9585, n_rows(dedup)=868 | OOB acc=0.9554, OOB bin acc=0.9953, n_rows_test(dedup)=426 |
OOB cameras: ['delta_junction', 'marcell_MN', 'sodankyla_full', 'tammela', 'underhill', 'varrio', 'wslcreek']
OOB n=470 | RMSE=0.1024 | Bias=0.0037 | FracRMSE=0.2885 | FracBias=-0.0025 | NoneBias=0.0137 | FullBias=-0.0037
Aspect split eligible OOB rows (north/south facing fraction threshold = 0.75): 89 / 470
north_dominated OOB n=82 | RMSE=0.1240 | Bias=-0.0058 | FracRMSE=0.2878 | FracBias=-0.0734 | NoneBias=0.0200 | FullBias=0.0000
south_dominated OOB n=7 | RMSE=0.0000 | Bias=0.0000 | FracRMSE=nan | FracBias=nan | NoneBias=0.0000 | FullBias=0.0000
Low-gradient eligible OOB rows (gradient_p84 <= 4.0): 50 / 470
low_gradient_p84 OOB n=50 | RMSE=0.0916 | Bias=-0.0042 | FracRMSE=0.1920 | FracBias=-0.0635 | NoneBias=0.0173 | FullBias=0.0000
5.58s

=== Bootstrap 33/1000 ===

Chosen filter -> Eg_strong/Eg_weak >= 1.05, data_quantity >= 16 | CV acc=0.9190, CV bin acc=0.9792, n_rows(dedup)=1012 | OOB acc=0.9554, OOB bin acc=0.9703, n_rows_test(dedup)=269 |
OOB cameras: ['hyytiala', 'lacclair', 'oregon_yp', 'queens', 'torgnon']
OOB n=316 | RMSE=0.1211 | Bias=0.0304 | FracRMSE=0.2012 | FracBias=-0.1584 | NoneBias=0.0690 | FullBias=-0.0451
Aspect split eligible OOB rows (north/south facing fraction threshold = 0.75): 7 / 316
north_dominated OOB n=3 | RMSE=0.0000 | Bias=0.0000 | FracRMSE=nan | FracBias=nan | NoneBias=0.0000 | FullBias=0.0000
south_dominated OOB n=4 | RMSE=0.0000 | Bias=0.0000 | FracRMSE=nan | FracBias=nan | NoneBias=nan | FullBias=0.0000
Low-gradient eligible OOB rows (gradient_p84 <= 4.0): 98 / 316
low_gradient_p84 OOB n=98 | RMSE=0.1547 | Bias=0.0923 | FracRMSE=0.2302 | FracBias=-0.1999 | NoneBias=0.1183 | FullBias=nan
6.04s

=== Bootstrap 34/1000 ===

Chosen filter -> Eg_strong/Eg_weak >= 1.18, data_quantity >= 15 | CV acc=0.9356, CV bin acc=0.9678, n_rows(dedup)=652 | OOB acc=0.8857, OOB bin acc=0.9932, n_rows_test(dedup)=586 |
OOB cameras: ['glees', 'old_jack_pine', 'oregon_yp', 'sodankyla_full', 'tammela', 'torgnon', 'underc', 'varrio']
OOB n=643 | RMSE=0.1244 | Bias=0.0244 | FracRMSE=0.2580 | FracBias=-0.0744 | NoneBias=0.0595 | FullBias=-0.0071
Aspect split eligible OOB rows (north/south facing fraction threshold = 0.75): 48 / 643
north_dominated OOB n=29 | RMSE=0.0075 | Bias=0.0014 | FracRMSE=nan | FracBias=nan | NoneBias=0.0037 | FullBias=0.0000
south_dominated OOB n=19 | RMSE=0.0164 | Bias=0.0052 | FracRMSE=nan | FracBias=nan | NoneBias=0.0249 | FullBias=0.0000
Low-gradient eligible OOB rows (gradient_p84 <= 4.0): 164 / 643
low_gradient_p84 OOB n=164 | RMSE=0.1418 | Bias=0.0594 | FracRMSE=0.2428 | FracBias=-0.1683 | NoneBias=0.0974 | FullBias=0.0000
4.7s

=== Bootstrap 35/1000 ===

Chosen filter -> Eg_strong/Eg_weak >= 1.05, data_quantity >= 13 | CV acc=0.9185, CV bin acc=0.9794, n_rows(dedup)=1362 | OOB acc=0.8947, OOB bin acc=0.9665, n_rows_test(dedup)=418 |
OOB cameras: ['bartlett', 'glees', 'marcell_MN', 'oregon_yp', 'tammela', 'underc', 'wslcreek']
OOB n=462 | RMSE=0.1713 | Bias=-0.0091 | FracRMSE=0.3693 | FracBias=-0.2310 | NoneBias=0.0521 | FullBias=-0.0450
Aspect split eligible OOB rows (north/south facing fraction threshold = 0.75): 54 / 462
north_dominated OOB n=29 | RMSE=0.3354 | Bias=-0.1413 | FracRMSE=0.5665 | FracBias=-0.4122 | NoneBias=0.0000 | FullBias=-0.0813
south_dominated OOB n=25 | RMSE=0.2406 | Bias=-0.0698 | FracRMSE=0.8500 | FracBias=-0.8500 | NoneBias=0.0001 | FullBias=-0.0023
Low-gradient eligible OOB rows (gradient_p84 <= 4.0): 99 / 462
low_gradient_p84 OOB n=99 | RMSE=0.1423 | Bias=0.0646 | FracRMSE=0.2668 | FracBias=-0.2336 | NoneBias=0.0908 | FullBias=nan
6.93s

=== Bootstrap 36/1000 ===

Chosen filter -> Eg_strong/Eg_weak >= 1.05, data_quantity >= 16 | CV acc=0.9082, CV bin acc=0.9745, n_rows(dedup)=980 | OOB acc=0.9689, OOB bin acc=0.9944, n_rows_test(dedup)=354 |
OOB cameras: ['marcell_MN', 'old_jack_pine', 'sodankyla_full', 'underhill', 'varrio']
OOB n=384 | RMSE=0.1102 | Bias=-0.0035 | FracRMSE=0.3200 | FracBias=-0.1356 | NoneBias=0.0177 | FullBias=-0.0062
Aspect split eligible OOB rows (north/south facing fraction threshold = 0.75): 32 / 384
north_dominated OOB n=28 | RMSE=0.0608 | Bias=0.0115 | FracRMSE=nan | FracBias=nan | NoneBias=0.0293 | FullBias=0.0000
south_dominated OOB n=4 | RMSE=0.0000 | Bias=0.0000 | FracRMSE=nan | FracBias=nan | NoneBias=0.0000 | FullBias=0.0000
Low-gradient eligible OOB rows (gradient_p84 <= 4.0): 67 / 384
low_gradient_p84 OOB n=67 | RMSE=0.1156 | Bias=-0.0236 | FracRMSE=0.3448 | FracBias=-0.2494 | NoneBias=0.0073 | FullBias=-0.0053
6.02s

=== Bootstrap 37/1000 ===

Chosen filter -> Eg_strong/Eg_weak >= 1.05, data_quantity >= 16 | CV acc=0.8941, CV bin acc=0.9579, n_rows(dedup)=878 | OOB acc=0.9719, OOB bin acc=0.9812, n_rows_test(dedup)=320 |
OOB cameras: ['kenttarova', 'lacclair', 'oregon_yp', 'queens', 'tammela', 'wslcreek']
OOB n=386 | RMSE=0.1046 | Bias=0.0294 | FracRMSE=0.1645 | FracBias=-0.0711 | NoneBias=0.0667 | FullBias=-0.0052
Aspect split eligible OOB rows (north/south facing fraction threshold = 0.75): 64 / 386
north_dominated OOB n=48 | RMSE=0.0536 | Bias=0.0148 | FracRMSE=0.1120 | FracBias=0.0576 | NoneBias=0.0238 | FullBias=0.0000
south_dominated OOB n=16 | RMSE=0.0153 | Bias=0.0047 | FracRMSE=0.0352 | FracBias=0.0250 | NoneBias=0.0000 | FullBias=0.0000
Low-gradient eligible OOB rows (gradient_p84 <= 4.0): 106 / 386
low_gradient_p84 OOB n=106 | RMSE=0.1545 | Bias=0.0898 | FracRMSE=0.2096 | FracBias=-0.1520 | NoneBias=0.1174 | FullBias=0.0000
5.39s

=== Bootstrap 38/1000 ===

Chosen filter -> Eg_strong/Eg_weak >= 1.18, data_quantity >= 16 | CV acc=0.9034, CV bin acc=0.9709, n_rows(dedup)=652 | OOB acc=0.9684, OOB bin acc=0.9895, n_rows_test(dedup)=474 |
OOB cameras: ['bartlett', 'delta_junction', 'hyytiala', 'old_jack_pine', 'oregon_yp', 'varrio']
OOB n=548 | RMSE=0.1467 | Bias=-0.0032 | FracRMSE=0.3753 | FracBias=-0.0815 | NoneBias=0.0147 | FullBias=-0.0077
Aspect split eligible OOB rows (north/south facing fraction threshold = 0.75): 68 / 548
north_dominated OOB n=60 | RMSE=0.2321 | Bias=-0.0466 | FracRMSE=0.4806 | FracBias=-0.1996 | NoneBias=0.0000 | FullBias=0.0000
south_dominated OOB n=8 | RMSE=0.3005 | Bias=-0.1062 | FracRMSE=0.8500 | FracBias=-0.8500 | NoneBias=nan | FullBias=0.0000
Low-gradient eligible OOB rows (gradient_p84 <= 4.0): 157 / 548
low_gradient_p84 OOB n=157 | RMSE=0.1246 | Bias=0.0053 | FracRMSE=0.2881 | FracBias=-0.1073 | NoneBias=0.0264 | FullBias=0.0000
4.98s

=== Bootstrap 39/1000 ===

Chosen filter -> Eg_strong/Eg_weak >= 1.25, data_quantity >= 15 | CV acc=0.9540, CV bin acc=0.9755, n_rows(dedup)=1022 | OOB acc=0.8893, OOB bin acc=0.9772, n_rows_test(dedup)=307 |
OOB cameras: ['bartlett', 'lacclair', 'marcell_MN', 'sodankyla_full', 'underc', 'varrio']
OOB n=363 | RMSE=0.1349 | Bias=-0.0146 | FracRMSE=0.3851 | FracBias=-0.2123 | NoneBias=0.0213 | FullBias=-0.0082
Aspect split eligible OOB rows (north/south facing fraction threshold = 0.75): 47 / 363
north_dominated OOB n=36 | RMSE=0.2046 | Bias=-0.0577 | FracRMSE=0.7089 | FracBias=-0.6927 | NoneBias=0.0000 | FullBias=0.0000
south_dominated OOB n=11 | RMSE=0.2563 | Bias=-0.0773 | FracRMSE=0.8500 | FracBias=-0.8500 | NoneBias=0.0000 | FullBias=0.0000
Low-gradient eligible OOB rows (gradient_p84 <= 4.0): 28 / 363
low_gradient_p84 OOB n=28 | RMSE=0.0306 | Bias=0.0017 | FracRMSE=0.0879 | FracBias=-0.0879 | NoneBias=0.0105 | FullBias=0.0000
6.11s

=== Bootstrap 40/1000 ===

Chosen filter -> Eg_strong/Eg_weak >= 1.18, data_quantity >= 13 | CV acc=0.9375, CV bin acc=0.9849, n_rows(dedup)=992 | OOB acc=0.8938, OOB bin acc=0.9670, n_rows_test(dedup)=273 |
OOB cameras: ['marcell_MN', 'queens', 'tammela', 'underc', 'underhill', 'willowcreek', 'wslcreek']
OOB n=292 | RMSE=0.1777 | Bias=0.0139 | FracRMSE=0.2659 | FracBias=-0.0131 | NoneBias=0.0646 | FullBias=-0.0261
Aspect split eligible OOB rows (north/south facing fraction threshold = 0.75): 25 / 292
north_dominated OOB n=21 | RMSE=0.1112 | Bias=0.0333 | FracRMSE=0.2523 | FracBias=0.1681 | NoneBias=0.3641 | FullBias=0.0000
south_dominated OOB n=4 | RMSE=0.0000 | Bias=0.0000 | FracRMSE=nan | FracBias=nan | NoneBias=0.0000 | FullBias=0.0000
Low-gradient eligible OOB rows (gradient_p84 <= 4.0): 4 / 292
low_gradient_p84 OOB n=4 | RMSE=0.2733 | Bias=-0.0220 | FracRMSE=nan | FracBias=nan | NoneBias=0.2046 | FullBias=-0.2485
5.93s

=== Bootstrap 41/1000 ===

Chosen filter -> Eg_strong/Eg_weak >= 1.18, data_quantity >= 16 | CV acc=0.9377, CV bin acc=0.9705, n_rows(dedup)=915 | OOB acc=0.9251, OOB bin acc=0.9948, n_rows_test(dedup)=387 |
OOB cameras: ['glees', 'marcell_MN', 'oregon_yp', 'queens', 'underc', 'varrio', 'wslcreek']
OOB n=428 | RMSE=0.1198 | Bias=0.0194 | FracRMSE=0.2632 | FracBias=-0.1101 | NoneBias=0.0592 | FullBias=-0.0022
Aspect split eligible OOB rows (north/south facing fraction threshold = 0.75): 57 / 428
north_dominated OOB n=39 | RMSE=0.0481 | Bias=0.0072 | FracRMSE=0.2124 | FracBias=0.1398 | NoneBias=0.0000 | FullBias=0.0000
south_dominated OOB n=18 | RMSE=0.0000 | Bias=0.0000 | FracRMSE=nan | FracBias=nan | NoneBias=0.0000 | FullBias=0.0000
Low-gradient eligible OOB rows (gradient_p84 <= 4.0): 98 / 428
low_gradient_p84 OOB n=98 | RMSE=0.1496 | Bias=0.0593 | FracRMSE=0.2849 | FracBias=-0.2398 | NoneBias=0.0859 | FullBias=nan
5.72s

=== Bootstrap 42/1000 ===

Chosen filter -> Eg_strong/Eg_weak >= 1.18, data_quantity >= 13 | CV acc=0.9135, CV bin acc=0.9839, n_rows(dedup)=809 | OOB acc=0.9690, OOB bin acc=0.9833, n_rows_test(dedup)=420 |
OOB cameras: ['marcell_MN', 'old_jack_pine', 'oregon_yp', 'varrio', 'willowcreek']
OOB n=465 | RMSE=0.1504 | Bias=0.0185 | FracRMSE=0.2760 | FracBias=-0.1265 | NoneBias=0.0589 | FullBias=-0.0191
Aspect split eligible OOB rows (north/south facing fraction threshold = 0.75): 26 / 465
north_dominated OOB n=23 | RMSE=0.0000 | Bias=0.0000 | FracRMSE=nan | FracBias=nan | NoneBias=0.0000 | FullBias=0.0000
south_dominated OOB n=3 | RMSE=0.0000 | Bias=0.0000 | FracRMSE=nan | FracBias=nan | NoneBias=nan | FullBias=0.0000
Low-gradient eligible OOB rows (gradient_p84 <= 4.0): 143 / 465
low_gradient_p84 OOB n=143 | RMSE=0.1404 | Bias=0.0314 | FracRMSE=0.2860 | FracBias=-0.2174 | NoneBias=0.0689 | FullBias=-0.0443
5.98s

=== Bootstrap 43/1000 ===

Chosen filter -> Eg_strong/Eg_weak >= 1.07, data_quantity >= 16 | CV acc=0.9259, CV bin acc=0.9735, n_rows(dedup)=1133 | OOB acc=0.9526, OOB bin acc=0.9741, n_rows_test(dedup)=232 |
OOB cameras: ['hyytiala', 'marcell_MN', 'queens', 'varrio']
OOB n=241 | RMSE=0.0641 | Bias=-0.0091 | FracRMSE=0.3141 | FracBias=-0.1908 | NoneBias=0.0035 | FullBias=-0.0195
Aspect split eligible OOB rows (north/south facing fraction threshold = 0.75): 24 / 241
north_dominated OOB n=20 | RMSE=0.0000 | Bias=0.0000 | FracRMSE=nan | FracBias=nan | NoneBias=0.0000 | FullBias=0.0000
south_dominated OOB n=4 | RMSE=0.0000 | Bias=0.0000 | FracRMSE=nan | FracBias=nan | NoneBias=nan | FullBias=0.0000
Low-gradient eligible OOB rows (gradient_p84 <= 4.0): 0 / 241
low_gradient_p84 OOB n=0 | RMSE=nan | Bias=nan | FracRMSE=nan | FracBias=nan | NoneBias=nan | FullBias=nan
6.25s

=== Bootstrap 44/1000 ===

Chosen filter -> Eg_strong/Eg_weak >= 1.05, data_quantity >= 17 | CV acc=0.9194, CV bin acc=0.9847, n_rows(dedup)=1241 | OOB acc=0.9170, OOB bin acc=0.9627, n_rows_test(dedup)=241 |
OOB cameras: ['lacclair', 'marcell_MN', 'queens', 'underhill', 'varrio', 'willowcreek', 'wslcreek']
OOB n=283 | RMSE=0.1618 | Bias=0.0025 | FracRMSE=0.2448 | FracBias=-0.0871 | NoneBias=0.0666 | FullBias=-0.0238
Aspect split eligible OOB rows (north/south facing fraction threshold = 0.75): 48 / 283
north_dominated OOB n=41 | RMSE=0.0755 | Bias=0.0162 | FracRMSE=0.2326 | FracBias=0.1542 | NoneBias=0.0506 | FullBias=0.0000
south_dominated OOB n=7 | RMSE=0.0000 | Bias=0.0000 | FracRMSE=nan | FracBias=nan | NoneBias=nan | FullBias=0.0000
Low-gradient eligible OOB rows (gradient_p84 <= 4.0): 4 / 283
low_gradient_p84 OOB n=4 | RMSE=0.3192 | Bias=-0.0781 | FracRMSE=nan | FracBias=nan | NoneBias=0.1959 | FullBias=-0.3521
6.39s

=== Bootstrap 45/1000 ===

Chosen filter -> Eg_strong/Eg_weak >= 1.28, data_quantity >= 14 | CV acc=0.9269, CV bin acc=0.9730, n_rows(dedup)=889 | OOB acc=0.9301, OOB bin acc=0.9913, n_rows_test(dedup)=572 |
OOB cameras: ['glees', 'hyytiala', 'kenttarova', 'oregon_yp', 'sodankyla_full', 'tammela', 'torgnon', 'varrio']
OOB n=614 | RMSE=0.0978 | Bias=0.0195 | FracRMSE=0.1768 | FracBias=-0.0993 | NoneBias=0.0527 | FullBias=-0.0141
Aspect split eligible OOB rows (north/south facing fraction threshold = 0.75): 86 / 614
north_dominated OOB n=53 | RMSE=0.0276 | Bias=0.0101 | FracRMSE=0.0400 | FracBias=0.0314 | NoneBias=0.0217 | FullBias=-0.0003
south_dominated OOB n=33 | RMSE=0.0774 | Bias=0.0052 | FracRMSE=0.1675 | FracBias=-0.0755 | NoneBias=0.0678 | FullBias=0.0000
Low-gradient eligible OOB rows (gradient_p84 <= 4.0): 136 / 614
low_gradient_p84 OOB n=136 | RMSE=0.1266 | Bias=0.0498 | FracRMSE=0.2314 | FracBias=-0.1851 | NoneBias=0.0823 | FullBias=0.0000
6.03s

=== Bootstrap 46/1000 ===

Chosen filter -> Eg_strong/Eg_weak >= 1.21, data_quantity >= 15 | CV acc=0.9625, CV bin acc=0.9885, n_rows(dedup)=693 | OOB acc=0.9138, OOB bin acc=0.9828, n_rows_test(dedup)=522 |
OOB cameras: ['oregon_yp', 'sodankyla_full', 'tammela', 'torgnon', 'underc', 'varrio', 'willowcreek', 'wslcreek']
OOB n=562 | RMSE=0.1473 | Bias=0.0300 | FracRMSE=0.2549 | FracBias=-0.0633 | NoneBias=0.0707 | FullBias=-0.0123
Aspect split eligible OOB rows (north/south facing fraction threshold = 0.75): 54 / 562
north_dominated OOB n=47 | RMSE=0.0642 | Bias=0.0089 | FracRMSE=0.3114 | FracBias=0.2100 | NoneBias=0.0000 | FullBias=0.0000
south_dominated OOB n=7 | RMSE=0.0000 | Bias=0.0000 | FracRMSE=nan | FracBias=nan | NoneBias=0.0000 | FullBias=0.0000
Low-gradient eligible OOB rows (gradient_p84 <= 4.0): 130 / 562
low_gradient_p84 OOB n=130 | RMSE=0.1496 | Bias=0.0605 | FracRMSE=0.2554 | FracBias=-0.2055 | NoneBias=0.0958 | FullBias=-0.0214
5.33s

=== Bootstrap 47/1000 ===

Chosen filter -> Eg_strong/Eg_weak >= 1.18, data_quantity >= 14 | CV acc=0.9512, CV bin acc=0.9777, n_rows(dedup)=717 | OOB acc=0.8770, OOB bin acc=0.9840, n_rows_test(dedup)=561 |
OOB cameras: ['glees', 'marcell_MN', 'oregon_yp', 'sodankyla_full', 'underc', 'varrio', 'willowcreek', 'wslcreek']
OOB n=604 | RMSE=0.1386 | Bias=0.0200 | FracRMSE=0.2614 | FracBias=-0.0936 | NoneBias=0.0622 | FullBias=-0.0103
Aspect split eligible OOB rows (north/south facing fraction threshold = 0.75): 68 / 604
north_dominated OOB n=47 | RMSE=0.0547 | Bias=0.0075 | FracRMSE=0.2652 | FracBias=0.1773 | NoneBias=0.0000 | FullBias=0.0000
south_dominated OOB n=21 | RMSE=0.0000 | Bias=0.0000 | FracRMSE=nan | FracBias=nan | NoneBias=0.0000 | FullBias=0.0000
Low-gradient eligible OOB rows (gradient_p84 <= 4.0): 132 / 604
low_gradient_p84 OOB n=132 | RMSE=0.1354 | Bias=0.0426 | FracRMSE=0.2736 | FracBias=-0.2237 | NoneBias=0.0759 | FullBias=-0.0183
5.58s

=== Bootstrap 48/1000 ===

Chosen filter -> Eg_strong/Eg_weak >= 1.27, data_quantity >= 13 | CV acc=0.9267, CV bin acc=0.9838, n_rows(dedup)=1051 | OOB acc=0.9277, OOB bin acc=0.9831, n_rows_test(dedup)=415 |
OOB cameras: ['delta_junction', 'glees', 'marcell_MN', 'oregon_yp', 'varrio', 'willowcreek']
OOB n=469 | RMSE=0.1495 | Bias=0.0146 | FracRMSE=0.2814 | FracBias=-0.0792 | NoneBias=0.0569 | FullBias=-0.0184
Aspect split eligible OOB rows (north/south facing fraction threshold = 0.75): 73 / 469
north_dominated OOB n=55 | RMSE=0.1250 | Bias=-0.0186 | FracRMSE=0.2780 | FracBias=-0.1013 | NoneBias=0.0049 | FullBias=0.0000
south_dominated OOB n=18 | RMSE=0.0065 | Bias=0.0022 | FracRMSE=nan | FracBias=nan | NoneBias=0.0129 | FullBias=0.0000
Low-gradient eligible OOB rows (gradient_p84 <= 4.0): 127 / 469
low_gradient_p84 OOB n=127 | RMSE=0.1352 | Bias=0.0304 | FracRMSE=0.2389 | FracBias=-0.1404 | NoneBias=0.0660 | FullBias=-0.0566
6.1s

=== Bootstrap 49/1000 ===

Chosen filter -> Eg_strong/Eg_weak >= 1.05, data_quantity >= 16 | CV acc=0.9525, CV bin acc=0.9803, n_rows(dedup)=1473 | OOB acc=0.8929, OOB bin acc=0.9911, n_rows_test(dedup)=224 |
OOB cameras: ['delta_junction', 'glees', 'lacclair', 'marcell_MN', 'torgnon', 'underhill', 'wslcreek']
OOB n=289 | RMSE=0.1397 | Bias=0.0070 | FracRMSE=0.2918 | FracBias=-0.0266 | NoneBias=0.0436 | FullBias=-0.0023
Aspect split eligible OOB rows (north/south facing fraction threshold = 0.75): 72 / 289
north_dominated OOB n=55 | RMSE=0.1582 | Bias=-0.0158 | FracRMSE=0.2992 | FracBias=-0.1025 | NoneBias=0.0329 | FullBias=0.0000
south_dominated OOB n=17 | RMSE=0.0063 | Bias=0.0015 | FracRMSE=nan | FracBias=nan | NoneBias=0.0086 | FullBias=0.0000
Low-gradient eligible OOB rows (gradient_p84 <= 4.0): 22 / 289
low_gradient_p84 OOB n=22 | RMSE=0.1296 | Bias=-0.0341 | FracRMSE=0.2149 | FracBias=-0.0937 | NoneBias=0.0000 | FullBias=0.0000
7.2s

=== Bootstrap 50/1000 ===

Chosen filter -> Eg_strong/Eg_weak >= 1.05, data_quantity >= 16 | CV acc=0.9324, CV bin acc=0.9818, n_rows(dedup)=1154 | OOB acc=0.9427, OOB bin acc=0.9635, n_rows_test(dedup)=192 |
OOB cameras: ['tammela', 'torgnon', 'varrio', 'willowcreek']
OOB n=198 | RMSE=0.1633 | Bias=0.0067 | FracRMSE=nan | FracBias=nan | NoneBias=0.0447 | FullBias=-0.0363
Aspect split eligible OOB rows (north/south facing fraction threshold = 0.75): 24 / 198
north_dominated OOB n=20 | RMSE=0.0000 | Bias=0.0000 | FracRMSE=nan | FracBias=nan | NoneBias=0.0000 | FullBias=0.0000
south_dominated OOB n=4 | RMSE=0.0000 | Bias=0.0000 | FracRMSE=nan | FracBias=nan | NoneBias=nan | FullBias=0.0000
Low-gradient eligible OOB rows (gradient_p84 <= 4.0): 4 / 198
low_gradient_p84 OOB n=4 | RMSE=0.3016 | Bias=-0.0750 | FracRMSE=nan | FracBias=nan | NoneBias=0.1832 | FullBias=-0.3332
6.46s

=== Bootstrap 51/1000 ===

Chosen filter -> Eg_strong/Eg_weak >= 1.05, data_quantity >= 13 | CV acc=0.8937, CV bin acc=0.9477, n_rows(dedup)=1166 | OOB acc=0.8808, OOB bin acc=0.9534, n_rows_test(dedup)=386 |
OOB cameras: ['glees', 'hyytiala', 'kenttarova', 'queens', 'torgnon', 'underc', 'underhill', 'varrio']
OOB n=425 | RMSE=0.1342 | Bias=-0.0010 | FracRMSE=0.1997 | FracBias=-0.0257 | NoneBias=0.0269 | FullBias=-0.0241
Aspect split eligible OOB rows (north/south facing fraction threshold = 0.75): 86 / 425
north_dominated OOB n=52 | RMSE=0.0294 | Bias=0.0085 | FracRMSE=0.0400 | FracBias=0.0314 | NoneBias=0.0159 | FullBias=0.0000
south_dominated OOB n=34 | RMSE=0.0741 | Bias=-0.0086 | FracRMSE=0.2160 | FracBias=-0.0734 | NoneBias=0.0000 | FullBias=0.0000
Low-gradient eligible OOB rows (gradient_p84 <= 4.0): 10 / 425
low_gradient_p84 OOB n=10 | RMSE=0.0268 | Bias=0.0120 | FracRMSE=0.0600 | FracBias=0.0600 | NoneBias=0.0000 | FullBias=0.0000
6.04s

=== Bootstrap 52/1000 ===

Chosen filter -> Eg_strong/Eg_weak >= 1.20, data_quantity >= 10 | CV acc=0.9051, CV bin acc=0.9655, n_rows(dedup)=811 | OOB acc=0.9401, OOB bin acc=0.9960, n_rows_test(dedup)=501 |
OOB cameras: ['glees', 'kenttarova', 'marcell_MN', 'oregon_yp', 'queens', 'sodankyla_full', 'tammela']
OOB n=541 | RMSE=0.1006 | Bias=0.0250 | FracRMSE=0.1675 | FracBias=-0.0824 | NoneBias=0.0592 | FullBias=-0.0060
Aspect split eligible OOB rows (north/south facing fraction threshold = 0.75): 67 / 541
north_dominated OOB n=35 | RMSE=0.0331 | Bias=0.0131 | FracRMSE=0.0385 | FracBias=0.0308 | NoneBias=0.0177 | FullBias=0.0000
south_dominated OOB n=32 | RMSE=0.0226 | Bias=0.0071 | FracRMSE=0.0351 | FracBias=0.0227 | NoneBias=0.0226 | FullBias=0.0000
Low-gradient eligible OOB rows (gradient_p84 <= 4.0): 137 / 541
low_gradient_p84 OOB n=137 | RMSE=0.1450 | Bias=0.0715 | FracRMSE=0.2168 | FracBias=-0.1577 | NoneBias=0.1068 | FullBias=0.0000
5.41s

=== Bootstrap 53/1000 ===

Chosen filter -> Eg_strong/Eg_weak >= 1.18, data_quantity >= 17 | CV acc=0.9135, CV bin acc=0.9759, n_rows(dedup)=705 | OOB acc=0.9618, OOB bin acc=0.9828, n_rows_test(dedup)=523 |
OOB cameras: ['hyytiala', 'lacclair', 'oregon_yp', 'sodankyla_full', 'tammela', 'torgnon', 'varrio', 'willowcreek']
OOB n=575 | RMSE=0.1326 | Bias=0.0220 | FracRMSE=0.2259 | FracBias=-0.1642 | NoneBias=0.0597 | FullBias=-0.0255
Aspect split eligible OOB rows (north/south facing fraction threshold = 0.75): 35 / 575
north_dominated OOB n=28 | RMSE=0.0069 | Bias=0.0013 | FracRMSE=nan | FracBias=nan | NoneBias=0.0033 | FullBias=0.0000
south_dominated OOB n=7 | RMSE=0.0000 | Bias=0.0000 | FracRMSE=nan | FracBias=nan | NoneBias=0.0000 | FullBias=0.0000
Low-gradient eligible OOB rows (gradient_p84 <= 4.0): 129 / 575
low_gradient_p84 OOB n=129 | RMSE=0.1528 | Bias=0.0687 | FracRMSE=0.2409 | FracBias=-0.2071 | NoneBias=0.1088 | FullBias=-0.0367
5.6s

=== Bootstrap 54/1000 ===

Chosen filter -> Eg_strong/Eg_weak >= 1.05, data_quantity >= 16 | CV acc=0.9097, CV bin acc=0.9830, n_rows(dedup)=1119 | OOB acc=0.9500, OOB bin acc=0.9750, n_rows_test(dedup)=280 |
OOB cameras: ['lacclair', 'oregon_yp', 'tammela', 'torgnon', 'underhill', 'willowcreek']
OOB n=326 | RMSE=0.1735 | Bias=0.0359 | FracRMSE=0.2299 | FracBias=-0.1669 | NoneBias=0.0829 | FullBias=-0.0417
Aspect split eligible OOB rows (north/south facing fraction threshold = 0.75): 8 / 326
north_dominated OOB n=5 | RMSE=0.1698 | Bias=0.0759 | FracRMSE=nan | FracBias=nan | NoneBias=0.1898 | FullBias=0.0000
south_dominated OOB n=3 | RMSE=0.0000 | Bias=0.0000 | FracRMSE=nan | FracBias=nan | NoneBias=nan | FullBias=0.0000
Low-gradient eligible OOB rows (gradient_p84 <= 4.0): 102 / 326
low_gradient_p84 OOB n=102 | RMSE=0.1588 | Bias=0.0691 | FracRMSE=0.2590 | FracBias=-0.2245 | NoneBias=0.1028 | FullBias=-0.3067
6.35s

=== Bootstrap 55/1000 ===

Chosen filter -> Eg_strong/Eg_weak >= 1.05, data_quantity >= 17 | CV acc=0.9409, CV bin acc=0.9878, n_rows(dedup)=981 | OOB acc=0.9297, OOB bin acc=0.9696, n_rows_test(dedup)=427 |
OOB cameras: ['hyytiala', 'marcell_MN', 'old_jack_pine', 'torgnon', 'underc', 'varrio', 'willowcreek']
OOB n=469 | RMSE=0.1562 | Bias=-0.0083 | FracRMSE=0.2913 | FracBias=-0.1079 | NoneBias=0.0340 | FullBias=-0.0465
Aspect split eligible OOB rows (north/south facing fraction threshold = 0.75): 23 / 469
north_dominated OOB n=19 | RMSE=0.0000 | Bias=0.0000 | FracRMSE=nan | FracBias=nan | NoneBias=0.0000 | FullBias=0.0000
south_dominated OOB n=4 | RMSE=0.0000 | Bias=0.0000 | FracRMSE=nan | FracBias=nan | NoneBias=nan | FullBias=0.0000
Low-gradient eligible OOB rows (gradient_p84 <= 4.0): 42 / 469
low_gradient_p84 OOB n=42 | RMSE=0.1592 | Bias=-0.0390 | FracRMSE=0.3590 | FracBias=-0.2643 | NoneBias=0.0229 | FullBias=-0.0937
5.77s

=== Bootstrap 56/1000 ===

Chosen filter -> Eg_strong/Eg_weak >= 1.05, data_quantity >= 16 | CV acc=0.8931, CV bin acc=0.9592, n_rows(dedup)=1151 | OOB acc=0.8949, OOB bin acc=0.9565, n_rows_test(dedup)=276 |
OOB cameras: ['bartlett', 'glees', 'kenttarova', 'lacclair', 'tammela', 'underhill', 'varrio']
OOB n=336 | RMSE=0.1543 | Bias=-0.0281 | FracRMSE=0.3504 | FracBias=-0.1833 | NoneBias=0.0121 | FullBias=-0.0277
Aspect split eligible OOB rows (north/south facing fraction threshold = 0.75): 98 / 336
north_dominated OOB n=60 | RMSE=0.2250 | Bias=-0.0574 | FracRMSE=0.3883 | FracBias=-0.1881 | NoneBias=0.0107 | FullBias=-0.0509
south_dominated OOB n=38 | RMSE=0.1962 | Bias=-0.0441 | FracRMSE=0.5389 | FracBias=-0.3140 | NoneBias=0.0000 | FullBias=-0.0041
Low-gradient eligible OOB rows (gradient_p84 <= 4.0): 8 / 336
low_gradient_p84 OOB n=8 | RMSE=0.0300 | Bias=0.0150 | FracRMSE=0.0600 | FracBias=0.0600 | NoneBias=0.0000 | FullBias=0.0000
6.3s

=== Bootstrap 57/1000 ===

Chosen filter -> Eg_strong/Eg_weak >= 1.06, data_quantity >= 11 | CV acc=0.9316, CV bin acc=0.9781, n_rows(dedup)=1052 | OOB acc=0.8491, OOB bin acc=0.9544, n_rows_test(dedup)=285 |
OOB cameras: ['bartlett', 'glees', 'marcell_MN', 'torgnon', 'underc', 'underhill', 'varrio']
OOB n=319 | RMSE=0.1972 | Bias=-0.0261 | FracRMSE=0.4225 | FracBias=-0.2548 | NoneBias=0.0551 | FullBias=-0.0357
Aspect split eligible OOB rows (north/south facing fraction threshold = 0.75): 67 / 319
north_dominated OOB n=36 | RMSE=0.2752 | Bias=-0.1014 | FracRMSE=0.6265 | FracBias=-0.6181 | NoneBias=0.0264 | FullBias=-0.0656
south_dominated OOB n=31 | RMSE=0.2315 | Bias=-0.0713 | FracRMSE=0.7413 | FracBias=-0.7170 | NoneBias=0.0117 | FullBias=-0.0051
Low-gradient eligible OOB rows (gradient_p84 <= 4.0): 1 / 319
low_gradient_p84 OOB n=1 | RMSE=0.0000 | Bias=0.0000 | FracRMSE=nan | FracBias=nan | NoneBias=nan | FullBias=0.0000
5.91s

=== Bootstrap 58/1000 ===

Chosen filter -> Eg_strong/Eg_weak >= 1.05, data_quantity >= 13 | CV acc=0.9286, CV bin acc=0.9740, n_rows(dedup)=1232 | OOB acc=0.9728, OOB bin acc=0.9901, n_rows_test(dedup)=404 |
OOB cameras: ['kenttarova', 'lacclair', 'oregon_yp', 'tammela', 'underhill', 'varrio', 'wslcreek']
OOB n=478 | RMSE=0.1134 | Bias=0.0206 | FracRMSE=0.1906 | FracBias=-0.0808 | NoneBias=0.0566 | FullBias=-0.0033
Aspect split eligible OOB rows (north/south facing fraction threshold = 0.75): 93 / 478
north_dominated OOB n=73 | RMSE=0.0607 | Bias=0.0139 | FracRMSE=0.1303 | FracBias=0.0640 | NoneBias=0.0293 | FullBias=0.0000
south_dominated OOB n=20 | RMSE=0.0168 | Bias=0.0057 | FracRMSE=0.0435 | FracBias=0.0381 | NoneBias=0.0000 | FullBias=0.0000
Low-gradient eligible OOB rows (gradient_p84 <= 4.0): 109 / 478
low_gradient_p84 OOB n=109 | RMSE=0.1451 | Bias=0.0642 | FracRMSE=0.2434 | FracBias=-0.1733 | NoneBias=0.0920 | FullBias=0.0000
6.4s

=== Bootstrap 59/1000 ===

Chosen filter -> Eg_strong/Eg_weak >= 1.05, data_quantity >= 14 | CV acc=0.9074, CV bin acc=0.9754, n_rows(dedup)=1339 | OOB acc=0.9100, OOB bin acc=0.9614, n_rows_test(dedup)=311 |
OOB cameras: ['lacclair', 'marcell_MN', 'queens', 'tammela', 'underc', 'varrio', 'wslcreek']
OOB n=368 | RMSE=0.1044 | Bias=-0.0071 | FracRMSE=0.2800 | FracBias=-0.1195 | NoneBias=0.0143 | FullBias=-0.0054
Aspect split eligible OOB rows (north/south facing fraction threshold = 0.75): 50 / 368
north_dominated OOB n=42 | RMSE=0.0362 | Bias=0.0051 | FracRMSE=0.1657 | FracBias=0.1068 | NoneBias=0.0000 | FullBias=0.0000
south_dominated OOB n=8 | RMSE=0.0000 | Bias=0.0000 | FracRMSE=nan | FracBias=nan | NoneBias=nan | FullBias=0.0000
Low-gradient eligible OOB rows (gradient_p84 <= 4.0): 1 / 368
low_gradient_p84 OOB n=1 | RMSE=0.0000 | Bias=0.0000 | FracRMSE=nan | FracBias=nan | NoneBias=nan | FullBias=0.0000
6.89s

=== Bootstrap 60/1000 ===

Chosen filter -> Eg_strong/Eg_weak >= 1.05, data_quantity >= 15 | CV acc=0.9391, CV bin acc=0.9770, n_rows(dedup)=1001 | OOB acc=0.9393, OOB bin acc=0.9842, n_rows_test(dedup)=379 |
OOB cameras: ['hyytiala', 'oregon_yp', 'torgnon', 'underc', 'underhill', 'varrio']
OOB n=416 | RMSE=0.1387 | Bias=0.0305 | FracRMSE=0.2487 | FracBias=-0.1044 | NoneBias=0.0657 | FullBias=-0.0173
Aspect split eligible OOB rows (north/south facing fraction threshold = 0.75): 31 / 416
north_dominated OOB n=26 | RMSE=0.0506 | Bias=0.0099 | FracRMSE=nan | FracBias=nan | NoneBias=0.0323 | FullBias=0.0000
south_dominated OOB n=5 | RMSE=0.0000 | Bias=0.0000 | FracRMSE=nan | FracBias=nan | NoneBias=0.0000 | FullBias=0.0000
Low-gradient eligible OOB rows (gradient_p84 <= 4.0): 98 / 416
low_gradient_p84 OOB n=98 | RMSE=0.1647 | Bias=0.0874 | FracRMSE=0.2575 | FracBias=-0.2115 | NoneBias=0.1140 | FullBias=nan
5.59s

=== Bootstrap 61/1000 ===

Chosen filter -> Eg_strong/Eg_weak >= 1.18, data_quantity >= 14 | CV acc=0.9533, CV bin acc=0.9784, n_rows(dedup)=878 | OOB acc=0.8858, OOB bin acc=0.9680, n_rows_test(dedup)=438 |
OOB cameras: ['bartlett', 'delta_junction', 'glees', 'hyytiala', 'marcell_MN', 'sodankyla_full', 'underc']
OOB n=490 | RMSE=0.1395 | Bias=-0.0124 | FracRMSE=0.3564 | FracBias=-0.1024 | NoneBias=0.0123 | FullBias=-0.0155
Aspect split eligible OOB rows (north/south facing fraction threshold = 0.75): 66 / 490
north_dominated OOB n=45 | RMSE=0.2444 | Bias=-0.0787 | FracRMSE=0.4381 | FracBias=-0.2530 | NoneBias=0.0000 | FullBias=0.0000
south_dominated OOB n=21 | RMSE=0.1855 | Bias=-0.0405 | FracRMSE=0.8500 | FracBias=-0.8500 | NoneBias=0.0000 | FullBias=0.0000
Low-gradient eligible OOB rows (gradient_p84 <= 4.0): 52 / 490
low_gradient_p84 OOB n=52 | RMSE=0.0908 | Bias=-0.0075 | FracRMSE=0.2122 | FracBias=-0.0601 | NoneBias=0.0073 | FullBias=0.0000
5.47s

=== Bootstrap 62/1000 ===

Chosen filter -> Eg_strong/Eg_weak >= 1.09, data_quantity >= 17 | CV acc=0.9176, CV bin acc=0.9701, n_rows(dedup)=935 | OOB acc=0.9182, OOB bin acc=0.9626, n_rows_test(dedup)=428 |
OOB cameras: ['bartlett', 'delta_junction', 'hyytiala', 'kenttarova', 'lacclair', 'sodankyla_full', 'tammela', 'torgnon']
OOB n=510 | RMSE=0.1433 | Bias=-0.0176 | FracRMSE=0.3521 | FracBias=-0.0976 | NoneBias=0.0023 | FullBias=-0.0191
Aspect split eligible OOB rows (north/south facing fraction threshold = 0.75): 94 / 510
north_dominated OOB n=74 | RMSE=0.2700 | Bias=-0.0677 | FracRMSE=0.4119 | FracBias=-0.1506 | NoneBias=0.0000 | FullBias=-0.0667
south_dominated OOB n=20 | RMSE=0.1906 | Bias=-0.0390 | FracRMSE=0.4920 | FracBias=-0.2600 | NoneBias=0.0000 | FullBias=0.0000
Low-gradient eligible OOB rows (gradient_p84 <= 4.0): 56 / 510
low_gradient_p84 OOB n=56 | RMSE=0.0999 | Bias=0.0042 | FracRMSE=0.2347 | FracBias=0.0146 | NoneBias=0.0036 | FullBias=0.0000
5.85s

=== Bootstrap 63/1000 ===

Chosen filter -> Eg_strong/Eg_weak >= 1.05, data_quantity >= 16 | CV acc=0.9305, CV bin acc=0.9793, n_rows(dedup)=964 | OOB acc=0.9939, OOB bin acc=0.9939, n_rows_test(dedup)=165 |
OOB cameras: ['lacclair', 'oregon_yp', 'queens']
OOB n=211 | RMSE=0.1365 | Bias=0.0457 | FracRMSE=0.2253 | FracBias=-0.1714 | NoneBias=0.0923 | FullBias=0.0000
Aspect split eligible OOB rows (north/south facing fraction threshold = 0.75): 6 / 211
north_dominated OOB n=3 | RMSE=0.0000 | Bias=0.0000 | FracRMSE=nan | FracBias=nan | NoneBias=0.0000 | FullBias=0.0000
south_dominated OOB n=3 | RMSE=0.0000 | Bias=0.0000 | FracRMSE=nan | FracBias=nan | NoneBias=nan | FullBias=0.0000
Low-gradient eligible OOB rows (gradient_p84 <= 4.0): 98 / 211
low_gradient_p84 OOB n=98 | RMSE=0.1631 | Bias=0.0894 | FracRMSE=0.2516 | FracBias=-0.2098 | NoneBias=0.1160 | FullBias=nan
5.52s

=== Bootstrap 64/1000 ===

Chosen filter -> Eg_strong/Eg_weak >= 1.09, data_quantity >= 16 | CV acc=0.8942, CV bin acc=0.9835, n_rows(dedup)=728 | OOB acc=0.9628, OOB bin acc=0.9795, n_rows_test(dedup)=537 |
OOB cameras: ['bartlett', 'hyytiala', 'kenttarova', 'lacclair', 'old_jack_pine', 'oregon_yp', 'sodankyla_full']
OOB n=627 | RMSE=0.1405 | Bias=0.0075 | FracRMSE=0.2766 | FracBias=-0.1286 | NoneBias=0.0530 | FullBias=-0.0349
Aspect split eligible OOB rows (north/south facing fraction threshold = 0.75): 64 / 627
north_dominated OOB n=44 | RMSE=0.2424 | Bias=-0.0705 | FracRMSE=0.3542 | FracBias=-0.1685 | NoneBias=0.0181 | FullBias=-0.0787
south_dominated OOB n=20 | RMSE=0.1918 | Bias=-0.0456 | FracRMSE=0.4267 | FracBias=-0.2068 | NoneBias=0.0000 | FullBias=-0.0070
Low-gradient eligible OOB rows (gradient_p84 <= 4.0): 172 / 627
low_gradient_p84 OOB n=172 | RMSE=0.1415 | Bias=0.0602 | FracRMSE=0.2295 | FracBias=-0.1661 | NoneBias=0.1020 | FullBias=-0.0080
5.23s

=== Bootstrap 65/1000 ===

Chosen filter -> Eg_strong/Eg_weak >= 1.05, data_quantity >= 16 | CV acc=0.9119, CV bin acc=0.9670, n_rows(dedup)=817 | OOB acc=0.9673, OOB bin acc=0.9973, n_rows_test(dedup)=367 |
OOB cameras: ['delta_junction', 'lacclair', 'old_jack_pine', 'sodankyla_full', 'tammela']
OOB n=447 | RMSE=0.1174 | Bias=-0.0034 | FracRMSE=0.2936 | FracBias=-0.0551 | NoneBias=0.0101 | FullBias=-0.0030
Aspect split eligible OOB rows (north/south facing fraction threshold = 0.75): 44 / 447
north_dominated OOB n=41 | RMSE=0.1520 | Bias=-0.0345 | FracRMSE=0.2932 | FracBias=-0.1316 | NoneBias=0.0020 | FullBias=0.0000
south_dominated OOB n=3 | RMSE=0.0000 | Bias=0.0000 | FracRMSE=nan | FracBias=nan | NoneBias=0.0000 | FullBias=0.0000
Low-gradient eligible OOB rows (gradient_p84 <= 4.0): 89 / 447
low_gradient_p84 OOB n=89 | RMSE=0.1117 | Bias=-0.0182 | FracRMSE=0.2599 | FracBias=-0.1348 | NoneBias=0.0107 | FullBias=-0.0033
5.25s

=== Bootstrap 66/1000 ===

Chosen filter -> Eg_strong/Eg_weak >= 1.05, data_quantity >= 16 | CV acc=0.9220, CV bin acc=0.9786, n_rows(dedup)=1077 | OOB acc=0.9524, OOB bin acc=0.9810, n_rows_test(dedup)=315 |
OOB cameras: ['bartlett', 'glees', 'oregon_yp', 'underhill', 'varrio', 'wslcreek']
OOB n=347 | RMSE=0.1585 | Bias=0.0073 | FracRMSE=0.3902 | FracBias=-0.2748 | NoneBias=0.0677 | FullBias=-0.0208
Aspect split eligible OOB rows (north/south facing fraction threshold = 0.75): 75 / 347
north_dominated OOB n=50 | RMSE=0.2195 | Bias=-0.0561 | FracRMSE=0.4921 | FracBias=-0.3068 | NoneBias=0.0224 | FullBias=-0.0427
south_dominated OOB n=25 | RMSE=0.2404 | Bias=-0.0672 | FracRMSE=0.8500 | FracBias=-0.8500 | NoneBias=0.0050 | FullBias=0.0000
Low-gradient eligible OOB rows (gradient_p84 <= 4.0): 98 / 347
low_gradient_p84 OOB n=98 | RMSE=0.1434 | Bias=0.0619 | FracRMSE=0.2707 | FracBias=-0.2349 | NoneBias=0.0883 | FullBias=nan
5.89s

=== Bootstrap 67/1000 ===

Chosen filter -> Eg_strong/Eg_weak >= 1.05, data_quantity >= 17 | CV acc=0.9054, CV bin acc=0.9502, n_rows(dedup)=1004 | OOB acc=0.9279, OOB bin acc=0.9694, n_rows_test(dedup)=458 |
OOB cameras: ['bartlett', 'hyytiala', 'marcell_MN', 'old_jack_pine', 'tammela', 'torgnon', 'underc', 'varrio']
OOB n=507 | RMSE=0.1617 | Bias=-0.0137 | FracRMSE=0.4345 | FracBias=-0.1548 | NoneBias=0.0111 | FullBias=-0.0172
Aspect split eligible OOB rows (north/south facing fraction threshold = 0.75): 40 / 507
north_dominated OOB n=28 | RMSE=0.3658 | Bias=-0.1529 | FracRMSE=0.7845 | FracBias=-0.7778 | NoneBias=0.0000 | FullBias=-0.1146
south_dominated OOB n=12 | RMSE=0.3470 | Bias=-0.1417 | FracRMSE=0.8500 | FracBias=-0.8500 | NoneBias=0.0000 | FullBias=0.0000
Low-gradient eligible OOB rows (gradient_p84 <= 4.0): 38 / 507
low_gradient_p84 OOB n=38 | RMSE=0.1317 | Bias=-0.0224 | FracRMSE=0.3631 | FracBias=-0.1706 | NoneBias=0.0000 | FullBias=0.0000
5.6s

=== Bootstrap 68/1000 ===

Chosen filter -> Eg_strong/Eg_weak >= 1.28, data_quantity >= 17 | CV acc=0.9296, CV bin acc=0.9914, n_rows(dedup)=1051 | OOB acc=0.9439, OOB bin acc=0.9670, n_rows_test(dedup)=303 |
OOB cameras: ['bartlett', 'marcell_MN', 'old_jack_pine', 'varrio', 'willowcreek', 'wslcreek']
OOB n=337 | RMSE=0.1815 | Bias=-0.0200 | FracRMSE=0.4094 | FracBias=-0.2006 | NoneBias=0.0377 | FullBias=-0.0337
Aspect split eligible OOB rows (north/south facing fraction threshold = 0.75): 51 / 337
north_dominated OOB n=42 | RMSE=0.1937 | Bias=-0.0468 | FracRMSE=0.5614 | FracBias=-0.3928 | NoneBias=0.0000 | FullBias=0.0000
south_dominated OOB n=9 | RMSE=0.2833 | Bias=-0.0944 | FracRMSE=0.8500 | FracBias=-0.8500 | NoneBias=nan | FullBias=0.0000
Low-gradient eligible OOB rows (gradient_p84 <= 4.0): 40 / 337
low_gradient_p84 OOB n=40 | RMSE=0.1638 | Bias=-0.0542 | FracRMSE=0.3906 | FracBias=-0.2811 | NoneBias=0.0066 | FullBias=-0.0930
6.47s

=== Bootstrap 69/1000 ===

Chosen filter -> Eg_strong/Eg_weak >= 1.18, data_quantity >= 16 | CV acc=0.9438, CV bin acc=0.9917, n_rows(dedup)=961 | OOB acc=0.8917, OOB bin acc=0.9472, n_rows_test(dedup)=360 |
OOB cameras: ['bartlett', 'glees', 'hyytiala', 'marcell_MN', 'queens', 'tammela', 'underc', 'willowcreek']
OOB n=381 | RMSE=0.1687 | Bias=-0.0108 | FracRMSE=0.4087 | FracBias=-0.2041 | NoneBias=0.0326 | FullBias=-0.0419
Aspect split eligible OOB rows (north/south facing fraction threshold = 0.75): 25 / 381
north_dominated OOB n=6 | RMSE=0.4749 | Bias=-0.3249 | FracRMSE=0.6716 | FracBias=-0.6498 | NoneBias=0.0000 | FullBias=0.0000
south_dominated OOB n=19 | RMSE=0.1950 | Bias=-0.0447 | FracRMSE=0.8500 | FracBias=-0.8500 | NoneBias=0.0000 | FullBias=0.0000
Low-gradient eligible OOB rows (gradient_p84 <= 4.0): 4 / 381
low_gradient_p84 OOB n=4 | RMSE=0.2530 | Bias=-0.0847 | FracRMSE=nan | FracBias=nan | NoneBias=0.1316 | FullBias=-0.3009
6.04s

=== Bootstrap 70/1000 ===

Chosen filter -> Eg_strong/Eg_weak >= 1.25, data_quantity >= 9 | CV acc=0.9410, CV bin acc=0.9823, n_rows(dedup)=1017 | OOB acc=0.9122, OOB bin acc=0.9722, n_rows_test(dedup)=467 |
OOB cameras: ['hyytiala', 'kenttarova', 'marcell_MN', 'queens', 'sodankyla_full', 'tammela', 'underc', 'underhill']
OOB n=506 | RMSE=0.1074 | Bias=-0.0003 | FracRMSE=0.1984 | FracBias=-0.0283 | NoneBias=0.0214 | FullBias=-0.0203
Aspect split eligible OOB rows (north/south facing fraction threshold = 0.75): 52 / 506
north_dominated OOB n=36 | RMSE=0.0725 | Bias=0.0199 | FracRMSE=0.0376 | FracBias=0.0289 | NoneBias=0.0441 | FullBias=0.0000
south_dominated OOB n=16 | RMSE=0.0160 | Bias=0.0032 | FracRMSE=0.0369 | FracBias=0.0168 | NoneBias=0.0000 | FullBias=0.0000
Low-gradient eligible OOB rows (gradient_p84 <= 4.0): 38 / 506
low_gradient_p84 OOB n=38 | RMSE=0.0591 | Bias=0.0067 | FracRMSE=0.1171 | FracBias=-0.0508 | NoneBias=0.0240 | FullBias=0.0000
5.53s

=== Bootstrap 71/1000 ===

Chosen filter -> Eg_strong/Eg_weak >= 1.06, data_quantity >= 16 | CV acc=0.8810, CV bin acc=0.9904, n_rows(dedup)=941 | OOB acc=0.9601, OOB bin acc=0.9760, n_rows_test(dedup)=501 |
OOB cameras: ['bartlett', 'glees', 'old_jack_pine', 'oregon_yp', 'tammela', 'underhill', 'varrio', 'willowcreek']
OOB n=549 | RMSE=0.1699 | Bias=0.0019 | FracRMSE=0.3856 | FracBias=-0.1981 | NoneBias=0.0425 | FullBias=-0.0275
Aspect split eligible OOB rows (north/south facing fraction threshold = 0.75): 56 / 549
north_dominated OOB n=32 | RMSE=0.2840 | Bias=-0.1033 | FracRMSE=0.6482 | FracBias=-0.6371 | NoneBias=0.0188 | FullBias=-0.0833
south_dominated OOB n=24 | RMSE=0.2454 | Bias=-0.0708 | FracRMSE=0.8500 | FracBias=-0.8500 | NoneBias=0.0000 | FullBias=0.0000
Low-gradient eligible OOB rows (gradient_p84 <= 4.0): 140 / 549
low_gradient_p84 OOB n=140 | RMSE=0.1249 | Bias=0.0168 | FracRMSE=0.2926 | FracBias=-0.2150 | NoneBias=0.0476 | FullBias=-0.0159
6.01s

=== Bootstrap 72/1000 ===

Chosen filter -> Eg_strong/Eg_weak >= 1.10, data_quantity >= 11 | CV acc=0.9306, CV bin acc=0.9766, n_rows(dedup)=1109 | OOB acc=0.8939, OOB bin acc=0.9637, n_rows_test(dedup)=358 |
OOB cameras: ['bartlett', 'hyytiala', 'kenttarova', 'sodankyla_full', 'underhill', 'wslcreek']
OOB n=389 | RMSE=0.1460 | Bias=-0.0153 | FracRMSE=0.3100 | FracBias=-0.1176 | NoneBias=0.0204 | FullBias=-0.0337
Aspect split eligible OOB rows (north/south facing fraction threshold = 0.75): 86 / 389
north_dominated OOB n=64 | RMSE=0.2138 | Bias=-0.0500 | FracRMSE=0.3516 | FracBias=-0.1444 | NoneBias=0.0228 | FullBias=-0.0398
south_dominated OOB n=22 | RMSE=0.1821 | Bias=-0.0344 | FracRMSE=0.4268 | FracBias=-0.1826 | NoneBias=0.0000 | FullBias=-0.0020
Low-gradient eligible OOB rows (gradient_p84 <= 4.0): 38 / 389
low_gradient_p84 OOB n=38 | RMSE=0.0487 | Bias=0.0060 | FracRMSE=0.1096 | FracBias=-0.0211 | NoneBias=0.0172 | FullBias=0.0000
5.98s

=== Bootstrap 73/1000 ===

Chosen filter -> Eg_strong/Eg_weak >= 1.09, data_quantity >= 17 | CV acc=0.9386, CV bin acc=0.9704, n_rows(dedup)=912 | OOB acc=0.9436, OOB bin acc=0.9909, n_rows_test(dedup)=550 |
OOB cameras: ['delta_junction', 'lacclair', 'marcell_MN', 'old_jack_pine', 'oregon_yp', 'sodankyla_full', 'torgnon', 'varrio']
OOB n=653 | RMSE=0.1241 | Bias=0.0025 | FracRMSE=0.3240 | FracBias=-0.0564 | NoneBias=0.0174 | FullBias=0.0000
Aspect split eligible OOB rows (north/south facing fraction threshold = 0.75): 68 / 653
north_dominated OOB n=61 | RMSE=0.1586 | Bias=-0.0106 | FracRMSE=0.3734 | FracBias=-0.0590 | NoneBias=0.0000 | FullBias=0.0000
south_dominated OOB n=7 | RMSE=0.0000 | Bias=0.0000 | FracRMSE=nan | FracBias=nan | NoneBias=0.0000 | FullBias=0.0000
Low-gradient eligible OOB rows (gradient_p84 <= 4.0): 183 / 653
low_gradient_p84 OOB n=183 | RMSE=0.1165 | Bias=0.0058 | FracRMSE=0.2880 | FracBias=-0.1054 | NoneBias=0.0254 | FullBias=0.0000
5.21s

=== Bootstrap 74/1000 ===

Chosen filter -> Eg_strong/Eg_weak >= 1.18, data_quantity >= 16 | CV acc=0.9012, CV bin acc=0.9841, n_rows(dedup)=941 | OOB acc=0.9743, OOB bin acc=0.9926, n_rows_test(dedup)=272 |
OOB cameras: ['kenttarova', 'old_jack_pine', 'queens', 'varrio', 'wslcreek']
OOB n=317 | RMSE=0.0997 | Bias=0.0023 | FracRMSE=0.2286 | FracBias=-0.0053 | NoneBias=0.0120 | FullBias=-0.0031
Aspect split eligible OOB rows (north/south facing fraction threshold = 0.75): 82 / 317
north_dominated OOB n=65 | RMSE=0.0356 | Bias=0.0078 | FracRMSE=0.0947 | FracBias=0.0514 | NoneBias=0.0033 | FullBias=0.0000
south_dominated OOB n=17 | RMSE=0.0207 | Bias=0.0076 | FracRMSE=0.0493 | FracBias=0.0433 | NoneBias=0.0000 | FullBias=0.0000
Low-gradient eligible OOB rows (gradient_p84 <= 4.0): 45 / 317
low_gradient_p84 OOB n=45 | RMSE=0.1185 | Bias=-0.0188 | FracRMSE=0.2774 | FracBias=-0.1329 | NoneBias=0.0080 | FullBias=0.0000
5.74s

=== Bootstrap 75/1000 ===

Chosen filter -> Eg_strong/Eg_weak >= 1.05, data_quantity >= 16 | CV acc=0.8904, CV bin acc=0.9729, n_rows(dedup)=885 | OOB acc=0.9777, OOB bin acc=0.9911, n_rows_test(dedup)=448 |
OOB cameras: ['hyytiala', 'marcell_MN', 'old_jack_pine', 'oregon_yp', 'queens', 'torgnon', 'wslcreek']
OOB n=490 | RMSE=0.1214 | Bias=0.0199 | FracRMSE=0.2575 | FracBias=-0.1070 | NoneBias=0.0545 | FullBias=-0.0274
Aspect split eligible OOB rows (north/south facing fraction threshold = 0.75): 22 / 490
north_dominated OOB n=19 | RMSE=0.0723 | Bias=0.0155 | FracRMSE=0.2227 | FracBias=0.1472 | NoneBias=0.0000 | FullBias=0.0000
south_dominated OOB n=3 | RMSE=0.0000 | Bias=0.0000 | FracRMSE=nan | FracBias=nan | NoneBias=nan | FullBias=0.0000
Low-gradient eligible OOB rows (gradient_p84 <= 4.0): 137 / 490
low_gradient_p84 OOB n=137 | RMSE=0.1471 | Bias=0.0592 | FracRMSE=0.2616 | FracBias=-0.2042 | NoneBias=0.0965 | FullBias=-0.0161
5.68s

=== Bootstrap 76/1000 ===

Chosen filter -> Eg_strong/Eg_weak >= 1.28, data_quantity >= 15 | CV acc=0.9071, CV bin acc=0.9751, n_rows(dedup)=883 | OOB acc=0.9435, OOB bin acc=0.9778, n_rows_test(dedup)=496 |
OOB cameras: ['bartlett', 'delta_junction', 'hyytiala', 'kenttarova', 'lacclair', 'oregon_yp', 'queens', 'sodankyla_full', 'torgnon']
OOB n=592 | RMSE=0.1278 | Bias=0.0076 | FracRMSE=0.2723 | FracBias=-0.0878 | NoneBias=0.0450 | FullBias=-0.0191
Aspect split eligible OOB rows (north/south facing fraction threshold = 0.75): 95 / 592
north_dominated OOB n=73 | RMSE=0.1770 | Bias=-0.0300 | FracRMSE=0.3273 | FracBias=-0.1179 | NoneBias=0.0118 | FullBias=0.0000
south_dominated OOB n=22 | RMSE=0.1817 | Bias=-0.0353 | FracRMSE=0.4261 | FracBias=-0.1940 | NoneBias=0.0000 | FullBias=0.0000
Low-gradient eligible OOB rows (gradient_p84 <= 4.0): 156 / 592
low_gradient_p84 OOB n=156 | RMSE=0.1338 | Bias=0.0572 | FracRMSE=0.2020 | FracBias=-0.0845 | NoneBias=0.0916 | FullBias=0.0000
5.45s

=== Bootstrap 77/1000 ===

Chosen filter -> Eg_strong/Eg_weak >= 1.05, data_quantity >= 16 | CV acc=0.9219, CV bin acc=0.9695, n_rows(dedup)=1114 | OOB acc=0.8714, OOB bin acc=0.9429, n_rows_test(dedup)=140 |
OOB cameras: ['bartlett', 'glees', 'kenttarova', 'queens']
OOB n=164 | RMSE=0.1828 | Bias=-0.0411 | FracRMSE=0.3587 | FracBias=-0.1518 | NoneBias=0.0122 | FullBias=-0.0443
Aspect split eligible OOB rows (north/south facing fraction threshold = 0.75): 70 / 164
north_dominated OOB n=36 | RMSE=0.2629 | Bias=-0.0882 | FracRMSE=0.3527 | FracBias=-0.1679 | NoneBias=0.0065 | FullBias=-0.0914
south_dominated OOB n=34 | RMSE=0.2068 | Bias=-0.0472 | FracRMSE=0.5389 | FracBias=-0.3140 | NoneBias=0.0000 | FullBias=-0.0016
Low-gradient eligible OOB rows (gradient_p84 <= 4.0): 8 / 164
low_gradient_p84 OOB n=8 | RMSE=0.0300 | Bias=0.0150 | FracRMSE=0.0600 | FracBias=0.0600 | NoneBias=0.0000 | FullBias=0.0000
5.94s

=== Bootstrap 78/1000 ===

Chosen filter -> Eg_strong/Eg_weak >= 1.18, data_quantity >= 16 | CV acc=0.9488, CV bin acc=0.9801, n_rows(dedup)=957 | OOB acc=0.8866, OOB bin acc=0.9761, n_rows_test(dedup)=335 |
OOB cameras: ['delta_junction', 'glees', 'hyytiala', 'kenttarova', 'marcell_MN', 'wslcreek']
OOB n=386 | RMSE=0.1031 | Bias=-0.0064 | FracRMSE=0.2336 | FracBias=-0.0255 | NoneBias=0.0112 | FullBias=-0.0177
Aspect split eligible OOB rows (north/south facing fraction threshold = 0.75): 104 / 386
north_dominated OOB n=78 | RMSE=0.1201 | Bias=-0.0175 | FracRMSE=0.2371 | FracBias=-0.0681 | NoneBias=0.0000 | FullBias=0.0000
south_dominated OOB n=26 | RMSE=0.0167 | Bias=0.0062 | FracRMSE=0.0392 | FracBias=0.0334 | NoneBias=0.0102 | FullBias=0.0000
Low-gradient eligible OOB rows (gradient_p84 <= 4.0): 30 / 386
low_gradient_p84 OOB n=30 | RMSE=0.1130 | Bias=-0.0284 | FracRMSE=0.1956 | FracBias=-0.0851 | NoneBias=0.0000 | FullBias=0.0000
6.0s

=== Bootstrap 79/1000 ===

Chosen filter -> Eg_strong/Eg_weak >= 1.20, data_quantity >= 13 | CV acc=0.9333, CV bin acc=0.9804, n_rows(dedup)=765 | OOB acc=0.8660, OOB bin acc=0.9748, n_rows_test(dedup)=515 |
OOB cameras: ['glees', 'hyytiala', 'kenttarova', 'queens', 'sodankyla_full', 'tammela', 'varrio', 'willowcreek']
OOB n=540 | RMSE=0.1254 | Bias=0.0130 | FracRMSE=0.0982 | FracBias=-0.0006 | NoneBias=0.0466 | FullBias=-0.0218
Aspect split eligible OOB rows (north/south facing fraction threshold = 0.75): 86 / 540
north_dominated OOB n=54 | RMSE=0.0200 | Bias=0.0063 | FracRMSE=0.0400 | FracBias=0.0314 | NoneBias=0.0074 | FullBias=0.0000
south_dominated OOB n=32 | RMSE=0.0538 | Bias=0.0164 | FracRMSE=0.0387 | FracBias=0.0139 | NoneBias=0.0690 | FullBias=0.0000
Low-gradient eligible OOB rows (gradient_p84 <= 4.0): 43 / 540
low_gradient_p84 OOB n=43 | RMSE=0.1303 | Bias=0.0063 | FracRMSE=0.1311 | FracBias=-0.0618 | NoneBias=0.0593 | FullBias=-0.0319
5.11s

=== Bootstrap 80/1000 ===

Chosen filter -> Eg_strong/Eg_weak >= 1.28, data_quantity >= 10 | CV acc=0.9647, CV bin acc=0.9840, n_rows(dedup)=1247 | OOB acc=0.8785, OOB bin acc=0.9586, n_rows_test(dedup)=362 |
OOB cameras: ['bartlett', 'delta_junction', 'hyytiala', 'kenttarova', 'torgnon', 'underc', 'varrio']
OOB n=438 | RMSE=0.1584 | Bias=-0.0215 | FracRMSE=0.3315 | FracBias=-0.0906 | NoneBias=0.0102 | FullBias=-0.0247
Aspect split eligible OOB rows (north/south facing fraction threshold = 0.75): 111 / 438
north_dominated OOB n=87 | RMSE=0.2016 | Bias=-0.0519 | FracRMSE=0.3920 | FracBias=-0.1962 | NoneBias=0.0000 | FullBias=0.0000
south_dominated OOB n=24 | RMSE=0.1985 | Bias=-0.0496 | FracRMSE=0.4349 | FracBias=-0.2381 | NoneBias=0.0000 | FullBias=0.0000
Low-gradient eligible OOB rows (gradient_p84 <= 4.0): 33 / 438
low_gradient_p84 OOB n=33 | RMSE=0.1086 | Bias=-0.0186 | FracRMSE=0.1972 | FracBias=-0.0614 | NoneBias=0.0000 | FullBias=0.0000
6.5s

=== Bootstrap 81/1000 ===

Chosen filter -> Eg_strong/Eg_weak >= 1.06, data_quantity >= 17 | CV acc=0.9404, CV bin acc=0.9853, n_rows(dedup)=1023 | OOB acc=0.9026, OOB bin acc=0.9578, n_rows_test(dedup)=308 |
OOB cameras: ['bartlett', 'delta_junction', 'kenttarova', 'old_jack_pine', 'underhill', 'willowcreek']
OOB n=377 | RMSE=0.2102 | Bias=-0.0161 | FracRMSE=0.3462 | FracBias=-0.0971 | NoneBias=0.0359 | FullBias=-0.0408
Aspect split eligible OOB rows (north/south facing fraction threshold = 0.75): 88 / 377
north_dominated OOB n=69 | RMSE=0.2385 | Bias=-0.0738 | FracRMSE=0.3632 | FracBias=-0.1794 | NoneBias=0.0015 | FullBias=-0.0568
south_dominated OOB n=19 | RMSE=0.2761 | Bias=-0.0858 | FracRMSE=0.6018 | FracBias=-0.4075 | NoneBias=0.0000 | FullBias=0.0000
Low-gradient eligible OOB rows (gradient_p84 <= 4.0): 69 / 377
low_gradient_p84 OOB n=69 | RMSE=0.1350 | Bias=-0.0313 | FracRMSE=0.2804 | FracBias=-0.1289 | NoneBias=0.0046 | FullBias=-0.0292
5.89s

=== Bootstrap 82/1000 ===

Chosen filter -> Eg_strong/Eg_weak >= 1.05, data_quantity >= 17 | CV acc=0.9495, CV bin acc=0.9800, n_rows(dedup)=950 | OOB acc=0.9082, OOB bin acc=0.9967, n_rows_test(dedup)=305 |
OOB cameras: ['delta_junction', 'sodankyla_full', 'torgnon', 'underc', 'varrio']
OOB n=356 | RMSE=0.1588 | Bias=0.0134 | FracRMSE=0.3767 | FracBias=0.0379 | NoneBias=0.0221 | FullBias=0.0000
Aspect split eligible OOB rows (north/south facing fraction threshold = 0.75): 63 / 356
north_dominated OOB n=58 | RMSE=0.1750 | Bias=-0.0106 | FracRMSE=0.4018 | FracBias=-0.0557 | NoneBias=0.0000 | FullBias=0.0000
south_dominated OOB n=5 | RMSE=0.0000 | Bias=0.0000 | FracRMSE=nan | FracBias=nan | NoneBias=0.0000 | FullBias=0.0000
Low-gradient eligible OOB rows (gradient_p84 <= 4.0): 49 / 356
low_gradient_p84 OOB n=49 | RMSE=0.1259 | Bias=0.0126 | FracRMSE=0.2904 | FracBias=0.0538 | NoneBias=0.0068 | FullBias=0.0000
5.57s

=== Bootstrap 83/1000 ===

Chosen filter -> Eg_strong/Eg_weak >= 1.05, data_quantity >= 9 | CV acc=0.9445, CV bin acc=0.9722, n_rows(dedup)=1153 | OOB acc=0.8148, OOB bin acc=0.9715, n_rows_test(dedup)=351 |
OOB cameras: ['bartlett', 'kenttarova', 'sodankyla_full', 'underc', 'varrio']
OOB n=402 | RMSE=0.1652 | Bias=-0.0234 | FracRMSE=0.3503 | FracBias=-0.1400 | NoneBias=0.0184 | FullBias=-0.0266
Aspect split eligible OOB rows (north/south facing fraction threshold = 0.75): 91 / 402
north_dominated OOB n=66 | RMSE=0.2258 | Bias=-0.0613 | FracRMSE=0.4192 | FracBias=-0.2115 | NoneBias=0.0000 | FullBias=-0.0431
south_dominated OOB n=25 | RMSE=0.2410 | Bias=-0.0628 | FracRMSE=0.5389 | FracBias=-0.3140 | NoneBias=0.0000 | FullBias=0.0000
Low-gradient eligible OOB rows (gradient_p84 <= 4.0): 39 / 402
low_gradient_p84 OOB n=39 | RMSE=0.0400 | Bias=0.0051 | FracRMSE=0.0852 | FracBias=-0.0002 | NoneBias=0.0119 | FullBias=0.0000
5.78s

=== Bootstrap 84/1000 ===

Chosen filter -> Eg_strong/Eg_weak >= 1.11, data_quantity >= 17 | CV acc=0.9192, CV bin acc=0.9776, n_rows(dedup)=891 | OOB acc=0.9395, OOB bin acc=0.9718, n_rows_test(dedup)=248 |
OOB cameras: ['marcell_MN', 'sodankyla_full', 'willowcreek', 'wslcreek']
OOB n=256 | RMSE=0.1628 | Bias=-0.0013 | FracRMSE=0.2988 | FracBias=-0.1033 | NoneBias=0.0509 | FullBias=-0.0376
Aspect split eligible OOB rows (north/south facing fraction threshold = 0.75): 26 / 256
north_dominated OOB n=24 | RMSE=0.0674 | Bias=0.0129 | FracRMSE=0.2336 | FracBias=0.1549 | NoneBias=0.0000 | FullBias=0.0000
south_dominated OOB n=2 | RMSE=0.0000 | Bias=0.0000 | FracRMSE=nan | FracBias=nan | NoneBias=0.0000 | FullBias=0.0000
Low-gradient eligible OOB rows (gradient_p84 <= 4.0): 32 / 256
low_gradient_p84 OOB n=32 | RMSE=0.1357 | Bias=-0.0092 | FracRMSE=0.2722 | FracBias=-0.2722 | NoneBias=0.0494 | FullBias=-0.0476
5.27s

=== Bootstrap 85/1000 ===

Chosen filter -> Eg_strong/Eg_weak >= 1.07, data_quantity >= 11 | CV acc=0.9289, CV bin acc=0.9790, n_rows(dedup)=999 | OOB acc=0.9245, OOB bin acc=0.9811, n_rows_test(dedup)=318 |
OOB cameras: ['oregon_yp', 'underc', 'varrio', 'wslcreek']
OOB n=359 | RMSE=0.1475 | Bias=0.0256 | FracRMSE=0.2435 | FracBias=-0.0871 | NoneBias=0.0802 | FullBias=-0.0221
Aspect split eligible OOB rows (north/south facing fraction threshold = 0.75): 46 / 359
north_dominated OOB n=41 | RMSE=0.0569 | Bias=0.0084 | FracRMSE=0.2578 | FracBias=0.1720 | NoneBias=0.0000 | FullBias=0.0000
south_dominated OOB n=5 | RMSE=0.0000 | Bias=0.0000 | FracRMSE=nan | FracBias=nan | NoneBias=nan | FullBias=0.0000
Low-gradient eligible OOB rows (gradient_p84 <= 4.0): 100 / 359
low_gradient_p84 OOB n=100 | RMSE=0.1563 | Bias=0.0793 | FracRMSE=0.2604 | FracBias=-0.2195 | NoneBias=0.1064 | FullBias=0.0000
5.6s

=== Bootstrap 86/1000 ===

Chosen filter -> Eg_strong/Eg_weak >= 1.09, data_quantity >= 16 | CV acc=0.9476, CV bin acc=0.9834, n_rows(dedup)=1087 | OOB acc=0.9134, OOB bin acc=0.9693, n_rows_test(dedup)=358 |
OOB cameras: ['delta_junction', 'glees', 'hyytiala', 'lacclair', 'marcell_MN', 'torgnon', 'willowcreek', 'wslcreek']
OOB n=423 | RMSE=0.1688 | Bias=0.0146 | FracRMSE=0.3129 | FracBias=0.0076 | NoneBias=0.0529 | FullBias=-0.0214
Aspect split eligible OOB rows (north/south facing fraction threshold = 0.75): 70 / 423
north_dominated OOB n=53 | RMSE=0.1525 | Bias=-0.0249 | FracRMSE=0.3080 | FracBias=-0.1016 | NoneBias=0.0000 | FullBias=0.0000
south_dominated OOB n=17 | RMSE=0.0378 | Bias=0.0120 | FracRMSE=nan | FracBias=nan | NoneBias=0.0677 | FullBias=0.0000
Low-gradient eligible OOB rows (gradient_p84 <= 4.0): 26 / 423
low_gradient_p84 OOB n=26 | RMSE=0.1981 | Bias=-0.0327 | FracRMSE=0.2158 | FracBias=-0.1042 | NoneBias=0.0648 | FullBias=-0.0829
6.18s

=== Bootstrap 87/1000 ===

Chosen filter -> Eg_strong/Eg_weak >= 1.15, data_quantity >= 17 | CV acc=0.9213, CV bin acc=0.9587, n_rows(dedup)=775 | OOB acc=0.9639, OOB bin acc=0.9910, n_rows_test(dedup)=443 |
OOB cameras: ['hyytiala', 'marcell_MN', 'old_jack_pine', 'queens', 'sodankyla_full', 'torgnon', 'varrio']
OOB n=472 | RMSE=0.0920 | Bias=0.0025 | FracRMSE=0.3039 | FracBias=-0.0493 | NoneBias=0.0140 | FullBias=-0.0058
Aspect split eligible OOB rows (north/south facing fraction threshold = 0.75): 31 / 472
north_dominated OOB n=25 | RMSE=0.0000 | Bias=0.0000 | FracRMSE=nan | FracBias=nan | NoneBias=0.0000 | FullBias=0.0000
south_dominated OOB n=6 | RMSE=0.0000 | Bias=0.0000 | FracRMSE=nan | FracBias=nan | NoneBias=0.0000 | FullBias=0.0000
Low-gradient eligible OOB rows (gradient_p84 <= 4.0): 64 / 472
low_gradient_p84 OOB n=64 | RMSE=0.1020 | Bias=-0.0074 | FracRMSE=0.3077 | FracBias=-0.1645 | NoneBias=0.0143 | FullBias=0.0000
5.22s

=== Bootstrap 88/1000 ===

Chosen filter -> Eg_strong/Eg_weak >= 1.11, data_quantity >= 16 | CV acc=0.9252, CV bin acc=0.9810, n_rows(dedup)=842 | OOB acc=0.9578, OOB bin acc=0.9756, n_rows_test(dedup)=450 |
OOB cameras: ['bartlett', 'glees', 'hyytiala', 'kenttarova', 'old_jack_pine', 'oregon_yp']
OOB n=507 | RMSE=0.1512 | Bias=0.0018 | FracRMSE=0.2972 | FracBias=-0.1137 | NoneBias=0.0427 | FullBias=-0.0518
Aspect split eligible OOB rows (north/south facing fraction threshold = 0.75): 66 / 507
north_dominated OOB n=36 | RMSE=0.2837 | Bias=-0.0949 | FracRMSE=0.3761 | FracBias=-0.1815 | NoneBias=0.0123 | FullBias=-0.1007
south_dominated OOB n=30 | RMSE=0.1566 | Bias=-0.0265 | FracRMSE=0.4271 | FracBias=-0.1800 | NoneBias=0.0001 | FullBias=-0.0038
Low-gradient eligible OOB rows (gradient_p84 <= 4.0): 144 / 507
low_gradient_p84 OOB n=144 | RMSE=0.1350 | Bias=0.0450 | FracRMSE=0.2543 | FracBias=-0.1678 | NoneBias=0.0776 | FullBias=0.0000
5.45s

=== Bootstrap 89/1000 ===

Chosen filter -> Eg_strong/Eg_weak >= 1.27, data_quantity >= 14 | CV acc=0.9429, CV bin acc=0.9798, n_rows(dedup)=893 | OOB acc=0.9294, OOB bin acc=0.9859, n_rows_test(dedup)=496 |
OOB cameras: ['glees', 'hyytiala', 'marcell_MN', 'oregon_yp', 'tammela', 'torgnon', 'underc', 'varrio']
OOB n=535 | RMSE=0.1148 | Bias=0.0119 | FracRMSE=0.2546 | FracBias=-0.1407 | NoneBias=0.0498 | FullBias=-0.0248
Aspect split eligible OOB rows (north/south facing fraction threshold = 0.75): 42 / 535
north_dominated OOB n=22 | RMSE=0.0000 | Bias=0.0000 | FracRMSE=nan | FracBias=nan | NoneBias=0.0000 | FullBias=0.0000
south_dominated OOB n=20 | RMSE=0.0965 | Bias=-0.0119 | FracRMSE=0.4131 | FracBias=-0.4131 | NoneBias=0.0587 | FullBias=0.0000
Low-gradient eligible OOB rows (gradient_p84 <= 4.0): 99 / 535
low_gradient_p84 OOB n=99 | RMSE=0.1421 | Bias=0.0664 | FracRMSE=0.2612 | FracBias=-0.2299 | NoneBias=0.0935 | FullBias=0.0000
5.7s

=== Bootstrap 90/1000 ===

Chosen filter -> Eg_strong/Eg_weak >= 1.07, data_quantity >= 14 | CV acc=0.9337, CV bin acc=0.9738, n_rows(dedup)=1221 | OOB acc=0.9141, OOB bin acc=0.9961, n_rows_test(dedup)=256 |
OOB cameras: ['glees', 'marcell_MN', 'queens', 'sodankyla_full', 'torgnon', 'underhill']
OOB n=262 | RMSE=0.1146 | Bias=0.0128 | FracRMSE=0.2890 | FracBias=-0.2187 | NoneBias=0.0518 | FullBias=-0.0052
Aspect split eligible OOB rows (north/south facing fraction threshold = 0.75): 29 / 262
north_dominated OOB n=9 | RMSE=0.1817 | Bias=0.0606 | FracRMSE=nan | FracBias=nan | NoneBias=0.1090 | FullBias=0.0000
south_dominated OOB n=20 | RMSE=0.0626 | Bias=-0.0007 | FracRMSE=0.2286 | FracBias=-0.2286 | NoneBias=0.0428 | FullBias=0.0000
Low-gradient eligible OOB rows (gradient_p84 <= 4.0): 29 / 262
low_gradient_p84 OOB n=29 | RMSE=0.0679 | Bias=0.0033 | FracRMSE=0.2246 | FracBias=-0.2246 | NoneBias=0.0247 | FullBias=0.0000
6.4s

=== Bootstrap 91/1000 ===

Chosen filter -> Eg_strong/Eg_weak >= 1.28, data_quantity >= 11 | CV acc=0.9136, CV bin acc=0.9851, n_rows(dedup)=1076 | OOB acc=0.9373, OOB bin acc=0.9699, n_rows_test(dedup)=399 |
OOB cameras: ['bartlett', 'glees', 'kenttarova', 'marcell_MN', 'old_jack_pine', 'queens', 'tammela', 'underhill', 'willowcreek']
OOB n=446 | RMSE=0.1684 | Bias=-0.0056 | FracRMSE=0.3248 | FracBias=-0.1137 | NoneBias=0.0378 | FullBias=-0.0239
Aspect split eligible OOB rows (north/south facing fraction threshold = 0.75): 73 / 446
north_dominated OOB n=37 | RMSE=0.2305 | Bias=-0.0534 | FracRMSE=0.3940 | FracBias=-0.1913 | NoneBias=0.0401 | FullBias=0.0000
south_dominated OOB n=36 | RMSE=0.1420 | Bias=-0.0220 | FracRMSE=0.4261 | FracBias=-0.1976 | NoneBias=0.0000 | FullBias=0.0000
Low-gradient eligible OOB rows (gradient_p84 <= 4.0): 53 / 446
low_gradient_p84 OOB n=53 | RMSE=0.1494 | Bias=-0.0343 | FracRMSE=0.3194 | FracBias=-0.1849 | NoneBias=0.0127 | FullBias=-0.0523
6.12s

=== Bootstrap 92/1000 ===

Chosen filter -> Eg_strong/Eg_weak >= 1.18, data_quantity >= 9 | CV acc=0.9155, CV bin acc=0.9697, n_rows(dedup)=923 | OOB acc=0.9487, OOB bin acc=0.9921, n_rows_test(dedup)=507 |
OOB cameras: ['delta_junction', 'hyytiala', 'kenttarova', 'oregon_yp', 'queens', 'torgnon', 'varrio', 'wslcreek']
OOB n=582 | RMSE=0.1135 | Bias=0.0213 | FracRMSE=0.2508 | FracBias=0.0009 | NoneBias=0.0450 | FullBias=-0.0081
Aspect split eligible OOB rows (north/south facing fraction threshold = 0.75): 126 / 582
north_dominated OOB n=104 | RMSE=0.1087 | Bias=0.0054 | FracRMSE=0.2381 | FracBias=0.0136 | NoneBias=0.0102 | FullBias=0.0000
south_dominated OOB n=22 | RMSE=0.0651 | Bias=-0.0074 | FracRMSE=0.1527 | FracBias=-0.0408 | NoneBias=0.0000 | FullBias=0.0000
Low-gradient eligible OOB rows (gradient_p84 <= 4.0): 132 / 582
low_gradient_p84 OOB n=132 | RMSE=0.1456 | Bias=0.0600 | FracRMSE=0.2267 | FracBias=-0.0691 | NoneBias=0.0890 | FullBias=0.0000
5.73s

=== Bootstrap 93/1000 ===

Chosen filter -> Eg_strong/Eg_weak >= 1.05, data_quantity >= 17 | CV acc=0.9255, CV bin acc=0.9844, n_rows(dedup)=1087 | OOB acc=0.9097, OOB bin acc=0.9603, n_rows_test(dedup)=277 |
OOB cameras: ['bartlett', 'marcell_MN', 'sodankyla_full', 'torgnon', 'willowcreek', 'wslcreek']
OOB n=292 | RMSE=0.1945 | Bias=-0.0244 | FracRMSE=0.4819 | FracBias=-0.3362 | NoneBias=0.0476 | FullBias=-0.0502
Aspect split eligible OOB rows (north/south facing fraction threshold = 0.75): 44 / 292
north_dominated OOB n=33 | RMSE=0.2562 | Bias=-0.0879 | FracRMSE=0.4741 | FracBias=-0.2967 | NoneBias=0.0000 | FullBias=-0.0644
south_dominated OOB n=11 | RMSE=0.3647 | Bias=-0.1667 | FracRMSE=0.8500 | FracBias=-0.8500 | NoneBias=0.0000 | FullBias=-0.0191
Low-gradient eligible OOB rows (gradient_p84 <= 4.0): 32 / 292
low_gradient_p84 OOB n=32 | RMSE=0.1256 | Bias=-0.0087 | FracRMSE=0.2624 | FracBias=-0.2624 | NoneBias=0.0472 | FullBias=-0.0453
6.01s

=== Bootstrap 94/1000 ===

Chosen filter -> Eg_strong/Eg_weak >= 1.18, data_quantity >= 14 | CV acc=0.9580, CV bin acc=0.9873, n_rows(dedup)=1025 | OOB acc=0.9162, OOB bin acc=0.9814, n_rows_test(dedup)=537 |
OOB cameras: ['bartlett', 'delta_junction', 'glees', 'kenttarova', 'marcell_MN', 'old_jack_pine', 'oregon_yp', 'queens', 'willowcreek']
OOB n=627 | RMSE=0.1788 | Bias=-0.0207 | FracRMSE=0.3705 | FracBias=-0.1518 | NoneBias=0.0143 | FullBias=-0.0201
Aspect split eligible OOB rows (north/south facing fraction threshold = 0.75): 100 / 627
north_dominated OOB n=67 | RMSE=0.2285 | Bias=-0.0701 | FracRMSE=0.4082 | FracBias=-0.2237 | NoneBias=0.0000 | FullBias=0.0000
south_dominated OOB n=33 | RMSE=0.1487 | Bias=-0.0218 | FracRMSE=0.4271 | FracBias=-0.1800 | NoneBias=0.0000 | FullBias=0.0000
Low-gradient eligible OOB rows (gradient_p84 <= 4.0): 172 / 627
low_gradient_p84 OOB n=172 | RMSE=0.1388 | Bias=-0.0404 | FracRMSE=0.3708 | FracBias=-0.2860 | NoneBias=0.0002 | FullBias=-0.0055
6.2s

=== Bootstrap 95/1000 ===

Chosen filter -> Eg_strong/Eg_weak >= 1.05, data_quantity >= 12 | CV acc=0.9066, CV bin acc=0.9708, n_rows(dedup)=1199 | OOB acc=0.9659, OOB bin acc=0.9795, n_rows_test(dedup)=293 |
OOB cameras: ['bartlett', 'kenttarova', 'lacclair', 'oregon_yp', 'tammela']
OOB n=366 | RMSE=0.1533 | Bias=0.0003 | FracRMSE=0.3146 | FracBias=-0.1791 | NoneBias=0.0522 | FullBias=-0.0269
Aspect split eligible OOB rows (north/south facing fraction threshold = 0.75): 62 / 366
north_dominated OOB n=40 | RMSE=0.2615 | Bias=-0.0886 | FracRMSE=0.3943 | FracBias=-0.2096 | NoneBias=0.0115 | FullBias=-0.0712
south_dominated OOB n=22 | RMSE=0.2567 | Bias=-0.0731 | FracRMSE=0.5384 | FracBias=-0.3217 | NoneBias=0.0000 | FullBias=0.0000
Low-gradient eligible OOB rows (gradient_p84 <= 4.0): 108 / 366
low_gradient_p84 OOB n=108 | RMSE=0.1452 | Bias=0.0655 | FracRMSE=0.2421 | FracBias=-0.1758 | NoneBias=0.0929 | FullBias=0.0000
5.96s

=== Bootstrap 96/1000 ===

Chosen filter -> Eg_strong/Eg_weak >= 1.08, data_quantity >= 16 | CV acc=0.9031, CV bin acc=0.9767, n_rows(dedup)=774 | OOB acc=0.8913, OOB bin acc=0.9928, n_rows_test(dedup)=552 |
OOB cameras: ['delta_junction', 'glees', 'kenttarova', 'lacclair', 'old_jack_pine', 'sodankyla_full', 'underc', 'varrio', 'wslcreek']
OOB n=672 | RMSE=0.1463 | Bias=0.0126 | FracRMSE=0.3370 | FracBias=0.0388 | NoneBias=0.0199 | FullBias=-0.0002
Aspect split eligible OOB rows (north/south facing fraction threshold = 0.75): 138 / 672
north_dominated OOB n=106 | RMSE=0.1408 | Bias=0.0015 | FracRMSE=0.3242 | FracBias=0.0079 | NoneBias=0.0000 | FullBias=0.0000
south_dominated OOB n=32 | RMSE=0.0151 | Bias=0.0041 | FracRMSE=0.0493 | FracBias=0.0433 | NoneBias=0.0000 | FullBias=0.0000
Low-gradient eligible OOB rows (gradient_p84 <= 4.0): 96 / 672
low_gradient_p84 OOB n=96 | RMSE=0.1339 | Bias=0.0080 | FracRMSE=0.3148 | FracBias=0.0339 | NoneBias=0.0040 | FullBias=0.0000
4.91s

=== Bootstrap 97/1000 ===

Chosen filter -> Eg_strong/Eg_weak >= 1.18, data_quantity >= 17 | CV acc=0.9551, CV bin acc=0.9742, n_rows(dedup)=890 | OOB acc=0.8902, OOB bin acc=0.9911, n_rows_test(dedup)=337 |
OOB cameras: ['delta_junction', 'glees', 'lacclair', 'sodankyla_full', 'tammela', 'torgnon', 'underc']
OOB n=409 | RMSE=0.1389 | Bias=0.0046 | FracRMSE=0.3363 | FracBias=-0.0218 | NoneBias=0.0183 | FullBias=-0.0005
Aspect split eligible OOB rows (north/south facing fraction threshold = 0.75): 57 / 409
north_dominated OOB n=41 | RMSE=0.1932 | Bias=-0.0247 | FracRMSE=0.3730 | FracBias=-0.0919 | NoneBias=0.0000 | FullBias=0.0000
south_dominated OOB n=16 | RMSE=0.0000 | Bias=0.0000 | FracRMSE=nan | FracBias=nan | NoneBias=0.0000 | FullBias=0.0000
Low-gradient eligible OOB rows (gradient_p84 <= 4.0): 49 / 409
low_gradient_p84 OOB n=49 | RMSE=0.1064 | Bias=0.0027 | FracRMSE=0.2439 | FracBias=-0.0010 | NoneBias=0.0070 | FullBias=0.0000
5.55s

=== Bootstrap 98/1000 ===

Chosen filter -> Eg_strong/Eg_weak >= 1.05, data_quantity >= 16 | CV acc=0.9204, CV bin acc=0.9688, n_rows(dedup)=930 | OOB acc=0.9676, OOB bin acc=0.9717, n_rows_test(dedup)=247 |
OOB cameras: ['hyytiala', 'lacclair', 'old_jack_pine', 'wslcreek']
OOB n=300 | RMSE=0.1122 | Bias=-0.0052 | FracRMSE=0.2925 | FracBias=-0.0683 | NoneBias=0.0077 | FullBias=-0.0061
Aspect split eligible OOB rows (north/south facing fraction threshold = 0.75): 23 / 300
north_dominated OOB n=20 | RMSE=0.0535 | Bias=0.0109 | FracRMSE=0.1692 | FracBias=0.1092 | NoneBias=nan | FullBias=0.0000
south_dominated OOB n=3 | RMSE=0.0000 | Bias=0.0000 | FracRMSE=nan | FracBias=nan | NoneBias=nan | FullBias=0.0000
Low-gradient eligible OOB rows (gradient_p84 <= 4.0): 39 / 300
low_gradient_p84 OOB n=39 | RMSE=0.1242 | Bias=-0.0268 | FracRMSE=0.3165 | FracBias=-0.1745 | NoneBias=0.0000 | FullBias=0.0000
5.85s

=== Bootstrap 99/1000 ===

Chosen filter -> Eg_strong/Eg_weak >= 1.05, data_quantity >= 15 | CV acc=0.8964, CV bin acc=0.9813, n_rows(dedup)=965 | OOB acc=0.9670, OOB bin acc=0.9820, n_rows_test(dedup)=333 |
OOB cameras: ['bartlett', 'kenttarova', 'old_jack_pine', 'tammela', 'underhill', 'varrio']
OOB n=383 | RMSE=0.1585 | Bias=-0.0127 | FracRMSE=0.3578 | FracBias=-0.0968 | NoneBias=0.0120 | FullBias=-0.0172
Aspect split eligible OOB rows (north/south facing fraction threshold = 0.75): 85 / 383
north_dominated OOB n=61 | RMSE=0.2205 | Bias=-0.0579 | FracRMSE=0.3911 | FracBias=-0.1871 | NoneBias=0.0000 | FullBias=-0.0475
south_dominated OOB n=24 | RMSE=0.2460 | Bias=-0.0654 | FracRMSE=0.5389 | FracBias=-0.3140 | NoneBias=0.0000 | FullBias=0.0000
Low-gradient eligible OOB rows (gradient_p84 <= 4.0): 48 / 383
low_gradient_p84 OOB n=48 | RMSE=0.1118 | Bias=-0.0186 | FracRMSE=0.2738 | FracBias=-0.1113 | NoneBias=0.0000 | FullBias=0.0000
5.61s

=== Bootstrap 100/1000 ===

Chosen filter -> Eg_strong/Eg_weak >= 1.05, data_quantity >= 9 | CV acc=0.9573, CV bin acc=0.9736, n_rows(dedup)=1289 | OOB acc=0.8785, OOB bin acc=0.9802, n_rows_test(dedup)=354 |
OOB cameras: ['queens', 'sodankyla_full', 'underc', 'underhill', 'varrio', 'wslcreek']
OOB n=382 | RMSE=0.1404 | Bias=0.0094 | FracRMSE=0.2643 | FracBias=0.0164 | NoneBias=0.0448 | FullBias=-0.0124
Aspect split eligible OOB rows (north/south facing fraction threshold = 0.75): 59 / 382
north_dominated OOB n=51 | RMSE=0.0909 | Bias=0.0176 | FracRMSE=0.3032 | FracBias=0.2042 | NoneBias=0.0443 | FullBias=0.0000
south_dominated OOB n=8 | RMSE=0.0000 | Bias=0.0000 | FracRMSE=nan | FracBias=nan | NoneBias=0.0000 | FullBias=0.0000
Low-gradient eligible OOB rows (gradient_p84 <= 4.0): 30 / 382
low_gradient_p84 OOB n=30 | RMSE=0.0556 | Bias=0.0068 | FracRMSE=0.0987 | FracBias=-0.0987 | NoneBias=0.0232 | FullBias=0.0000
6.41s

=== Bootstrap 101/1000 ===

Chosen filter -> Eg_strong/Eg_weak >= 1.05, data_quantity >= 17 | CV acc=0.9206, CV bin acc=0.9799, n_rows(dedup)=1045 | OOB acc=0.9316, OOB bin acc=0.9848, n_rows_test(dedup)=526 |
OOB cameras: ['bartlett', 'kenttarova', 'marcell_MN', 'oregon_yp', 'queens', 'sodankyla_full', 'torgnon', 'underc', 'underhill', 'varrio']
OOB n=588 | RMSE=0.1451 | Bias=0.0080 | FracRMSE=0.3034 | FracBias=-0.1541 | NoneBias=0.0599 | FullBias=-0.0201
Aspect split eligible OOB rows (north/south facing fraction threshold = 0.75): 87 / 588
north_dominated OOB n=62 | RMSE=0.1984 | Bias=-0.0460 | FracRMSE=0.3635 | FracBias=-0.1823 | NoneBias=0.0183 | FullBias=-0.0478
south_dominated OOB n=25 | RMSE=0.2411 | Bias=-0.0680 | FracRMSE=0.6018 | FracBias=-0.4075 | NoneBias=0.0000 | FullBias=-0.0043
Low-gradient eligible OOB rows (gradient_p84 <= 4.0): 132 / 588
low_gradient_p84 OOB n=132 | RMSE=0.1363 | Bias=0.0670 | FracRMSE=0.2271 | FracBias=-0.1822 | NoneBias=0.1006 | FullBias=0.0000
6.39s

=== Bootstrap 102/1000 ===

Chosen filter -> Eg_strong/Eg_weak >= 1.05, data_quantity >= 9 | CV acc=0.9517, CV bin acc=0.9851, n_rows(dedup)=1139 | OOB acc=0.9038, OOB bin acc=0.9621, n_rows_test(dedup)=634 |
OOB cameras: ['bartlett', 'delta_junction', 'hyytiala', 'lacclair', 'marcell_MN', 'oregon_yp', 'sodankyla_full', 'underc', 'wslcreek']
OOB n=748 | RMSE=0.1521 | Bias=-0.0060 | FracRMSE=0.3239 | FracBias=-0.1220 | NoneBias=0.0380 | FullBias=-0.0296
Aspect split eligible OOB rows (north/south facing fraction threshold = 0.75): 86 / 748
north_dominated OOB n=73 | RMSE=0.2304 | Bias=-0.0616 | FracRMSE=0.4020 | FracBias=-0.1870 | NoneBias=0.0060 | FullBias=-0.0412
south_dominated OOB n=13 | RMSE=0.3334 | Bias=-0.1308 | FracRMSE=0.8500 | FracBias=-0.8500 | NoneBias=0.0000 | FullBias=0.0000
Low-gradient eligible OOB rows (gradient_p84 <= 4.0): 151 / 748
low_gradient_p84 OOB n=151 | RMSE=0.1284 | Bias=0.0454 | FracRMSE=0.2244 | FracBias=-0.1158 | NoneBias=0.0788 | FullBias=0.0000
5.96s

=== Bootstrap 103/1000 ===

Chosen filter -> Eg_strong/Eg_weak >= 1.20, data_quantity >= 9 | CV acc=0.9403, CV bin acc=0.9832, n_rows(dedup)=954 | OOB acc=0.8280, OOB bin acc=0.9713, n_rows_test(dedup)=314 |
OOB cameras: ['glees', 'kenttarova', 'queens', 'sodankyla_full', 'underhill', 'willowcreek']
OOB n=335 | RMSE=0.1629 | Bias=0.0150 | FracRMSE=0.1281 | FracBias=-0.0305 | NoneBias=0.0739 | FullBias=-0.0253
Aspect split eligible OOB rows (north/south facing fraction threshold = 0.75): 70 / 335
north_dominated OOB n=37 | RMSE=0.0950 | Bias=0.0186 | FracRMSE=0.0444 | FracBias=0.0190 | NoneBias=0.0524 | FullBias=-0.0054
south_dominated OOB n=33 | RMSE=0.0357 | Bias=0.0015 | FracRMSE=0.0751 | FracBias=-0.0150 | NoneBias=0.0227 | FullBias=-0.0040
Low-gradient eligible OOB rows (gradient_p84 <= 4.0): 42 / 335
low_gradient_p84 OOB n=42 | RMSE=0.1364 | Bias=-0.0005 | FracRMSE=0.1625 | FracBias=-0.1016 | NoneBias=0.0537 | FullBias=-0.0368
5.55s

=== Bootstrap 104/1000 ===

Chosen filter -> Eg_strong/Eg_weak >= 1.18, data_quantity >= 16 | CV acc=0.9388, CV bin acc=0.9835, n_rows(dedup)=849 | OOB acc=0.8932, OOB bin acc=0.9911, n_rows_test(dedup)=337 |
OOB cameras: ['delta_junction', 'marcell_MN', 'old_jack_pine', 'torgnon', 'underc', 'varrio']
OOB n=406 | RMSE=0.1697 | Bias=0.0057 | FracRMSE=0.3721 | FracBias=-0.0113 | NoneBias=0.0190 | FullBias=0.0000
Aspect split eligible OOB rows (north/south facing fraction threshold = 0.75): 57 / 406
north_dominated OOB n=53 | RMSE=0.1916 | Bias=-0.0216 | FracRMSE=0.4207 | FracBias=-0.1041 | NoneBias=0.0000 | FullBias=0.0000
south_dominated OOB n=4 | RMSE=0.0000 | Bias=0.0000 | FracRMSE=nan | FracBias=nan | NoneBias=nan | FullBias=0.0000
Low-gradient eligible OOB rows (gradient_p84 <= 4.0): 59 / 406
low_gradient_p84 OOB n=59 | RMSE=0.1627 | Bias=-0.0130 | FracRMSE=0.3341 | FracBias=-0.0549 | NoneBias=0.0000 | FullBias=0.0000
5.51s

=== Bootstrap 105/1000 ===

Chosen filter -> Eg_strong/Eg_weak >= 1.28, data_quantity >= 16 | CV acc=0.8613, CV bin acc=0.9908, n_rows(dedup)=757 | OOB acc=0.9553, OOB bin acc=0.9660, n_rows_test(dedup)=470 |
OOB cameras: ['bartlett', 'hyytiala', 'kenttarova', 'old_jack_pine', 'sodankyla_full', 'tammela', 'willowcreek']
OOB n=513 | RMSE=0.1598 | Bias=-0.0224 | FracRMSE=0.3149 | FracBias=-0.1413 | NoneBias=0.0232 | FullBias=-0.0646
Aspect split eligible OOB rows (north/south facing fraction threshold = 0.75): 55 / 513
north_dominated OOB n=37 | RMSE=0.1863 | Bias=-0.0511 | FracRMSE=0.3546 | FracBias=-0.1718 | NoneBias=0.0061 | FullBias=-0.0137
south_dominated OOB n=18 | RMSE=0.2073 | Bias=-0.0604 | FracRMSE=0.4320 | FracBias=-0.2306 | NoneBias=0.0000 | FullBias=-0.0165
Low-gradient eligible OOB rows (gradient_p84 <= 4.0): 77 / 513
low_gradient_p84 OOB n=77 | RMSE=0.1361 | Bias=-0.0330 | FracRMSE=0.3166 | FracBias=-0.2396 | NoneBias=0.0191 | FullBias=-0.0456
5.41s

=== Bootstrap 106/1000 ===

Chosen filter -> Eg_strong/Eg_weak >= 1.28, data_quantity >= 17 | CV acc=0.9044, CV bin acc=0.9802, n_rows(dedup)=910 | OOB acc=0.9348, OOB bin acc=0.9773, n_rows_test(dedup)=353 |
OOB cameras: ['kenttarova', 'marcell_MN', 'sodankyla_full', 'tammela', 'underhill', 'willowcreek', 'wslcreek']
OOB n=375 | RMSE=0.1402 | Bias=-0.0010 | FracRMSE=0.1810 | FracBias=-0.0292 | NoneBias=0.0405 | FullBias=-0.0338
Aspect split eligible OOB rows (north/south facing fraction threshold = 0.75): 62 / 375
north_dominated OOB n=49 | RMSE=0.0745 | Bias=0.0178 | FracRMSE=0.1244 | FracBias=0.0656 | NoneBias=0.0529 | FullBias=-0.0040
south_dominated OOB n=13 | RMSE=0.0169 | Bias=0.0054 | FracRMSE=0.0430 | FracBias=0.0350 | NoneBias=0.0000 | FullBias=0.0000
Low-gradient eligible OOB rows (gradient_p84 <= 4.0): 39 / 375
low_gradient_p84 OOB n=39 | RMSE=0.1260 | Bias=-0.0028 | FracRMSE=0.1997 | FracBias=-0.1080 | NoneBias=0.0457 | FullBias=-0.0423
5.64s

=== Bootstrap 107/1000 ===

Chosen filter -> Eg_strong/Eg_weak >= 1.05, data_quantity >= 16 | CV acc=0.8691, CV bin acc=0.9857, n_rows(dedup)=978 | OOB acc=0.9384, OOB bin acc=0.9619, n_rows_test(dedup)=341 |
OOB cameras: ['bartlett', 'glees', 'marcell_MN', 'old_jack_pine', 'varrio', 'willowcreek']
OOB n=376 | RMSE=0.1922 | Bias=-0.0280 | FracRMSE=0.4327 | FracBias=-0.2599 | NoneBias=0.0380 | FullBias=-0.0499
Aspect split eligible OOB rows (north/south facing fraction threshold = 0.75): 53 / 376
north_dominated OOB n=29 | RMSE=0.2955 | Bias=-0.1210 | FracRMSE=0.6493 | FracBias=-0.6438 | NoneBias=0.0000 | FullBias=-0.0877
south_dominated OOB n=24 | RMSE=0.2478 | Bias=-0.0759 | FracRMSE=0.8500 | FracBias=-0.8500 | NoneBias=0.0112 | FullBias=-0.0092
Low-gradient eligible OOB rows (gradient_p84 <= 4.0): 43 / 376
low_gradient_p84 OOB n=43 | RMSE=0.1567 | Bias=-0.0439 | FracRMSE=0.3453 | FracBias=-0.2638 | NoneBias=0.0206 | FullBias=-0.0863
5.99s

=== Bootstrap 108/1000 ===

Chosen filter -> Eg_strong/Eg_weak >= 1.05, data_quantity >= 11 | CV acc=0.9482, CV bin acc=0.9779, n_rows(dedup)=1313 | OOB acc=0.9405, OOB bin acc=0.9943, n_rows_test(dedup)=353 |
OOB cameras: ['delta_junction', 'queens', 'sodankyla_full', 'tammela', 'torgnon', 'underhill', 'wslcreek']
OOB n=391 | RMSE=0.1300 | Bias=0.0116 | FracRMSE=0.3317 | FracBias=0.0420 | NoneBias=0.0168 | FullBias=0.0000
Aspect split eligible OOB rows (north/south facing fraction threshold = 0.75): 69 / 391
north_dominated OOB n=61 | RMSE=0.1573 | Bias=-0.0112 | FracRMSE=0.3382 | FracBias=-0.0638 | NoneBias=0.0078 | FullBias=0.0000
south_dominated OOB n=8 | RMSE=0.0455 | Bias=-0.0161 | FracRMSE=0.1288 | FracBias=-0.1288 | NoneBias=0.0000 | FullBias=0.0000
Low-gradient eligible OOB rows (gradient_p84 <= 4.0): 52 / 391
low_gradient_p84 OOB n=52 | RMSE=0.1006 | Bias=0.0021 | FracRMSE=0.2341 | FracBias=-0.0081 | NoneBias=0.0087 | FullBias=0.0000
6.12s

=== Bootstrap 109/1000 ===

Chosen filter -> Eg_strong/Eg_weak >= 1.07, data_quantity >= 17 | CV acc=0.9059, CV bin acc=0.9818, n_rows(dedup)=659 | OOB acc=0.9651, OOB bin acc=0.9873, n_rows_test(dedup)=631 |
OOB cameras: ['hyytiala', 'old_jack_pine', 'oregon_yp', 'sodankyla_full', 'tammela', 'varrio', 'willowcreek']
OOB n=672 | RMSE=0.1365 | Bias=0.0267 | FracRMSE=0.2616 | FracBias=-0.0983 | NoneBias=0.0571 | FullBias=-0.0208
Aspect split eligible OOB rows (north/south facing fraction threshold = 0.75): 30 / 672
north_dominated OOB n=26 | RMSE=0.0084 | Bias=0.0017 | FracRMSE=nan | FracBias=nan | NoneBias=0.0039 | FullBias=0.0000
south_dominated OOB n=4 | RMSE=0.0000 | Bias=0.0000 | FracRMSE=nan | FracBias=nan | NoneBias=0.0000 | FullBias=0.0000
Low-gradient eligible OOB rows (gradient_p84 <= 4.0): 166 / 672
low_gradient_p84 OOB n=166 | RMSE=0.1540 | Bias=0.0645 | FracRMSE=0.2445 | FracBias=-0.1755 | NoneBias=0.1073 | FullBias=-0.0238
5.04s

=== Bootstrap 110/1000 ===

Chosen filter -> Eg_strong/Eg_weak >= 1.11, data_quantity >= 17 | CV acc=0.9375, CV bin acc=0.9668, n_rows(dedup)=1024 | OOB acc=0.8830, OOB bin acc=0.9628, n_rows_test(dedup)=188 |
OOB cameras: ['bartlett', 'marcell_MN', 'tammela', 'underc', 'underhill']
OOB n=210 | RMSE=0.2025 | Bias=-0.0230 | FracRMSE=0.4296 | FracBias=-0.2242 | NoneBias=0.0294 | FullBias=-0.0309
Aspect split eligible OOB rows (north/south facing fraction threshold = 0.75): 15 / 210
north_dominated OOB n=10 | RMSE=0.5629 | Bias=-0.3912 | FracRMSE=0.7397 | FracBias=-0.7286 | NoneBias=0.0000 | FullBias=-0.3451
south_dominated OOB n=5 | RMSE=0.3801 | Bias=-0.1700 | FracRMSE=0.8500 | FracBias=-0.8500 | NoneBias=nan | FullBias=0.0000
Low-gradient eligible OOB rows (gradient_p84 <= 4.0): 0 / 210
low_gradient_p84 OOB n=0 | RMSE=nan | Bias=nan | FracRMSE=nan | FracBias=nan | NoneBias=nan | FullBias=nan
5.82s

=== Bootstrap 111/1000 ===

Chosen filter -> Eg_strong/Eg_weak >= 1.05, data_quantity >= 12 | CV acc=0.9341, CV bin acc=0.9685, n_rows(dedup)=1365 | OOB acc=0.8954, OOB bin acc=0.9538, n_rows_test(dedup)=411 |
OOB cameras: ['glees', 'hyytiala', 'kenttarova', 'lacclair', 'marcell_MN', 'tammela', 'underc', 'underhill']
OOB n=479 | RMSE=0.1364 | Bias=0.0058 | FracRMSE=0.1967 | FracBias=-0.0201 | NoneBias=0.0378 | FullBias=-0.0245
Aspect split eligible OOB rows (north/south facing fraction threshold = 0.75): 63 / 479
north_dominated OOB n=32 | RMSE=0.0807 | Bias=0.0216 | FracRMSE=0.0400 | FracBias=0.0314 | NoneBias=0.0589 | FullBias=0.0000
south_dominated OOB n=31 | RMSE=0.0280 | Bias=0.0099 | FracRMSE=0.0493 | FracBias=0.0433 | NoneBias=0.0252 | FullBias=0.0000
Low-gradient eligible OOB rows (gradient_p84 <= 4.0): 9 / 479
low_gradient_p84 OOB n=9 | RMSE=0.0283 | Bias=0.0133 | FracRMSE=0.0600 | FracBias=0.0600 | NoneBias=0.0000 | FullBias=0.0000
6.7s

=== Bootstrap 112/1000 ===

Chosen filter -> Eg_strong/Eg_weak >= 1.05, data_quantity >= 17 | CV acc=0.9189, CV bin acc=0.9643, n_rows(dedup)=925 | OOB acc=0.9643, OOB bin acc=0.9937, n_rows_test(dedup)=476 |
OOB cameras: ['delta_junction', 'hyytiala', 'lacclair', 'marcell_MN', 'oregon_yp', 'queens', 'varrio', 'wslcreek']
OOB n=563 | RMSE=0.1156 | Bias=0.0200 | FracRMSE=0.2617 | FracBias=-0.0439 | NoneBias=0.0505 | FullBias=-0.0088
Aspect split eligible OOB rows (north/south facing fraction threshold = 0.75): 80 / 563
north_dominated OOB n=73 | RMSE=0.1163 | Bias=-0.0011 | FracRMSE=0.2719 | FracBias=-0.0191 | NoneBias=0.0082 | FullBias=0.0000
south_dominated OOB n=7 | RMSE=0.0000 | Bias=0.0000 | FracRMSE=nan | FracBias=nan | NoneBias=nan | FullBias=0.0000
Low-gradient eligible OOB rows (gradient_p84 <= 4.0): 118 / 563
low_gradient_p84 OOB n=118 | RMSE=0.1569 | Bias=0.0790 | FracRMSE=0.2123 | FracBias=-0.0888 | NoneBias=0.1119 | FullBias=0.0000
5.55s

=== Bootstrap 113/1000 ===

Chosen filter -> Eg_strong/Eg_weak >= 1.18, data_quantity >= 14 | CV acc=0.9556, CV bin acc=0.9816, n_rows(dedup)=1193 | OOB acc=0.8436, OOB bin acc=0.9621, n_rows_test(dedup)=211 |
OOB cameras: ['bartlett', 'glees', 'tammela', 'torgnon', 'underc', 'wslcreek']
OOB n=233 | RMSE=0.1577 | Bias=-0.0171 | FracRMSE=0.4026 | FracBias=-0.1865 | NoneBias=0.0253 | FullBias=-0.0148
Aspect split eligible OOB rows (north/south facing fraction threshold = 0.75): 48 / 233
north_dominated OOB n=24 | RMSE=0.2506 | Bias=-0.0775 | FracRMSE=0.5491 | FracBias=-0.3718 | NoneBias=0.0000 | FullBias=0.0000
south_dominated OOB n=24 | RMSE=0.1905 | Bias=-0.0515 | FracRMSE=0.6599 | FracBias=-0.6176 | NoneBias=0.0000 | FullBias=0.0000
Low-gradient eligible OOB rows (gradient_p84 <= 4.0): 0 / 233
low_gradient_p84 OOB n=0 | RMSE=nan | Bias=nan | FracRMSE=nan | FracBias=nan | NoneBias=nan | FullBias=nan
6.21s

=== Bootstrap 114/1000 ===

Chosen filter -> Eg_strong/Eg_weak >= 1.05, data_quantity >= 16 | CV acc=0.9300, CV bin acc=0.9762, n_rows(dedup)=1300 | OOB acc=0.9048, OOB bin acc=0.9524, n_rows_test(dedup)=147 |
OOB cameras: ['bartlett', 'kenttarova', 'lacclair', 'marcell_MN', 'underhill']
OOB n=204 | RMSE=0.1941 | Bias=-0.0422 | FracRMSE=0.3513 | FracBias=-0.1763 | NoneBias=0.0193 | FullBias=-0.0312
Aspect split eligible OOB rows (north/south facing fraction threshold = 0.75): 62 / 204
north_dominated OOB n=40 | RMSE=0.2764 | Bias=-0.0880 | FracRMSE=0.3934 | FracBias=-0.1896 | NoneBias=0.0083 | FullBias=-0.0854
south_dominated OOB n=22 | RMSE=0.2569 | Bias=-0.0714 | FracRMSE=0.5389 | FracBias=-0.3140 | NoneBias=0.0000 | FullBias=0.0000
Low-gradient eligible OOB rows (gradient_p84 <= 4.0): 8 / 204
low_gradient_p84 OOB n=8 | RMSE=0.0300 | Bias=0.0150 | FracRMSE=0.0600 | FracBias=0.0600 | NoneBias=0.0000 | FullBias=0.0000
6.73s

=== Bootstrap 115/1000 ===

Chosen filter -> Eg_strong/Eg_weak >= 1.05, data_quantity >= 12 | CV acc=0.9145, CV bin acc=0.9542, n_rows(dedup)=1135 | OOB acc=0.9224, OOB bin acc=0.9665, n_rows_test(dedup)=477 |
OOB cameras: ['bartlett', 'delta_junction', 'hyytiala', 'kenttarova', 'lacclair', 'sodankyla_full', 'torgnon', 'varrio']
OOB n=575 | RMSE=0.1369 | Bias=-0.0207 | FracRMSE=0.3419 | FracBias=-0.1196 | NoneBias=0.0028 | FullBias=-0.0164
Aspect split eligible OOB rows (north/south facing fraction threshold = 0.75): 130 / 575
north_dominated OOB n=101 | RMSE=0.2225 | Bias=-0.0576 | FracRMSE=0.3981 | FracBias=-0.1863 | NoneBias=0.0000 | FullBias=-0.0373
south_dominated OOB n=29 | RMSE=0.2344 | Bias=-0.0671 | FracRMSE=0.5152 | FracBias=-0.3242 | NoneBias=0.0000 | FullBias=0.0000
Low-gradient eligible OOB rows (gradient_p84 <= 4.0): 62 / 575
low_gradient_p84 OOB n=62 | RMSE=0.0847 | Bias=-0.0027 | FracRMSE=0.1962 | FracBias=-0.0283 | NoneBias=0.0059 | FullBias=0.0000
5.83s

=== Bootstrap 116/1000 ===

Chosen filter -> Eg_strong/Eg_weak >= 1.18, data_quantity >= 16 | CV acc=0.9215, CV bin acc=0.9878, n_rows(dedup)=904 | OOB acc=0.9386, OOB bin acc=0.9640, n_rows_test(dedup)=472 |
OOB cameras: ['bartlett', 'glees', 'hyytiala', 'kenttarova', 'lacclair', 'oregon_yp', 'queens', 'varrio', 'willowcreek']
OOB n=545 | RMSE=0.1569 | Bias=0.0008 | FracRMSE=0.2731 | FracBias=-0.1613 | NoneBias=0.0601 | FullBias=-0.0534
Aspect split eligible OOB rows (north/south facing fraction threshold = 0.75): 92 / 545
north_dominated OOB n=56 | RMSE=0.1580 | Bias=-0.0303 | FracRMSE=0.3714 | FracBias=-0.1794 | NoneBias=0.0098 | FullBias=-0.0016
south_dominated OOB n=36 | RMSE=0.1461 | Bias=-0.0259 | FracRMSE=0.4261 | FracBias=-0.1952 | NoneBias=0.0082 | FullBias=-0.0078
Low-gradient eligible OOB rows (gradient_p84 <= 4.0): 110 / 545
low_gradient_p84 OOB n=110 | RMSE=0.1437 | Bias=0.0702 | FracRMSE=0.2160 | FracBias=-0.1647 | NoneBias=0.1032 | FullBias=-0.1353
5.67s

=== Bootstrap 117/1000 ===

Chosen filter -> Eg_strong/Eg_weak >= 1.05, data_quantity >= 17 | CV acc=0.9423, CV bin acc=0.9739, n_rows(dedup)=919 | OOB acc=0.9311, OOB bin acc=0.9800, n_rows_test(dedup)=450 |
OOB cameras: ['delta_junction', 'hyytiala', 'lacclair', 'oregon_yp', 'torgnon', 'underc', 'willowcreek', 'wslcreek']
OOB n=542 | RMSE=0.1729 | Bias=0.0410 | FracRMSE=0.2760 | FracBias=0.0042 | NoneBias=0.0798 | FullBias=-0.0211
Aspect split eligible OOB rows (north/south facing fraction threshold = 0.75): 58 / 542
north_dominated OOB n=54 | RMSE=0.1420 | Bias=0.0030 | FracRMSE=0.2852 | FracBias=-0.0011 | NoneBias=0.0125 | FullBias=0.0000
south_dominated OOB n=4 | RMSE=0.0000 | Bias=0.0000 | FracRMSE=nan | FracBias=nan | NoneBias=nan | FullBias=0.0000
Low-gradient eligible OOB rows (gradient_p84 <= 4.0): 122 / 542
low_gradient_p84 OOB n=122 | RMSE=0.1720 | Bias=0.0830 | FracRMSE=0.2153 | FracBias=-0.0771 | NoneBias=0.1209 | FullBias=-0.0609
5.73s

=== Bootstrap 118/1000 ===

Chosen filter -> Eg_strong/Eg_weak >= 1.05, data_quantity >= 13 | CV acc=0.9342, CV bin acc=0.9804, n_rows(dedup)=1277 | OOB acc=0.9161, OOB bin acc=0.9441, n_rows_test(dedup)=143 |
OOB cameras: ['bartlett', 'kenttarova', 'lacclair', 'underhill', 'wslcreek']
OOB n=203 | RMSE=0.2060 | Bias=-0.0354 | FracRMSE=0.3584 | FracBias=-0.1720 | NoneBias=0.0472 | FullBias=-0.0238
Aspect split eligible OOB rows (north/south facing fraction threshold = 0.75): 85 / 203
north_dominated OOB n=60 | RMSE=0.2394 | Bias=-0.0640 | FracRMSE=0.4125 | FracBias=-0.1882 | NoneBias=0.0078 | FullBias=-0.0397
south_dominated OOB n=25 | RMSE=0.2410 | Bias=-0.0628 | FracRMSE=0.5389 | FracBias=-0.3140 | NoneBias=0.0000 | FullBias=0.0000
Low-gradient eligible OOB rows (gradient_p84 <= 4.0): 9 / 203
low_gradient_p84 OOB n=9 | RMSE=0.0283 | Bias=0.0133 | FracRMSE=0.0600 | FracBias=0.0600 | NoneBias=0.0000 | FullBias=0.0000
6.3s

=== Bootstrap 119/1000 ===

Chosen filter -> Eg_strong/Eg_weak >= 1.18, data_quantity >= 16 | CV acc=0.9253, CV bin acc=0.9830, n_rows(dedup)=883 | OOB acc=0.9664, OOB bin acc=0.9765, n_rows_test(dedup)=298 |
OOB cameras: ['bartlett', 'oregon_yp', 'tammela', 'torgnon', 'willowcreek', 'wslcreek']
OOB n=322 | RMSE=0.1762 | Bias=0.0180 | FracRMSE=0.3501 | FracBias=-0.2351 | NoneBias=0.0702 | FullBias=-0.0468
Aspect split eligible OOB rows (north/south facing fraction threshold = 0.75): 32 / 322
north_dominated OOB n=25 | RMSE=0.2211 | Bias=-0.0594 | FracRMSE=0.4943 | FracBias=-0.2970 | NoneBias=0.0000 | FullBias=0.0000
south_dominated OOB n=7 | RMSE=0.3213 | Bias=-0.1214 | FracRMSE=0.8500 | FracBias=-0.8500 | NoneBias=nan | FullBias=0.0000
Low-gradient eligible OOB rows (gradient_p84 <= 4.0): 102 / 322
low_gradient_p84 OOB n=102 | RMSE=0.1494 | Bias=0.0570 | FracRMSE=0.2707 | FracBias=-0.2367 | NoneBias=0.0900 | FullBias=-0.2852
5.49s

=== Bootstrap 120/1000 ===

Chosen filter -> Eg_strong/Eg_weak >= 1.09, data_quantity >= 17 | CV acc=0.9014, CV bin acc=0.9646, n_rows(dedup)=933 | OOB acc=0.9722, OOB bin acc=0.9848, n_rows_test(dedup)=396 |
OOB cameras: ['bartlett', 'old_jack_pine', 'oregon_yp', 'queens', 'sodankyla_full', 'underhill']
OOB n=437 | RMSE=0.1627 | Bias=0.0222 | FracRMSE=0.3408 | FracBias=-0.1592 | NoneBias=0.0679 | FullBias=-0.0218
Aspect split eligible OOB rows (north/south facing fraction threshold = 0.75): 24 / 437
north_dominated OOB n=17 | RMSE=0.3740 | Bias=-0.1836 | FracRMSE=0.6183 | FracBias=-0.6068 | NoneBias=0.0326 | FullBias=-0.2185
south_dominated OOB n=7 | RMSE=0.3213 | Bias=-0.1214 | FracRMSE=0.8500 | FracBias=-0.8500 | NoneBias=0.0000 | FullBias=0.0000
Low-gradient eligible OOB rows (gradient_p84 <= 4.0): 162 / 437
low_gradient_p84 OOB n=162 | RMSE=0.1428 | Bias=0.0599 | FracRMSE=0.2518 | FracBias=-0.1763 | NoneBias=0.0969 | FullBias=-0.0015
5.43s

=== Bootstrap 121/1000 ===

Chosen filter -> Eg_strong/Eg_weak >= 1.18, data_quantity >= 15 | CV acc=0.9430, CV bin acc=0.9658, n_rows(dedup)=789 | OOB acc=0.8993, OOB bin acc=0.9896, n_rows_test(dedup)=576 |
OOB cameras: ['delta_junction', 'glees', 'kenttarova', 'marcell_MN', 'old_jack_pine', 'oregon_yp', 'queens', 'tammela', 'underc']
OOB n=674 | RMSE=0.1461 | Bias=0.0146 | FracRMSE=0.3148 | FracBias=0.0093 | NoneBias=0.0269 | FullBias=-0.0037
Aspect split eligible OOB rows (north/south facing fraction threshold = 0.75): 88 / 674
north_dominated OOB n=61 | RMSE=0.1734 | Bias=0.0047 | FracRMSE=0.3193 | FracBias=0.0154 | NoneBias=0.0005 | FullBias=0.0000
south_dominated OOB n=27 | RMSE=0.0164 | Bias=0.0048 | FracRMSE=0.0493 | FracBias=0.0433 | NoneBias=0.0000 | FullBias=0.0000
Low-gradient eligible OOB rows (gradient_p84 <= 4.0): 166 / 674
low_gradient_p84 OOB n=166 | RMSE=0.1412 | Bias=0.0237 | FracRMSE=0.3017 | FracBias=-0.0388 | NoneBias=0.0389 | FullBias=0.0000
5.28s

=== Bootstrap 122/1000 ===

Chosen filter -> Eg_strong/Eg_weak >= 1.18, data_quantity >= 17 | CV acc=0.9264, CV bin acc=0.9726, n_rows(dedup)=802 | OOB acc=0.9482, OOB bin acc=0.9787, n_rows_test(dedup)=328 |
OOB cameras: ['bartlett', 'delta_junction', 'hyytiala', 'old_jack_pine', 'tammela']
OOB n=379 | RMSE=0.1640 | Bias=-0.0079 | FracRMSE=0.4080 | FracBias=-0.0512 | NoneBias=0.0049 | FullBias=-0.0142
Aspect split eligible OOB rows (north/south facing fraction threshold = 0.75): 44 / 379
north_dominated OOB n=39 | RMSE=0.2969 | Bias=-0.0792 | FracRMSE=0.4956 | FracBias=-0.2206 | NoneBias=0.0000 | FullBias=0.0000
south_dominated OOB n=5 | RMSE=0.3801 | Bias=-0.1700 | FracRMSE=0.8500 | FracBias=-0.8500 | NoneBias=nan | FullBias=0.0000
Low-gradient eligible OOB rows (gradient_p84 <= 4.0): 57 / 379
low_gradient_p84 OOB n=57 | RMSE=0.1505 | Bias=-0.0117 | FracRMSE=0.3152 | FracBias=-0.0514 | NoneBias=0.0000 | FullBias=0.0000
5.56s

=== Bootstrap 123/1000 ===

Chosen filter -> Eg_strong/Eg_weak >= 1.05, data_quantity >= 17 | CV acc=0.9310, CV bin acc=0.9789, n_rows(dedup)=855 | OOB acc=0.9701, OOB bin acc=0.9965, n_rows_test(dedup)=568 |
OOB cameras: ['delta_junction', 'old_jack_pine', 'oregon_yp', 'sodankyla_full', 'tammela', 'torgnon', 'underhill', 'varrio']
OOB n=638 | RMSE=0.1351 | Bias=0.0187 | FracRMSE=0.3356 | FracBias=-0.0003 | NoneBias=0.0319 | FullBias=0.0000
Aspect split eligible OOB rows (north/south facing fraction threshold = 0.75): 66 / 638
north_dominated OOB n=61 | RMSE=0.1618 | Bias=0.0050 | FracRMSE=0.3706 | FracBias=-0.0041 | NoneBias=0.0141 | FullBias=0.0000
south_dominated OOB n=5 | RMSE=0.0000 | Bias=0.0000 | FracRMSE=nan | FracBias=nan | NoneBias=0.0000 | FullBias=0.0000
Low-gradient eligible OOB rows (gradient_p84 <= 4.0): 184 / 638
low_gradient_p84 OOB n=184 | RMSE=0.1325 | Bias=0.0270 | FracRMSE=0.2852 | FracBias=-0.0702 | NoneBias=0.0485 | FullBias=0.0000
5.13s

=== Bootstrap 124/1000 ===

Chosen filter -> Eg_strong/Eg_weak >= 1.05, data_quantity >= 17 | CV acc=0.9436, CV bin acc=0.9885, n_rows(dedup)=957 | OOB acc=0.9281, OOB bin acc=0.9695, n_rows_test(dedup)=459 |
OOB cameras: ['bartlett', 'delta_junction', 'kenttarova', 'old_jack_pine', 'sodankyla_full', 'underhill', 'willowcreek', 'wslcreek']
OOB n=533 | RMSE=0.1778 | Bias=-0.0137 | FracRMSE=0.3274 | FracBias=-0.1077 | NoneBias=0.0307 | FullBias=-0.0293
Aspect split eligible OOB rows (north/south facing fraction threshold = 0.75): 114 / 533
north_dominated OOB n=93 | RMSE=0.1921 | Bias=-0.0479 | FracRMSE=0.3234 | FracBias=-0.1554 | NoneBias=0.0111 | FullBias=-0.0294
south_dominated OOB n=21 | RMSE=0.2627 | Bias=-0.0776 | FracRMSE=0.6018 | FracBias=-0.4075 | NoneBias=0.0000 | FullBias=0.0000
Low-gradient eligible OOB rows (gradient_p84 <= 4.0): 98 / 533
low_gradient_p84 OOB n=98 | RMSE=0.1302 | Bias=-0.0297 | FracRMSE=0.2902 | FracBias=-0.1747 | NoneBias=0.0101 | FullBias=-0.0252
5.78s

=== Bootstrap 125/1000 ===

Chosen filter -> Eg_strong/Eg_weak >= 1.28, data_quantity >= 14 | CV acc=0.9351, CV bin acc=0.9918, n_rows(dedup)=970 | OOB acc=0.9357, OOB bin acc=0.9845, n_rows_test(dedup)=451 |
OOB cameras: ['delta_junction', 'glees', 'kenttarova', 'old_jack_pine', 'oregon_yp', 'torgnon', 'willowcreek']
OOB n=534 | RMSE=0.1557 | Bias=0.0027 | FracRMSE=0.2903 | FracBias=-0.0500 | NoneBias=0.0262 | FullBias=-0.0134
Aspect split eligible OOB rows (north/south facing fraction threshold = 0.75): 88 / 534
north_dominated OOB n=59 | RMSE=0.1516 | Bias=-0.0166 | FracRMSE=0.2744 | FracBias=-0.0544 | NoneBias=0.0000 | FullBias=0.0000
south_dominated OOB n=29 | RMSE=0.0470 | Bias=-0.0037 | FracRMSE=0.1264 | FracBias=-0.0270 | NoneBias=0.0000 | FullBias=0.0000
Low-gradient eligible OOB rows (gradient_p84 <= 4.0): 172 / 534
low_gradient_p84 OOB n=172 | RMSE=0.1117 | Bias=-0.0092 | FracRMSE=0.2751 | FracBias=-0.1359 | NoneBias=0.0142 | FullBias=-0.0069
6.1s

=== Bootstrap 126/1000 ===

Chosen filter -> Eg_strong/Eg_weak >= 1.05, data_quantity >= 16 | CV acc=0.9319, CV bin acc=0.9695, n_rows(dedup)=1116 | OOB acc=0.9084, OOB bin acc=0.9841, n_rows_test(dedup)=251 |
OOB cameras: ['lacclair', 'old_jack_pine', 'torgnon', 'underc', 'underhill', 'varrio']
OOB n=320 | RMSE=0.1592 | Bias=0.0060 | FracRMSE=0.3241 | FracBias=-0.0560 | NoneBias=0.0360 | FullBias=-0.0011
Aspect split eligible OOB rows (north/south facing fraction threshold = 0.75): 30 / 320
north_dominated OOB n=24 | RMSE=0.0385 | Bias=0.0079 | FracRMSE=nan | FracBias=nan | NoneBias=0.0270 | FullBias=0.0000
south_dominated OOB n=6 | RMSE=0.0000 | Bias=0.0000 | FracRMSE=nan | FracBias=nan | NoneBias=nan | FullBias=0.0000
Low-gradient eligible OOB rows (gradient_p84 <= 4.0): 39 / 320
low_gradient_p84 OOB n=39 | RMSE=0.1255 | Bias=-0.0249 | FracRMSE=0.3201 | FracBias=-0.1618 | NoneBias=0.0000 | FullBias=0.0000
6.03s

=== Bootstrap 127/1000 ===

Chosen filter -> Eg_strong/Eg_weak >= 1.09, data_quantity >= 17 | CV acc=0.9073, CV bin acc=0.9765, n_rows(dedup)=852 | OOB acc=0.9353, OOB bin acc=0.9900, n_rows_test(dedup)=603 |
OOB cameras: ['glees', 'hyytiala', 'old_jack_pine', 'oregon_yp', 'sodankyla_full', 'tammela', 'torgnon', 'underhill', 'wslcreek']
OOB n=641 | RMSE=0.1372 | Bias=0.0401 | FracRMSE=0.2432 | FracBias=-0.0955 | NoneBias=0.0877 | FullBias=-0.0356
Aspect split eligible OOB rows (north/south facing fraction threshold = 0.75): 42 / 641
north_dominated OOB n=27 | RMSE=0.0985 | Bias=0.0259 | FracRMSE=0.2403 | FracBias=0.1596 | NoneBias=0.0898 | FullBias=-0.0084
south_dominated OOB n=15 | RMSE=0.0678 | Bias=0.0281 | FracRMSE=nan | FracBias=nan | NoneBias=0.1055 | FullBias=0.0000
Low-gradient eligible OOB rows (gradient_p84 <= 4.0): 162 / 641
low_gradient_p84 OOB n=162 | RMSE=0.1613 | Bias=0.0872 | FracRMSE=0.2352 | FracBias=-0.1837 | NoneBias=0.1353 | FullBias=-0.0163
5.56s

=== Bootstrap 128/1000 ===

Chosen filter -> Eg_strong/Eg_weak >= 1.28, data_quantity >= 16 | CV acc=0.9394, CV bin acc=0.9692, n_rows(dedup)=941 | OOB acc=0.9398, OOB bin acc=0.9885, n_rows_test(dedup)=349 |
OOB cameras: ['bartlett', 'delta_junction', 'kenttarova', 'sodankyla_full', 'torgnon', 'varrio', 'wslcreek']
OOB n=409 | RMSE=0.1198 | Bias=-0.0104 | FracRMSE=0.3011 | FracBias=-0.0623 | NoneBias=0.0051 | FullBias=-0.0070
Aspect split eligible OOB rows (north/south facing fraction threshold = 0.75): 130 / 409
north_dominated OOB n=107 | RMSE=0.1535 | Bias=-0.0284 | FracRMSE=0.3311 | FracBias=-0.1333 | NoneBias=0.0010 | FullBias=0.0000
south_dominated OOB n=23 | RMSE=0.1777 | Bias=-0.0331 | FracRMSE=0.4262 | FracBias=-0.1903 | NoneBias=0.0000 | FullBias=0.0000
Low-gradient eligible OOB rows (gradient_p84 <= 4.0): 58 / 409
low_gradient_p84 OOB n=58 | RMSE=0.0821 | Bias=-0.0059 | FracRMSE=0.1802 | FracBias=-0.0476 | NoneBias=0.0074 | FullBias=0.0000
5.71s

=== Bootstrap 129/1000 ===

Chosen filter -> Eg_strong/Eg_weak >= 1.05, data_quantity >= 9 | CV acc=0.9397, CV bin acc=0.9898, n_rows(dedup)=1278 | OOB acc=0.8479, OOB bin acc=0.9355, n_rows_test(dedup)=217 |
OOB cameras: ['torgnon', 'underc', 'underhill', 'varrio', 'willowcreek']
OOB n=240 | RMSE=0.2191 | Bias=0.0119 | FracRMSE=0.2660 | FracBias=-0.0525 | NoneBias=0.1009 | FullBias=-0.0413
Aspect split eligible OOB rows (north/south facing fraction threshold = 0.75): 32 / 240
north_dominated OOB n=25 | RMSE=0.0696 | Bias=0.0139 | FracRMSE=nan | FracBias=nan | NoneBias=0.0497 | FullBias=0.0000
south_dominated OOB n=7 | RMSE=0.1173 | Bias=-0.0443 | FracRMSE=0.3103 | FracBias=-0.3103 | NoneBias=0.0000 | FullBias=0.0000
Low-gradient eligible OOB rows (gradient_p84 <= 4.0): 5 / 240
low_gradient_p84 OOB n=5 | RMSE=0.2483 | Bias=-0.0264 | FracRMSE=nan | FracBias=nan | NoneBias=0.2000 | FullBias=-0.1773
6.22s

=== Bootstrap 130/1000 ===

Chosen filter -> Eg_strong/Eg_weak >= 1.18, data_quantity >= 17 | CV acc=0.9444, CV bin acc=0.9911, n_rows(dedup)=900 | OOB acc=0.9280, OOB bin acc=0.9470, n_rows_test(dedup)=264 |
OOB cameras: ['bartlett', 'hyytiala', 'sodankyla_full', 'willowcreek']
OOB n=271 | RMSE=0.1812 | Bias=-0.0184 | FracRMSE=0.5509 | FracBias=-0.4481 | NoneBias=0.0332 | FullBias=-0.0720
Aspect split eligible OOB rows (north/south facing fraction threshold = 0.75): 18 / 271
north_dominated OOB n=12 | RMSE=0.3190 | Bias=-0.1568 | FracRMSE=0.6380 | FracBias=-0.6273 | NoneBias=0.0000 | FullBias=0.0000
south_dominated OOB n=6 | RMSE=0.3477 | Bias=-0.1505 | FracRMSE=0.8500 | FracBias=-0.8500 | NoneBias=0.0000 | FullBias=-0.0132
Low-gradient eligible OOB rows (gradient_p84 <= 4.0): 32 / 271
low_gradient_p84 OOB n=32 | RMSE=0.1124 | Bias=-0.0119 | FracRMSE=0.2325 | FracBias=-0.2325 | NoneBias=0.0347 | FullBias=-0.0418
5.71s

=== Bootstrap 131/1000 ===

Chosen filter -> Eg_strong/Eg_weak >= 1.09, data_quantity >= 16 | CV acc=0.9387, CV bin acc=0.9837, n_rows(dedup)=1224 | OOB acc=0.8816, OOB bin acc=0.9633, n_rows_test(dedup)=245 |
OOB cameras: ['delta_junction', 'glees', 'marcell_MN', 'queens', 'torgnon', 'underhill', 'willowcreek']
OOB n=277 | RMSE=0.1927 | Bias=0.0140 | FracRMSE=0.2971 | FracBias=-0.0336 | NoneBias=0.0750 | FullBias=-0.0274
Aspect split eligible OOB rows (north/south facing fraction threshold = 0.75): 50 / 277
north_dominated OOB n=35 | RMSE=0.1833 | Bias=-0.0334 | FracRMSE=0.2917 | FracBias=-0.1531 | NoneBias=0.0368 | FullBias=0.0000
south_dominated OOB n=15 | RMSE=0.0315 | Bias=0.0110 | FracRMSE=nan | FracBias=nan | NoneBias=0.0548 | FullBias=0.0000
Low-gradient eligible OOB rows (gradient_p84 <= 4.0): 26 / 277
low_gradient_p84 OOB n=26 | RMSE=0.1784 | Bias=-0.0345 | FracRMSE=0.2059 | FracBias=-0.0929 | NoneBias=0.0510 | FullBias=-0.0830
6.4s

=== Bootstrap 132/1000 ===

Chosen filter -> Eg_strong/Eg_weak >= 1.05, data_quantity >= 17 | CV acc=0.9263, CV bin acc=0.9810, n_rows(dedup)=841 | OOB acc=0.9267, OOB bin acc=0.9784, n_rows_test(dedup)=464 |
OOB cameras: ['marcell_MN', 'old_jack_pine', 'queens', 'sodankyla_full', 'tammela', 'underc', 'underhill', 'willowcreek']
OOB n=501 | RMSE=0.1560 | Bias=0.0111 | FracRMSE=0.2917 | FracBias=-0.0526 | NoneBias=0.0398 | FullBias=-0.0161
Aspect split eligible OOB rows (north/south facing fraction threshold = 0.75): 10 / 501
north_dominated OOB n=8 | RMSE=0.1422 | Bias=0.0503 | FracRMSE=nan | FracBias=nan | NoneBias=0.0804 | FullBias=0.0000
south_dominated OOB n=2 | RMSE=0.0000 | Bias=0.0000 | FracRMSE=nan | FracBias=nan | NoneBias=0.0000 | FullBias=0.0000
Low-gradient eligible OOB rows (gradient_p84 <= 4.0): 70 / 501
low_gradient_p84 OOB n=70 | RMSE=0.1205 | Bias=-0.0093 | FracRMSE=0.3182 | FracBias=-0.1901 | NoneBias=0.0241 | FullBias=-0.0198
5.35s

=== Bootstrap 133/1000 ===

Chosen filter -> Eg_strong/Eg_weak >= 1.18, data_quantity >= 16 | CV acc=0.9337, CV bin acc=0.9957, n_rows(dedup)=1161 | OOB acc=0.9113, OOB bin acc=0.9592, n_rows_test(dedup)=417 |
OOB cameras: ['hyytiala', 'kenttarova', 'lacclair', 'marcell_MN', 'old_jack_pine', 'queens', 'torgnon', 'underc', 'willowcreek']
OOB n=498 | RMSE=0.1576 | Bias=-0.0145 | FracRMSE=0.2498 | FracBias=-0.0904 | NoneBias=0.0312 | FullBias=-0.0471
Aspect split eligible OOB rows (north/south facing fraction threshold = 0.75): 45 / 498
north_dominated OOB n=29 | RMSE=0.0208 | Bias=0.0082 | FracRMSE=0.0400 | FracBias=0.0314 | NoneBias=0.0049 | FullBias=-0.0012
south_dominated OOB n=16 | RMSE=0.0199 | Bias=0.0012 | FracRMSE=0.0459 | FracBias=0.0063 | NoneBias=0.0000 | FullBias=0.0000
Low-gradient eligible OOB rows (gradient_p84 <= 4.0): 49 / 498
low_gradient_p84 OOB n=49 | RMSE=0.1544 | Bias=-0.0432 | FracRMSE=0.3186 | FracBias=-0.2081 | NoneBias=0.0149 | FullBias=-0.0738
6.37s

=== Bootstrap 134/1000 ===

Chosen filter -> Eg_strong/Eg_weak >= 1.13, data_quantity >= 16 | CV acc=0.9304, CV bin acc=0.9758, n_rows(dedup)=992 | OOB acc=0.8939, OOB bin acc=0.9747, n_rows_test(dedup)=198 |
OOB cameras: ['hyytiala', 'queens', 'torgnon', 'underc', 'wslcreek']
OOB n=215 | RMSE=0.1235 | Bias=0.0088 | FracRMSE=0.2582 | FracBias=0.0133 | NoneBias=0.0294 | FullBias=-0.0195
Aspect split eligible OOB rows (north/south facing fraction threshold = 0.75): 21 / 215
north_dominated OOB n=18 | RMSE=0.0883 | Bias=0.0197 | FracRMSE=0.2649 | FracBias=0.1771 | NoneBias=nan | FullBias=0.0000
south_dominated OOB n=3 | RMSE=0.0000 | Bias=0.0000 | FracRMSE=nan | FracBias=nan | NoneBias=nan | FullBias=0.0000
Low-gradient eligible OOB rows (gradient_p84 <= 4.0): 0 / 215
low_gradient_p84 OOB n=0 | RMSE=nan | Bias=nan | FracRMSE=nan | FracBias=nan | NoneBias=nan | FullBias=nan
5.95s

=== Bootstrap 135/1000 ===

Chosen filter -> Eg_strong/Eg_weak >= 1.29, data_quantity >= 17 | CV acc=0.9200, CV bin acc=0.9778, n_rows(dedup)=812 | OOB acc=0.9327, OOB bin acc=0.9904, n_rows_test(dedup)=312 |
OOB cameras: ['bartlett', 'delta_junction', 'kenttarova', 'queens', 'sodankyla_full', 'varrio']
OOB n=368 | RMSE=0.1274 | Bias=-0.0131 | FracRMSE=0.3171 | FracBias=-0.0779 | NoneBias=0.0047 | FullBias=-0.0080
Aspect split eligible OOB rows (north/south facing fraction threshold = 0.75): 107 / 368
north_dominated OOB n=86 | RMSE=0.1747 | Bias=-0.0407 | FracRMSE=0.3622 | FracBias=-0.1751 | NoneBias=0.0000 | FullBias=0.0000
south_dominated OOB n=21 | RMSE=0.1860 | Bias=-0.0371 | FracRMSE=0.4920 | FracBias=-0.2600 | NoneBias=0.0000 | FullBias=0.0000
Low-gradient eligible OOB rows (gradient_p84 <= 4.0): 56 / 368
low_gradient_p84 OOB n=56 | RMSE=0.0871 | Bias=-0.0098 | FracRMSE=0.2006 | FracBias=-0.0700 | NoneBias=0.0062 | FullBias=0.0000
5.4s

=== Bootstrap 136/1000 ===

Chosen filter -> Eg_strong/Eg_weak >= 1.05, data_quantity >= 16 | CV acc=0.8742, CV bin acc=0.9713, n_rows(dedup)=906 | OOB acc=0.9769, OOB bin acc=0.9958, n_rows_test(dedup)=477 |
OOB cameras: ['kenttarova', 'marcell_MN', 'oregon_yp', 'sodankyla_full', 'tammela', 'torgnon', 'underhill', 'wslcreek']
OOB n=518 | RMSE=0.1073 | Bias=0.0222 | FracRMSE=0.1824 | FracBias=-0.0826 | NoneBias=0.0574 | FullBias=-0.0121
Aspect split eligible OOB rows (north/south facing fraction threshold = 0.75): 69 / 518
north_dominated OOB n=54 | RMSE=0.0699 | Bias=0.0184 | FracRMSE=0.1185 | FracBias=0.0598 | NoneBias=0.0432 | FullBias=-0.0033
south_dominated OOB n=15 | RMSE=0.0292 | Bias=-0.0017 | FracRMSE=0.0652 | FracBias=-0.0084 | NoneBias=0.0000 | FullBias=0.0000
Low-gradient eligible OOB rows (gradient_p84 <= 4.0): 134 / 518
low_gradient_p84 OOB n=134 | RMSE=0.1343 | Bias=0.0649 | FracRMSE=0.2174 | FracBias=-0.1762 | NoneBias=0.0994 | FullBias=0.0000
5.16s

=== Bootstrap 137/1000 ===

Chosen filter -> Eg_strong/Eg_weak >= 1.05, data_quantity >= 17 | CV acc=0.9254, CV bin acc=0.9775, n_rows(dedup)=1246 | OOB acc=0.9439, OOB bin acc=0.9967, n_rows_test(dedup)=303 |
OOB cameras: ['delta_junction', 'kenttarova', 'queens', 'tammela', 'varrio', 'wslcreek']
OOB n=356 | RMSE=0.0909 | Bias=-0.0032 | FracRMSE=0.2359 | FracBias=-0.0203 | NoneBias=0.0030 | FullBias=-0.0036
Aspect split eligible OOB rows (north/south facing fraction threshold = 0.75): 111 / 356
north_dominated OOB n=95 | RMSE=0.1094 | Bias=-0.0167 | FracRMSE=0.2446 | FracBias=-0.0835 | NoneBias=0.0000 | FullBias=0.0000
south_dominated OOB n=16 | RMSE=0.0152 | Bias=0.0044 | FracRMSE=0.0430 | FracBias=0.0350 | NoneBias=0.0000 | FullBias=0.0000
Low-gradient eligible OOB rows (gradient_p84 <= 4.0): 28 / 356
low_gradient_p84 OOB n=28 | RMSE=0.1198 | Bias=-0.0380 | FracRMSE=0.2112 | FracBias=-0.1181 | NoneBias=0.0000 | FullBias=0.0000
6.66s

=== Bootstrap 138/1000 ===

Chosen filter -> Eg_strong/Eg_weak >= 1.05, data_quantity >= 17 | CV acc=0.9456, CV bin acc=0.9819, n_rows(dedup)=1433 | OOB acc=0.8333, OOB bin acc=0.9386, n_rows_test(dedup)=114 |
OOB cameras: ['bartlett', 'lacclair', 'marcell_MN', 'queens', 'torgnon', 'underhill']
OOB n=154 | RMSE=0.2165 | Bias=-0.0565 | FracRMSE=0.4922 | FracBias=-0.3804 | NoneBias=0.0240 | FullBias=-0.0310
Aspect split eligible OOB rows (north/south facing fraction threshold = 0.75): 25 / 154
north_dominated OOB n=13 | RMSE=0.4688 | Bias=-0.2800 | FracRMSE=0.7153 | FracBias=-0.7015 | NoneBias=0.0105 | FullBias=-0.2239
south_dominated OOB n=12 | RMSE=0.3470 | Bias=-0.1417 | FracRMSE=0.8500 | FracBias=-0.8500 | NoneBias=0.0000 | FullBias=0.0000
Low-gradient eligible OOB rows (gradient_p84 <= 4.0): 0 / 154
low_gradient_p84 OOB n=0 | RMSE=nan | Bias=nan | FracRMSE=nan | FracBias=nan | NoneBias=nan | FullBias=nan
7.08s

=== Bootstrap 139/1000 ===

Chosen filter -> Eg_strong/Eg_weak >= 1.05, data_quantity >= 17 | CV acc=0.9381, CV bin acc=0.9717, n_rows(dedup)=1131 | OOB acc=0.9728, OOB bin acc=1.0000, n_rows_test(dedup)=294 |
OOB cameras: ['lacclair', 'marcell_MN', 'queens', 'sodankyla_full', 'varrio', 'wslcreek']
OOB n=338 | RMSE=0.0681 | Bias=-0.0025 | FracRMSE=0.2491 | FracBias=-0.0806 | NoneBias=0.0115 | FullBias=-0.0040
Aspect split eligible OOB rows (north/south facing fraction threshold = 0.75): 53 / 338
north_dominated OOB n=45 | RMSE=0.0556 | Bias=0.0078 | FracRMSE=0.2637 | FracBias=0.1762 | NoneBias=0.0000 | FullBias=0.0000
south_dominated OOB n=8 | RMSE=0.0000 | Bias=0.0000 | FracRMSE=nan | FracBias=nan | NoneBias=0.0000 | FullBias=0.0000
Low-gradient eligible OOB rows (gradient_p84 <= 4.0): 28 / 338
low_gradient_p84 OOB n=28 | RMSE=0.0637 | Bias=0.0036 | FracRMSE=0.2037 | FracBias=-0.2037 | NoneBias=0.0235 | FullBias=0.0000
6.07s

=== Bootstrap 140/1000 ===

Chosen filter -> Eg_strong/Eg_weak >= 1.05, data_quantity >= 17 | CV acc=0.9634, CV bin acc=0.9826, n_rows(dedup)=1092 | OOB acc=0.8622, OOB bin acc=0.9745, n_rows_test(dedup)=392 |
OOB cameras: ['kenttarova', 'queens', 'sodankyla_full', 'underc', 'varrio', 'willowcreek', 'wslcreek']
OOB n=432 | RMSE=0.1398 | Bias=0.0065 | FracRMSE=0.2001 | FracBias=-0.0122 | NoneBias=0.0420 | FullBias=-0.0174
Aspect split eligible OOB rows (north/south facing fraction threshold = 0.75): 85 / 432
north_dominated OOB n=68 | RMSE=0.0417 | Bias=0.0076 | FracRMSE=0.1216 | FracBias=0.0646 | NoneBias=0.0000 | FullBias=0.0000
south_dominated OOB n=17 | RMSE=0.0148 | Bias=0.0041 | FracRMSE=0.0430 | FracBias=0.0350 | NoneBias=0.0000 | FullBias=0.0000
Low-gradient eligible OOB rows (gradient_p84 <= 4.0): 39 / 432
low_gradient_p84 OOB n=39 | RMSE=0.1050 | Bias=-0.0029 | FracRMSE=0.1395 | FracBias=-0.0640 | NoneBias=0.0323 | FullBias=-0.0334
6.15s

=== Bootstrap 141/1000 ===

Chosen filter -> Eg_strong/Eg_weak >= 1.05, data_quantity >= 17 | CV acc=0.8881, CV bin acc=0.9542, n_rows(dedup)=742 | OOB acc=0.9565, OOB bin acc=0.9905, n_rows_test(dedup)=529 |
OOB cameras: ['delta_junction', 'hyytiala', 'kenttarova', 'marcell_MN', 'oregon_yp', 'sodankyla_full', 'underhill']
OOB n=594 | RMSE=0.1217 | Bias=0.0238 | FracRMSE=0.2281 | FracBias=-0.0345 | NoneBias=0.0526 | FullBias=-0.0151
Aspect split eligible OOB rows (north/south facing fraction threshold = 0.75): 79 / 594
north_dominated OOB n=67 | RMSE=0.1183 | Bias=0.0042 | FracRMSE=0.2208 | FracBias=-0.0192 | NoneBias=0.0243 | FullBias=0.0000
south_dominated OOB n=12 | RMSE=0.0176 | Bias=0.0058 | FracRMSE=0.0430 | FracBias=0.0350 | NoneBias=0.0000 | FullBias=0.0000
Low-gradient eligible OOB rows (gradient_p84 <= 4.0): 153 / 594
low_gradient_p84 OOB n=153 | RMSE=0.1457 | Bias=0.0714 | FracRMSE=0.1990 | FracBias=-0.0734 | NoneBias=0.1084 | FullBias=0.0000
5.17s

=== Bootstrap 142/1000 ===

Chosen filter -> Eg_strong/Eg_weak >= 1.05, data_quantity >= 16 | CV acc=0.9202, CV bin acc=0.9550, n_rows(dedup)=1266 | OOB acc=0.9369, OOB bin acc=0.9823, n_rows_test(dedup)=396 |
OOB cameras: ['delta_junction', 'glees', 'hyytiala', 'tammela', 'torgnon', 'underhill', 'varrio', 'wslcreek']
OOB n=435 | RMSE=0.1029 | Bias=0.0004 | FracRMSE=0.3131 | FracBias=-0.0066 | NoneBias=0.0070 | FullBias=-0.0059
Aspect split eligible OOB rows (north/south facing fraction threshold = 0.75): 91 / 435
north_dominated OOB n=73 | RMSE=0.1489 | Bias=-0.0085 | FracRMSE=0.3514 | FracBias=-0.0565 | NoneBias=0.0055 | FullBias=0.0000
south_dominated OOB n=18 | RMSE=0.0000 | Bias=0.0000 | FracRMSE=nan | FracBias=nan | NoneBias=0.0000 | FullBias=0.0000
Low-gradient eligible OOB rows (gradient_p84 <= 4.0): 22 / 435
low_gradient_p84 OOB n=22 | RMSE=0.1546 | Bias=-0.0046 | FracRMSE=0.2563 | FracBias=-0.0127 | NoneBias=0.0000 | FullBias=0.0000
6.74s

=== Bootstrap 143/1000 ===

Chosen filter -> Eg_strong/Eg_weak >= 1.05, data_quantity >= 16 | CV acc=0.9433, CV bin acc=0.9887, n_rows(dedup)=1147 | OOB acc=0.9033, OOB bin acc=0.9618, n_rows_test(dedup)=393 |
OOB cameras: ['delta_junction', 'glees', 'hyytiala', 'kenttarova', 'lacclair', 'queens', 'underhill', 'willowcreek', 'wslcreek']
OOB n=473 | RMSE=0.1530 | Bias=0.0092 | FracRMSE=0.2204 | FracBias=-0.0102 | NoneBias=0.0497 | FullBias=-0.0280
Aspect split eligible OOB rows (north/south facing fraction threshold = 0.75): 111 / 473
north_dominated OOB n=82 | RMSE=0.1228 | Bias=-0.0074 | FracRMSE=0.2300 | FracBias=-0.0560 | NoneBias=0.0243 | FullBias=0.0000
south_dominated OOB n=29 | RMSE=0.0312 | Bias=0.0091 | FracRMSE=0.0372 | FracBias=0.0162 | NoneBias=0.0356 | FullBias=0.0000
Low-gradient eligible OOB rows (gradient_p84 <= 4.0): 34 / 473
low_gradient_p84 OOB n=34 | RMSE=0.1485 | Bias=-0.0284 | FracRMSE=0.1801 | FracBias=-0.0736 | NoneBias=0.0314 | FullBias=-0.0671
6.21s

=== Bootstrap 144/1000 ===

Chosen filter -> Eg_strong/Eg_weak >= 1.05, data_quantity >= 16 | CV acc=0.9258, CV bin acc=0.9666, n_rows(dedup)=809 | OOB acc=0.9395, OOB bin acc=0.9957, n_rows_test(dedup)=463 |
OOB cameras: ['glees', 'lacclair', 'oregon_yp', 'queens', 'sodankyla_full', 'tammela', 'varrio']
OOB n=517 | RMSE=0.1016 | Bias=0.0257 | FracRMSE=0.2235 | FracBias=-0.1517 | NoneBias=0.0597 | FullBias=-0.0014
Aspect split eligible OOB rows (north/south facing fraction threshold = 0.75): 49 / 517
north_dominated OOB n=29 | RMSE=0.0064 | Bias=0.0012 | FracRMSE=nan | FracBias=nan | NoneBias=0.0031 | FullBias=0.0000
south_dominated OOB n=20 | RMSE=0.0155 | Bias=0.0047 | FracRMSE=nan | FracBias=nan | NoneBias=0.0236 | FullBias=0.0000
Low-gradient eligible OOB rows (gradient_p84 <= 4.0): 126 / 517
low_gradient_p84 OOB n=126 | RMSE=0.1535 | Bias=0.0789 | FracRMSE=0.2369 | FracBias=-0.1952 | NoneBias=0.1136 | FullBias=0.0000
5.25s

=== Bootstrap 145/1000 ===

Chosen filter -> Eg_strong/Eg_weak >= 1.18, data_quantity >= 14 | CV acc=0.9347, CV bin acc=0.9835, n_rows(dedup)=1088 | OOB acc=0.9121, OOB bin acc=0.9670, n_rows_test(dedup)=273 |
OOB cameras: ['glees', 'hyytiala', 'kenttarova', 'lacclair', 'varrio']
OOB n=326 | RMSE=0.0752 | Bias=-0.0093 | FracRMSE=0.1175 | FracBias=-0.0200 | NoneBias=0.0077 | FullBias=-0.0211
Aspect split eligible OOB rows (north/south facing fraction threshold = 0.75): 83 / 326
north_dominated OOB n=51 | RMSE=0.0151 | Bias=0.0047 | FracRMSE=0.0400 | FracBias=0.0314 | NoneBias=0.0017 | FullBias=0.0000
south_dominated OOB n=32 | RMSE=0.0130 | Bias=0.0037 | FracRMSE=0.0422 | FracBias=0.0368 | NoneBias=0.0011 | FullBias=0.0000
Low-gradient eligible OOB rows (gradient_p84 <= 4.0): 9 / 326
low_gradient_p84 OOB n=9 | RMSE=0.0241 | Bias=0.0112 | FracRMSE=0.0512 | FracBias=0.0503 | NoneBias=0.0000 | FullBias=0.0000
6.24s

=== Bootstrap 146/1000 ===

Chosen filter -> Eg_strong/Eg_weak >= 1.13, data_quantity >= 16 | CV acc=0.9237, CV bin acc=0.9801, n_rows(dedup)=957 | OOB acc=0.9010, OOB bin acc=0.9740, n_rows_test(dedup)=192 |
OOB cameras: ['hyytiala', 'queens', 'underc', 'wslcreek']
OOB n=209 | RMSE=0.1213 | Bias=-0.0001 | FracRMSE=0.2614 | FracBias=-0.0351 | NoneBias=0.0211 | FullBias=-0.0223
Aspect split eligible OOB rows (north/south facing fraction threshold = 0.75): 20 / 209
north_dominated OOB n=18 | RMSE=0.0728 | Bias=0.0160 | FracRMSE=0.2184 | FracBias=0.1441 | NoneBias=nan | FullBias=0.0000
south_dominated OOB n=2 | RMSE=0.0000 | Bias=0.0000 | FracRMSE=nan | FracBias=nan | NoneBias=nan | FullBias=0.0000
Low-gradient eligible OOB rows (gradient_p84 <= 4.0): 0 / 209
low_gradient_p84 OOB n=0 | RMSE=nan | Bias=nan | FracRMSE=nan | FracBias=nan | NoneBias=nan | FullBias=nan
5.78s

=== Bootstrap 147/1000 ===

Chosen filter -> Eg_strong/Eg_weak >= 1.05, data_quantity >= 17 | CV acc=0.9442, CV bin acc=0.9834, n_rows(dedup)=1147 | OOB acc=0.8919, OOB bin acc=0.9730, n_rows_test(dedup)=259 |
OOB cameras: ['bartlett', 'kenttarova', 'marcell_MN', 'queens', 'underc', 'varrio']
OOB n=304 | RMSE=0.1735 | Bias=-0.0259 | FracRMSE=0.3744 | FracBias=-0.1613 | NoneBias=0.0178 | FullBias=-0.0207
Aspect split eligible OOB rows (north/south facing fraction threshold = 0.75): 76 / 304
north_dominated OOB n=53 | RMSE=0.2422 | Bias=-0.0688 | FracRMSE=0.4312 | FracBias=-0.2210 | NoneBias=0.0000 | FullBias=-0.0553
south_dominated OOB n=23 | RMSE=0.2510 | Bias=-0.0709 | FracRMSE=0.6018 | FracBias=-0.4075 | NoneBias=0.0000 | FullBias=0.0000
Low-gradient eligible OOB rows (gradient_p84 <= 4.0): 7 / 304
low_gradient_p84 OOB n=7 | RMSE=0.0227 | Bias=0.0086 | FracRMSE=0.0600 | FracBias=0.0600 | NoneBias=0.0000 | FullBias=0.0000
6.44s

=== Bootstrap 148/1000 ===

Chosen filter -> Eg_strong/Eg_weak >= 1.18, data_quantity >= 16 | CV acc=0.9424, CV bin acc=0.9823, n_rows(dedup)=902 | OOB acc=0.9435, OOB bin acc=0.9779, n_rows_test(dedup)=407 |
OOB cameras: ['lacclair', 'old_jack_pine', 'oregon_yp', 'tammela', 'torgnon', 'underc', 'willowcreek']
OOB n=484 | RMSE=0.1706 | Bias=0.0252 | FracRMSE=0.2900 | FracBias=-0.0580 | NoneBias=0.0581 | FullBias=-0.0151
Aspect split eligible OOB rows (north/south facing fraction threshold = 0.75): 6 / 484
north_dominated OOB n=3 | RMSE=0.0000 | Bias=0.0000 | FracRMSE=nan | FracBias=nan | NoneBias=0.0000 | FullBias=0.0000
south_dominated OOB n=3 | RMSE=0.0000 | Bias=0.0000 | FracRMSE=nan | FracBias=nan | NoneBias=nan | FullBias=0.0000
Low-gradient eligible OOB rows (gradient_p84 <= 4.0): 139 / 484
low_gradient_p84 OOB n=139 | RMSE=0.1385 | Bias=0.0252 | FracRMSE=0.2876 | FracBias=-0.2061 | NoneBias=0.0578 | FullBias=-0.0255
5.68s

=== Bootstrap 149/1000 ===

Chosen filter -> Eg_strong/Eg_weak >= 1.05, data_quantity >= 10 | CV acc=0.9284, CV bin acc=0.9688, n_rows(dedup)=992 | OOB acc=0.9129, OOB bin acc=0.9756, n_rows_test(dedup)=287 |
OOB cameras: ['marcell_MN', 'oregon_yp', 'queens', 'underc', 'underhill']
OOB n=321 | RMSE=0.1789 | Bias=0.0348 | FracRMSE=0.2534 | FracBias=-0.1044 | NoneBias=0.0861 | FullBias=-0.0326
Aspect split eligible OOB rows (north/south facing fraction threshold = 0.75): 6 / 321
north_dominated OOB n=4 | RMSE=0.1301 | Bias=0.0651 | FracRMSE=nan | FracBias=nan | NoneBias=0.1301 | FullBias=0.0000
south_dominated OOB n=2 | RMSE=0.0000 | Bias=0.0000 | FracRMSE=nan | FracBias=nan | NoneBias=0.0000 | FullBias=0.0000
Low-gradient eligible OOB rows (gradient_p84 <= 4.0): 99 / 321
low_gradient_p84 OOB n=99 | RMSE=0.1622 | Bias=0.0812 | FracRMSE=0.2665 | FracBias=-0.2189 | NoneBias=0.1076 | FullBias=nan
5.47s

=== Bootstrap 150/1000 ===

Chosen filter -> Eg_strong/Eg_weak >= 1.05, data_quantity >= 12 | CV acc=0.9178, CV bin acc=0.9685, n_rows(dedup)=985 | OOB acc=0.9506, OOB bin acc=0.9901, n_rows_test(dedup)=405 |
OOB cameras: ['bartlett', 'delta_junction', 'marcell_MN', 'old_jack_pine', 'tammela', 'torgnon', 'varrio']
OOB n=473 | RMSE=0.1700 | Bias=-0.0127 | FracRMSE=0.4192 | FracBias=-0.0787 | NoneBias=0.0052 | FullBias=-0.0113
Aspect split eligible OOB rows (north/south facing fraction threshold = 0.75): 80 / 473
north_dominated OOB n=66 | RMSE=0.2849 | Bias=-0.0832 | FracRMSE=0.5127 | FracBias=-0.2563 | NoneBias=0.0000 | FullBias=-0.0567
south_dominated OOB n=14 | RMSE=0.3285 | Bias=-0.1398 | FracRMSE=0.7097 | FracBias=-0.6522 | NoneBias=0.0000 | FullBias=0.0000
Low-gradient eligible OOB rows (gradient_p84 <= 4.0): 65 / 473
low_gradient_p84 OOB n=65 | RMSE=0.1386 | Bias=-0.0104 | FracRMSE=0.2986 | FracBias=-0.0485 | NoneBias=0.0000 | FullBias=0.0000
5.56s

=== Bootstrap 151/1000 ===

Chosen filter -> Eg_strong/Eg_weak >= 1.05, data_quantity >= 9 | CV acc=0.8980, CV bin acc=0.9569, n_rows(dedup)=882 | OOB acc=0.8758, OOB bin acc=0.9619, n_rows_test(dedup)=499 |
OOB cameras: ['bartlett', 'lacclair', 'marcell_MN', 'old_jack_pine', 'sodankyla_full', 'tammela', 'underc', 'wslcreek']
OOB n=585 | RMSE=0.1630 | Bias=-0.0202 | FracRMSE=0.3768 | FracBias=-0.1642 | NoneBias=0.0152 | FullBias=-0.0195
Aspect split eligible OOB rows (north/south facing fraction threshold = 0.75): 51 / 585
north_dominated OOB n=38 | RMSE=0.3138 | Bias=-0.1174 | FracRMSE=0.6191 | FracBias=-0.4663 | NoneBias=0.0000 | FullBias=-0.0640
south_dominated OOB n=13 | RMSE=0.3334 | Bias=-0.1308 | FracRMSE=0.8500 | FracBias=-0.8500 | NoneBias=0.0000 | FullBias=0.0000
Low-gradient eligible OOB rows (gradient_p84 <= 4.0): 71 / 585
low_gradient_p84 OOB n=71 | RMSE=0.0941 | Bias=-0.0124 | FracRMSE=0.2949 | FracBias=-0.1454 | NoneBias=0.0035 | FullBias=0.0000
5.04s

=== Bootstrap 152/1000 ===

Chosen filter -> Eg_strong/Eg_weak >= 1.05, data_quantity >= 16 | CV acc=0.9367, CV bin acc=0.9765, n_rows(dedup)=1106 | OOB acc=0.9786, OOB bin acc=0.9957, n_rows_test(dedup)=234 |
OOB cameras: ['lacclair', 'oregon_yp', 'queens', 'varrio']
OOB n=286 | RMSE=0.1112 | Bias=0.0246 | FracRMSE=0.2375 | FracBias=-0.1854 | NoneBias=0.0676 | FullBias=0.0000
Aspect split eligible OOB rows (north/south facing fraction threshold = 0.75): 29 / 286
north_dominated OOB n=23 | RMSE=0.0000 | Bias=0.0000 | FracRMSE=nan | FracBias=nan | NoneBias=0.0000 | FullBias=0.0000
south_dominated OOB n=6 | RMSE=0.0000 | Bias=0.0000 | FracRMSE=nan | FracBias=nan | NoneBias=nan | FullBias=0.0000
Low-gradient eligible OOB rows (gradient_p84 <= 4.0): 98 / 286
low_gradient_p84 OOB n=98 | RMSE=0.1525 | Bias=0.0705 | FracRMSE=0.2691 | FracBias=-0.2286 | NoneBias=0.0971 | FullBias=nan
5.88s

=== Bootstrap 153/1000 ===

Chosen filter -> Eg_strong/Eg_weak >= 1.11, data_quantity >= 13 | CV acc=0.9348, CV bin acc=0.9750, n_rows(dedup)=1242 | OOB acc=0.8551, OOB bin acc=0.9324, n_rows_test(dedup)=207 |
OOB cameras: ['bartlett', 'glees', 'lacclair', 'queens', 'varrio', 'wslcreek']
OOB n=254 | RMSE=0.1455 | Bias=-0.0311 | FracRMSE=0.4477 | FracBias=-0.3123 | NoneBias=0.0031 | FullBias=-0.0133
Aspect split eligible OOB rows (north/south facing fraction threshold = 0.75): 79 / 254
north_dominated OOB n=51 | RMSE=0.2662 | Bias=-0.0849 | FracRMSE=0.6112 | FracBias=-0.4530 | NoneBias=0.0000 | FullBias=-0.0424
south_dominated OOB n=28 | RMSE=0.1606 | Bias=-0.0304 | FracRMSE=0.8500 | FracBias=-0.8500 | NoneBias=0.0000 | FullBias=0.0000
Low-gradient eligible OOB rows (gradient_p84 <= 4.0): 1 / 254
low_gradient_p84 OOB n=1 | RMSE=0.0000 | Bias=0.0000 | FracRMSE=nan | FracBias=nan | NoneBias=nan | FullBias=0.0000
6.24s

=== Bootstrap 154/1000 ===

Chosen filter -> Eg_strong/Eg_weak >= 1.18, data_quantity >= 16 | CV acc=0.9338, CV bin acc=0.9733, n_rows(dedup)=786 | OOB acc=0.9321, OOB bin acc=0.9936, n_rows_test(dedup)=471 |
OOB cameras: ['delta_junction', 'glees', 'kenttarova', 'marcell_MN', 'old_jack_pine', 'oregon_yp', 'queens', 'torgnon']
OOB n=554 | RMSE=0.1327 | Bias=0.0164 | FracRMSE=0.2780 | FracBias=-0.0159 | NoneBias=0.0378 | FullBias=-0.0051
Aspect split eligible OOB rows (north/south facing fraction threshold = 0.75): 88 / 554
north_dominated OOB n=61 | RMSE=0.1527 | Bias=0.0046 | FracRMSE=0.2795 | FracBias=0.0059 | NoneBias=0.0084 | FullBias=0.0000
south_dominated OOB n=27 | RMSE=0.0164 | Bias=0.0048 | FracRMSE=0.0493 | FracBias=0.0433 | NoneBias=0.0000 | FullBias=0.0000
Low-gradient eligible OOB rows (gradient_p84 <= 4.0): 165 / 554
low_gradient_p84 OOB n=165 | RMSE=0.1362 | Bias=0.0339 | FracRMSE=0.2575 | FracBias=-0.0720 | NoneBias=0.0585 | FullBias=0.0000
5.48s

=== Bootstrap 155/1000 ===

Chosen filter -> Eg_strong/Eg_weak >= 1.05, data_quantity >= 16 | CV acc=0.9264, CV bin acc=0.9610, n_rows(dedup)=924 | OOB acc=0.9183, OOB bin acc=0.9944, n_rows_test(dedup)=355 |
OOB cameras: ['delta_junction', 'queens', 'sodankyla_full', 'tammela', 'underc', 'wslcreek']
OOB n=403 | RMSE=0.1270 | Bias=0.0030 | FracRMSE=0.3061 | FracBias=-0.0244 | NoneBias=0.0149 | FullBias=-0.0019
Aspect split eligible OOB rows (north/south facing fraction threshold = 0.75): 60 / 403
north_dominated OOB n=57 | RMSE=0.1496 | Bias=-0.0177 | FracRMSE=0.3134 | FracBias=-0.0775 | NoneBias=0.0000 | FullBias=0.0000
south_dominated OOB n=3 | RMSE=0.0000 | Bias=0.0000 | FracRMSE=nan | FracBias=nan | NoneBias=0.0000 | FullBias=0.0000
Low-gradient eligible OOB rows (gradient_p84 <= 4.0): 50 / 403
low_gradient_p84 OOB n=50 | RMSE=0.0964 | Bias=-0.0024 | FracRMSE=0.2175 | FracBias=-0.0353 | NoneBias=0.0094 | FullBias=0.0000
5.27s

=== Bootstrap 156/1000 ===

Chosen filter -> Eg_strong/Eg_weak >= 1.05, data_quantity >= 16 | CV acc=0.9321, CV bin acc=0.9780, n_rows(dedup)=1090 | OOB acc=0.8875, OOB bin acc=0.9417, n_rows_test(dedup)=240 |
OOB cameras: ['bartlett', 'hyytiala', 'kenttarova', 'lacclair', 'marcell_MN', 'torgnon']
OOB n=298 | RMSE=0.1617 | Bias=-0.0427 | FracRMSE=0.3534 | FracBias=-0.1838 | NoneBias=0.0006 | FullBias=-0.0491
Aspect split eligible OOB rows (north/south facing fraction threshold = 0.75): 61 / 298
north_dominated OOB n=38 | RMSE=0.2916 | Bias=-0.0985 | FracRMSE=0.4019 | FracBias=-0.1949 | NoneBias=0.0000 | FullBias=-0.0945
south_dominated OOB n=23 | RMSE=0.2511 | Bias=-0.0725 | FracRMSE=0.5385 | FracBias=-0.3334 | NoneBias=0.0000 | FullBias=0.0000
Low-gradient eligible OOB rows (gradient_p84 <= 4.0): 8 / 298
low_gradient_p84 OOB n=8 | RMSE=0.0249 | Bias=0.0029 | FracRMSE=0.0498 | FracBias=0.0116 | NoneBias=0.0000 | FullBias=0.0000
5.89s

=== Bootstrap 157/1000 ===

Chosen filter -> Eg_strong/Eg_weak >= 1.18, data_quantity >= 17 | CV acc=0.9591, CV bin acc=0.9806, n_rows(dedup)=977 | OOB acc=0.9119, OOB bin acc=0.9819, n_rows_test(dedup)=386 |
OOB cameras: ['lacclair', 'queens', 'sodankyla_full', 'tammela', 'underc', 'varrio', 'willowcreek', 'wslcreek']
OOB n=439 | RMSE=0.1469 | Bias=0.0133 | FracRMSE=0.2823 | FracBias=0.0245 | NoneBias=0.0471 | FullBias=-0.0130
Aspect split eligible OOB rows (north/south facing fraction threshold = 0.75): 53 / 439
north_dominated OOB n=45 | RMSE=0.0675 | Bias=0.0096 | FracRMSE=0.3203 | FracBias=0.2163 | NoneBias=0.0000 | FullBias=0.0000
south_dominated OOB n=8 | RMSE=0.0000 | Bias=0.0000 | FracRMSE=nan | FracBias=nan | NoneBias=0.0000 | FullBias=0.0000
Low-gradient eligible OOB rows (gradient_p84 <= 4.0): 32 / 439
low_gradient_p84 OOB n=32 | RMSE=0.1374 | Bias=0.0062 | FracRMSE=0.1581 | FracBias=-0.1581 | NoneBias=0.0609 | FullBias=-0.0347
5.75s

=== Bootstrap 158/1000 ===

Chosen filter -> Eg_strong/Eg_weak >= 1.26, data_quantity >= 16 | CV acc=0.9022, CV bin acc=0.9868, n_rows(dedup)=982 | OOB acc=0.9416, OOB bin acc=0.9562, n_rows_test(dedup)=274 |
OOB cameras: ['bartlett', 'kenttarova', 'marcell_MN', 'queens', 'tammela', 'underhill', 'willowcreek', 'wslcreek']
OOB n=301 | RMSE=0.1710 | Bias=-0.0167 | FracRMSE=0.2976 | FracBias=-0.1069 | NoneBias=0.0386 | FullBias=-0.0451
Aspect split eligible OOB rows (north/south facing fraction threshold = 0.75): 70 / 301
north_dominated OOB n=51 | RMSE=0.1607 | Bias=-0.0231 | FracRMSE=0.3236 | FracBias=-0.1172 | NoneBias=0.0427 | FullBias=-0.0021
south_dominated OOB n=19 | RMSE=0.1983 | Bias=-0.0514 | FracRMSE=0.4275 | FracBias=-0.2126 | NoneBias=0.0000 | FullBias=-0.0105
Low-gradient eligible OOB rows (gradient_p84 <= 4.0): 12 / 301
low_gradient_p84 OOB n=12 | RMSE=0.1648 | Bias=-0.0357 | FracRMSE=0.0653 | FracBias=-0.0051 | NoneBias=0.0454 | FullBias=-0.1725
5.81s

=== Bootstrap 159/1000 ===

Chosen filter -> Eg_strong/Eg_weak >= 1.09, data_quantity >= 16 | CV acc=0.9275, CV bin acc=0.9790, n_rows(dedup)=952 | OOB acc=0.9309, OOB bin acc=0.9827, n_rows_test(dedup)=521 |
OOB cameras: ['bartlett', 'hyytiala', 'kenttarova', 'oregon_yp', 'sodankyla_full', 'tammela', 'wslcreek']
OOB n=565 | RMSE=0.1308 | Bias=0.0154 | FracRMSE=0.2547 | FracBias=-0.1253 | NoneBias=0.0596 | FullBias=-0.0425
Aspect split eligible OOB rows (north/south facing fraction threshold = 0.75): 79 / 565
north_dominated OOB n=60 | RMSE=0.1896 | Bias=-0.0402 | FracRMSE=0.2995 | FracBias=-0.0991 | NoneBias=0.0285 | FullBias=-0.0456
south_dominated OOB n=19 | RMSE=0.1999 | Bias=-0.0534 | FracRMSE=0.4273 | FracBias=-0.2109 | NoneBias=0.0000 | FullBias=-0.0155
Low-gradient eligible OOB rows (gradient_p84 <= 4.0): 134 / 565
low_gradient_p84 OOB n=134 | RMSE=0.1449 | Bias=0.0849 | FracRMSE=0.1892 | FracBias=-0.1499 | NoneBias=0.1217 | FullBias=0.0000
5.63s

=== Bootstrap 160/1000 ===

Chosen filter -> Eg_strong/Eg_weak >= 1.11, data_quantity >= 16 | CV acc=0.9215, CV bin acc=0.9602, n_rows(dedup)=905 | OOB acc=0.9432, OOB bin acc=0.9937, n_rows_test(dedup)=475 |
OOB cameras: ['delta_junction', 'glees', 'kenttarova', 'lacclair', 'marcell_MN', 'sodankyla_full', 'tammela', 'varrio']
OOB n=562 | RMSE=0.0861 | Bias=-0.0029 | FracRMSE=0.2360 | FracBias=-0.0351 | NoneBias=0.0077 | FullBias=-0.0044
Aspect split eligible OOB rows (north/south facing fraction threshold = 0.75): 119 / 562
north_dominated OOB n=88 | RMSE=0.1034 | Bias=-0.0125 | FracRMSE=0.2281 | FracBias=-0.0659 | NoneBias=0.0028 | FullBias=0.0000
south_dominated OOB n=31 | RMSE=0.0109 | Bias=0.0023 | FracRMSE=0.0351 | FracBias=0.0235 | NoneBias=0.0000 | FullBias=0.0000
Low-gradient eligible OOB rows (gradient_p84 <= 4.0): 58 / 562
low_gradient_p84 OOB n=58 | RMSE=0.0836 | Bias=-0.0051 | FracRMSE=0.1758 | FracBias=-0.0532 | NoneBias=0.0116 | FullBias=0.0000
5.36s

=== Bootstrap 161/1000 ===

Chosen filter -> Eg_strong/Eg_weak >= 1.27, data_quantity >= 14 | CV acc=0.9142, CV bin acc=0.9646, n_rows(dedup)=1072 | OOB acc=0.9189, OOB bin acc=0.9670, n_rows_test(dedup)=333 |
OOB cameras: ['bartlett', 'glees', 'hyytiala', 'kenttarova', 'marcell_MN', 'queens', 'torgnon', 'varrio']
OOB n=365 | RMSE=0.1178 | Bias=-0.0223 | FracRMSE=0.3447 | FracBias=-0.1439 | NoneBias=0.0011 | FullBias=-0.0235
Aspect split eligible OOB rows (north/south facing fraction threshold = 0.75): 90 / 365
north_dominated OOB n=52 | RMSE=0.1807 | Bias=-0.0388 | FracRMSE=0.4122 | FracBias=-0.2016 | NoneBias=0.0000 | FullBias=0.0000
south_dominated OOB n=38 | RMSE=0.1654 | Bias=-0.0336 | FracRMSE=0.4561 | FracBias=-0.2554 | NoneBias=0.0000 | FullBias=0.0000
Low-gradient eligible OOB rows (gradient_p84 <= 4.0): 9 / 365
low_gradient_p84 OOB n=9 | RMSE=0.0283 | Bias=0.0133 | FracRMSE=0.0600 | FracBias=0.0600 | NoneBias=0.0000 | FullBias=0.0000
6.05s

=== Bootstrap 162/1000 ===

Chosen filter -> Eg_strong/Eg_weak >= 1.11, data_quantity >= 16 | CV acc=0.9538, CV bin acc=0.9796, n_rows(dedup)=1126 | OOB acc=0.9084, OOB bin acc=0.9885, n_rows_test(dedup)=262 |
OOB cameras: ['glees', 'marcell_MN', 'old_jack_pine', 'queens', 'underc']
OOB n=298 | RMSE=0.1507 | Bias=0.0046 | FracRMSE=0.3332 | FracBias=-0.0530 | NoneBias=0.0266 | FullBias=-0.0015
Aspect split eligible OOB rows (north/south facing fraction threshold = 0.75): 14 / 298
north_dominated OOB n=0 | RMSE=nan | Bias=nan | FracRMSE=nan | FracBias=nan | NoneBias=nan | FullBias=nan
south_dominated OOB n=14 | RMSE=0.0000 | Bias=0.0000 | FracRMSE=nan | FracBias=nan | NoneBias=0.0000 | FullBias=0.0000
Low-gradient eligible OOB rows (gradient_p84 <= 4.0): 38 / 298
low_gradient_p84 OOB n=38 | RMSE=0.1363 | Bias=-0.0290 | FracRMSE=0.3431 | FracBias=-0.1834 | NoneBias=0.0000 | FullBias=0.0000
6.24s

=== Bootstrap 163/1000 ===

Chosen filter -> Eg_strong/Eg_weak >= 1.05, data_quantity >= 13 | CV acc=0.9298, CV bin acc=0.9565, n_rows(dedup)=1011 | OOB acc=0.8710, OOB bin acc=0.9720, n_rows_test(dedup)=465 |
OOB cameras: ['delta_junction', 'glees', 'lacclair', 'marcell_MN', 'old_jack_pine', 'underc', 'varrio', 'wslcreek']
OOB n=573 | RMSE=0.1495 | Bias=0.0073 | FracRMSE=0.3187 | FracBias=0.0159 | NoneBias=0.0244 | FullBias=-0.0066
Aspect split eligible OOB rows (north/south facing fraction threshold = 0.75): 98 / 573
north_dominated OOB n=76 | RMSE=0.1470 | Bias=-0.0051 | FracRMSE=0.3555 | FracBias=-0.0298 | NoneBias=0.0000 | FullBias=0.0000
south_dominated OOB n=22 | RMSE=0.0000 | Bias=0.0000 | FracRMSE=nan | FracBias=nan | NoneBias=0.0000 | FullBias=0.0000
Low-gradient eligible OOB rows (gradient_p84 <= 4.0): 65 / 573
low_gradient_p84 OOB n=65 | RMSE=0.1286 | Bias=-0.0099 | FracRMSE=0.2769 | FracBias=-0.0501 | NoneBias=0.0017 | FullBias=0.0000
5.85s

=== Bootstrap 164/1000 ===

Chosen filter -> Eg_strong/Eg_weak >= 1.05, data_quantity >= 16 | CV acc=0.9431, CV bin acc=0.9915, n_rows(dedup)=1054 | OOB acc=0.9450, OOB bin acc=0.9633, n_rows_test(dedup)=491 |
OOB cameras: ['bartlett', 'delta_junction', 'hyytiala', 'lacclair', 'old_jack_pine', 'queens', 'sodankyla_full', 'willowcreek']
OOB n=579 | RMSE=0.1714 | Bias=-0.0204 | FracRMSE=0.3726 | FracBias=-0.1607 | NoneBias=0.0182 | FullBias=-0.0319
Aspect split eligible OOB rows (north/south facing fraction threshold = 0.75): 62 / 579
north_dominated OOB n=50 | RMSE=0.2822 | Bias=-0.1110 | FracRMSE=0.4408 | FracBias=-0.2885 | NoneBias=0.0000 | FullBias=-0.0889
south_dominated OOB n=12 | RMSE=0.3470 | Bias=-0.1417 | FracRMSE=0.8500 | FracBias=-0.8500 | NoneBias=0.0000 | FullBias=0.0000
Low-gradient eligible OOB rows (gradient_p84 <= 4.0): 93 / 579
low_gradient_p84 OOB n=93 | RMSE=0.1255 | Bias=-0.0309 | FracRMSE=0.2932 | FracBias=-0.1699 | NoneBias=0.0049 | FullBias=-0.0187
6.11s

=== Bootstrap 165/1000 ===

Chosen filter -> Eg_strong/Eg_weak >= 1.05, data_quantity >= 16 | CV acc=0.9390, CV bin acc=0.9834, n_rows(dedup)=1263 | OOB acc=0.8926, OOB bin acc=0.9597, n_rows_test(dedup)=298 |
OOB cameras: ['glees', 'kenttarova', 'queens', 'tammela', 'underc', 'underhill', 'willowcreek']
OOB n=329 | RMSE=0.1702 | Bias=0.0152 | FracRMSE=0.2177 | FracBias=-0.0097 | NoneBias=0.0530 | FullBias=-0.0230
Aspect split eligible OOB rows (north/south facing fraction threshold = 0.75): 55 / 329
north_dominated OOB n=29 | RMSE=0.0587 | Bias=0.0178 | FracRMSE=0.0400 | FracBias=0.0314 | NoneBias=0.0372 | FullBias=0.0000
south_dominated OOB n=26 | RMSE=0.0168 | Bias=0.0050 | FracRMSE=0.0493 | FracBias=0.0433 | NoneBias=0.0000 | FullBias=0.0000
Low-gradient eligible OOB rows (gradient_p84 <= 4.0): 12 / 329
low_gradient_p84 OOB n=12 | RMSE=0.1550 | Bias=0.0012 | FracRMSE=0.0600 | FracBias=0.0600 | NoneBias=0.0647 | FullBias=-0.1234
6.93s

=== Bootstrap 166/1000 ===

Chosen filter -> Eg_strong/Eg_weak >= 1.28, data_quantity >= 16 | CV acc=0.9312, CV bin acc=0.9788, n_rows(dedup)=756 | OOB acc=0.9364, OOB bin acc=1.0000, n_rows_test(dedup)=346 |
OOB cameras: ['delta_junction', 'marcell_MN', 'oregon_yp', 'varrio', 'wslcreek']
OOB n=401 | RMSE=0.1216 | Bias=0.0213 | FracRMSE=0.2737 | FracBias=-0.0585 | NoneBias=0.0576 | FullBias=-0.0027
Aspect split eligible OOB rows (north/south facing fraction threshold = 0.75): 75 / 401
north_dominated OOB n=71 | RMSE=0.1180 | Bias=-0.0037 | FracRMSE=0.2731 | FracBias=-0.0308 | NoneBias=0.0071 | FullBias=0.0000
south_dominated OOB n=4 | RMSE=0.0000 | Bias=0.0000 | FracRMSE=nan | FracBias=nan | NoneBias=nan | FullBias=0.0000
Low-gradient eligible OOB rows (gradient_p84 <= 4.0): 120 / 401
low_gradient_p84 OOB n=120 | RMSE=0.1454 | Bias=0.0604 | FracRMSE=0.2274 | FracBias=-0.1031 | NoneBias=0.0908 | FullBias=0.0000
5.37s

=== Bootstrap 167/1000 ===

Chosen filter -> Eg_strong/Eg_weak >= 1.18, data_quantity >= 11 | CV acc=0.9139, CV bin acc=0.9752, n_rows(dedup)=848 | OOB acc=0.9458, OOB bin acc=0.9951, n_rows_test(dedup)=406 |
OOB cameras: ['kenttarova', 'marcell_MN', 'old_jack_pine', 'oregon_yp', 'torgnon', 'wslcreek']
OOB n=467 | RMSE=0.1206 | Bias=0.0188 | FracRMSE=0.2367 | FracBias=-0.0507 | NoneBias=0.0481 | FullBias=-0.0043
Aspect split eligible OOB rows (north/south facing fraction threshold = 0.75): 65 / 467
north_dominated OOB n=47 | RMSE=0.0496 | Bias=0.0140 | FracRMSE=0.1031 | FracBias=0.0562 | NoneBias=0.0120 | FullBias=0.0000
south_dominated OOB n=18 | RMSE=0.0770 | Bias=-0.0103 | FracRMSE=0.1634 | FracBias=-0.0463 | NoneBias=0.0000 | FullBias=0.0000
Low-gradient eligible OOB rows (gradient_p84 <= 4.0): 148 / 467
low_gradient_p84 OOB n=148 | RMSE=0.1378 | Bias=0.0422 | FracRMSE=0.2547 | FracBias=-0.1581 | NoneBias=0.0731 | FullBias=0.0000
5.33s

=== Bootstrap 168/1000 ===

Chosen filter -> Eg_strong/Eg_weak >= 1.18, data_quantity >= 13 | CV acc=0.9567, CV bin acc=0.9821, n_rows(dedup)=1062 | OOB acc=0.7407, OOB bin acc=0.9556, n_rows_test(dedup)=135 |
OOB cameras: ['glees', 'underc', 'wslcreek']
OOB n=151 | RMSE=0.1491 | Bias=0.0195 | FracRMSE=0.2715 | FracBias=0.0317 | NoneBias=0.0958 | FullBias=-0.0081
Aspect split eligible OOB rows (north/south facing fraction threshold = 0.75): 35 / 151
north_dominated OOB n=18 | RMSE=0.0895 | Bias=0.0200 | FracRMSE=0.2686 | FracBias=0.1797 | NoneBias=nan | FullBias=0.0000
south_dominated OOB n=17 | RMSE=0.0097 | Bias=0.0024 | FracRMSE=nan | FracBias=nan | NoneBias=0.0134 | FullBias=0.0000
Low-gradient eligible OOB rows (gradient_p84 <= 4.0): 0 / 151
low_gradient_p84 OOB n=0 | RMSE=nan | Bias=nan | FracRMSE=nan | FracBias=nan | NoneBias=nan | FullBias=nan
6.05s

=== Bootstrap 169/1000 ===

Chosen filter -> Eg_strong/Eg_weak >= 1.18, data_quantity >= 14 | CV acc=0.9480, CV bin acc=0.9854, n_rows(dedup)=1230 | OOB acc=0.8951, OOB bin acc=0.9580, n_rows_test(dedup)=286 |
OOB cameras: ['kenttarova', 'lacclair', 'queens', 'underc', 'varrio', 'willowcreek', 'wslcreek']
OOB n=355 | RMSE=0.1551 | Bias=0.0059 | FracRMSE=0.2050 | FracBias=-0.0102 | NoneBias=0.0629 | FullBias=-0.0187
Aspect split eligible OOB rows (north/south facing fraction threshold = 0.75): 89 / 355
north_dominated OOB n=69 | RMSE=0.0416 | Bias=0.0077 | FracRMSE=0.1152 | FracBias=0.0587 | NoneBias=0.0000 | FullBias=0.0000
south_dominated OOB n=20 | RMSE=0.0137 | Bias=0.0039 | FracRMSE=0.0355 | FracBias=0.0263 | NoneBias=0.0000 | FullBias=0.0000
Low-gradient eligible OOB rows (gradient_p84 <= 4.0): 13 / 355
low_gradient_p84 OOB n=13 | RMSE=0.1609 | Bias=-0.0081 | FracRMSE=0.0429 | FracBias=0.0345 | NoneBias=0.0668 | FullBias=-0.1151
6.66s

=== Bootstrap 170/1000 ===

Chosen filter -> Eg_strong/Eg_weak >= 1.05, data_quantity >= 16 | CV acc=0.9581, CV bin acc=0.9815, n_rows(dedup)=1241 | OOB acc=0.8511, OOB bin acc=0.9504, n_rows_test(dedup)=262 |
OOB cameras: ['bartlett', 'delta_junction', 'glees', 'lacclair', 'underc', 'varrio']
OOB n=348 | RMSE=0.1831 | Bias=-0.0298 | FracRMSE=0.3771 | FracBias=-0.1644 | NoneBias=0.0189 | FullBias=-0.0149
Aspect split eligible OOB rows (north/south facing fraction threshold = 0.75): 90 / 348
north_dominated OOB n=64 | RMSE=0.2537 | Bias=-0.0839 | FracRMSE=0.4393 | FracBias=-0.2659 | NoneBias=0.0000 | FullBias=-0.0567
south_dominated OOB n=26 | RMSE=0.2357 | Bias=-0.0654 | FracRMSE=0.8500 | FracBias=-0.8500 | NoneBias=0.0000 | FullBias=0.0000
Low-gradient eligible OOB rows (gradient_p84 <= 4.0): 22 / 348
low_gradient_p84 OOB n=22 | RMSE=0.1333 | Bias=-0.0281 | FracRMSE=0.2210 | FracBias=-0.0772 | NoneBias=0.0000 | FullBias=0.0000
6.83s

=== Bootstrap 171/1000 ===

Chosen filter -> Eg_strong/Eg_weak >= 1.18, data_quantity >= 16 | CV acc=0.9567, CV bin acc=0.9750, n_rows(dedup)=1039 | OOB acc=0.9386, OOB bin acc=0.9951, n_rows_test(dedup)=407 |
OOB cameras: ['delta_junction', 'glees', 'marcell_MN', 'old_jack_pine', 'queens', 'tammela', 'torgnon', 'varrio']
OOB n=463 | RMSE=0.1230 | Bias=0.0019 | FracRMSE=0.3416 | FracBias=-0.0119 | NoneBias=0.0082 | FullBias=-0.0010
Aspect split eligible OOB rows (north/south facing fraction threshold = 0.75): 71 / 463
north_dominated OOB n=53 | RMSE=0.1675 | Bias=-0.0211 | FracRMSE=0.3678 | FracBias=-0.1018 | NoneBias=0.0000 | FullBias=0.0000
south_dominated OOB n=18 | RMSE=0.0000 | Bias=0.0000 | FracRMSE=nan | FracBias=nan | NoneBias=0.0000 | FullBias=0.0000
Low-gradient eligible OOB rows (gradient_p84 <= 4.0): 59 / 463
low_gradient_p84 OOB n=59 | RMSE=0.1387 | Bias=-0.0197 | FracRMSE=0.2848 | FracBias=-0.0832 | NoneBias=0.0000 | FullBias=0.0000
6.08s

=== Bootstrap 172/1000 ===

Chosen filter -> Eg_strong/Eg_weak >= 1.05, data_quantity >= 17 | CV acc=0.8875, CV bin acc=0.9778, n_rows(dedup)=631 | OOB acc=0.9478, OOB bin acc=0.9701, n_rows_test(dedup)=536 |
OOB cameras: ['bartlett', 'hyytiala', 'marcell_MN', 'oregon_yp', 'sodankyla_full', 'varrio', 'willowcreek']
OOB n=570 | RMSE=0.1618 | Bias=0.0011 | FracRMSE=0.3802 | FracBias=-0.2988 | NoneBias=0.0567 | FullBias=-0.0597
Aspect split eligible OOB rows (north/south facing fraction threshold = 0.75): 47 / 570
north_dominated OOB n=35 | RMSE=0.2409 | Bias=-0.0879 | FracRMSE=0.5804 | FracBias=-0.5734 | NoneBias=0.0038 | FullBias=-0.0739
south_dominated OOB n=12 | RMSE=0.3497 | Bias=-0.1542 | FracRMSE=0.8500 | FracBias=-0.8500 | NoneBias=0.0000 | FullBias=-0.0187
Low-gradient eligible OOB rows (gradient_p84 <= 4.0): 129 / 570
low_gradient_p84 OOB n=129 | RMSE=0.1418 | Bias=0.0602 | FracRMSE=0.2408 | FracBias=-0.2182 | NoneBias=0.1006 | FullBias=-0.0452
4.8s

=== Bootstrap 173/1000 ===

Chosen filter -> Eg_strong/Eg_weak >= 1.05, data_quantity >= 9 | CV acc=0.9655, CV bin acc=0.9863, n_rows(dedup)=1390 | OOB acc=0.8647, OOB bin acc=0.9774, n_rows_test(dedup)=399 |
OOB cameras: ['delta_junction', 'kenttarova', 'marcell_MN', 'old_jack_pine', 'queens', 'underc', 'underhill']
OOB n=487 | RMSE=0.1747 | Bias=0.0023 | FracRMSE=0.3061 | FracBias=-0.0123 | NoneBias=0.0244 | FullBias=-0.0151
Aspect split eligible OOB rows (north/south facing fraction threshold = 0.75): 80 / 487
north_dominated OOB n=65 | RMSE=0.1477 | Bias=-0.0171 | FracRMSE=0.2729 | FracBias=-0.0608 | NoneBias=0.0020 | FullBias=0.0000
south_dominated OOB n=15 | RMSE=0.0221 | Bias=0.0087 | FracRMSE=0.0493 | FracBias=0.0433 | NoneBias=0.0000 | FullBias=0.0000
Low-gradient eligible OOB rows (gradient_p84 <= 4.0): 74 / 487
low_gradient_p84 OOB n=74 | RMSE=0.1293 | Bias=-0.0202 | FracRMSE=0.2780 | FracBias=-0.0936 | NoneBias=0.0000 | FullBias=0.0000
6.97s

=== Bootstrap 174/1000 ===

Chosen filter -> Eg_strong/Eg_weak >= 1.05, data_quantity >= 9 | CV acc=0.9041, CV bin acc=0.9835, n_rows(dedup)=1210 | OOB acc=0.8863, OOB bin acc=0.9621, n_rows_test(dedup)=343 |
OOB cameras: ['bartlett', 'glees', 'marcell_MN', 'oregon_yp', 'underc', 'underhill']
OOB n=386 | RMSE=0.2023 | Bias=-0.0013 | FracRMSE=0.3649 | FracBias=-0.2393 | NoneBias=0.0828 | FullBias=-0.0638
Aspect split eligible OOB rows (north/south facing fraction threshold = 0.75): 41 / 386
north_dominated OOB n=15 | RMSE=0.4433 | Bias=-0.2614 | FracRMSE=0.6504 | FracBias=-0.6438 | NoneBias=0.0403 | FullBias=-0.2578
south_dominated OOB n=26 | RMSE=0.2391 | Bias=-0.0734 | FracRMSE=0.8500 | FracBias=-0.8500 | NoneBias=0.0117 | FullBias=-0.0140
Low-gradient eligible OOB rows (gradient_p84 <= 4.0): 99 / 386
low_gradient_p84 OOB n=99 | RMSE=0.1484 | Bias=0.0792 | FracRMSE=0.2500 | FracBias=-0.2186 | NoneBias=0.1054 | FullBias=nan
6.31s

=== Bootstrap 175/1000 ===

Chosen filter -> Eg_strong/Eg_weak >= 1.11, data_quantity >= 16 | CV acc=0.9481, CV bin acc=0.9749, n_rows(dedup)=1117 | OOB acc=0.8571, OOB bin acc=0.9829, n_rows_test(dedup)=175 |
OOB cameras: ['glees', 'lacclair', 'torgnon', 'underc', 'varrio']
OOB n=225 | RMSE=0.1276 | Bias=-0.0023 | FracRMSE=0.2969 | FracBias=-0.1190 | NoneBias=0.0420 | FullBias=-0.0017
Aspect split eligible OOB rows (north/south facing fraction threshold = 0.75): 41 / 225
north_dominated OOB n=22 | RMSE=0.0000 | Bias=0.0000 | FracRMSE=nan | FracBias=nan | NoneBias=0.0000 | FullBias=0.0000
south_dominated OOB n=19 | RMSE=0.0000 | Bias=0.0000 | FracRMSE=nan | FracBias=nan | NoneBias=0.0000 | FullBias=0.0000
Low-gradient eligible OOB rows (gradient_p84 <= 4.0): 0 / 225
low_gradient_p84 OOB n=0 | RMSE=nan | Bias=nan | FracRMSE=nan | FracBias=nan | NoneBias=nan | FullBias=nan
6.19s

=== Bootstrap 176/1000 ===

Chosen filter -> Eg_strong/Eg_weak >= 1.11, data_quantity >= 17 | CV acc=0.9232, CV bin acc=0.9723, n_rows(dedup)=938 | OOB acc=0.9266, OOB bin acc=0.9862, n_rows_test(dedup)=218 |
OOB cameras: ['lacclair', 'sodankyla_full', 'underc', 'underhill', 'wslcreek']
OOB n=267 | RMSE=0.1361 | Bias=0.0015 | FracRMSE=0.2724 | FracBias=-0.1092 | NoneBias=0.0416 | FullBias=-0.0023
Aspect split eligible OOB rows (north/south facing fraction threshold = 0.75): 32 / 267
north_dominated OOB n=28 | RMSE=0.0468 | Bias=0.0103 | FracRMSE=0.1669 | FracBias=0.1076 | NoneBias=0.0149 | FullBias=0.0000
south_dominated OOB n=4 | RMSE=0.0000 | Bias=0.0000 | FracRMSE=nan | FracBias=nan | NoneBias=0.0000 | FullBias=0.0000
Low-gradient eligible OOB rows (gradient_p84 <= 4.0): 28 / 267
low_gradient_p84 OOB n=28 | RMSE=0.0329 | Bias=0.0046 | FracRMSE=0.0415 | FracBias=-0.0415 | NoneBias=0.0130 | FullBias=0.0000
5.63s

=== Bootstrap 177/1000 ===

Chosen filter -> Eg_strong/Eg_weak >= 1.20, data_quantity >= 13 | CV acc=0.9209, CV bin acc=0.9664, n_rows(dedup)=923 | OOB acc=0.9395, OOB bin acc=0.9921, n_rows_test(dedup)=380 |
OOB cameras: ['delta_junction', 'glees', 'lacclair', 'old_jack_pine', 'tammela', 'underhill', 'varrio']
OOB n=466 | RMSE=0.1354 | Bias=0.0058 | FracRMSE=0.3224 | FracBias=-0.0161 | NoneBias=0.0190 | FullBias=0.0000
Aspect split eligible OOB rows (north/south facing fraction threshold = 0.75): 81 / 466
north_dominated OOB n=60 | RMSE=0.1572 | Bias=-0.0140 | FracRMSE=0.3438 | FracBias=-0.1153 | NoneBias=0.0214 | FullBias=0.0000
south_dominated OOB n=21 | RMSE=0.0000 | Bias=0.0000 | FracRMSE=nan | FracBias=nan | NoneBias=0.0000 | FullBias=0.0000
Low-gradient eligible OOB rows (gradient_p84 <= 4.0): 63 / 466
low_gradient_p84 OOB n=63 | RMSE=0.1320 | Bias=-0.0222 | FracRMSE=0.2800 | FracBias=-0.1007 | NoneBias=0.0004 | FullBias=0.0000
5.58s

=== Bootstrap 178/1000 ===

Chosen filter -> Eg_strong/Eg_weak >= 1.05, data_quantity >= 16 | CV acc=0.9352, CV bin acc=0.9809, n_rows(dedup)=1049 | OOB acc=0.9135, OOB bin acc=0.9297, n_rows_test(dedup)=185 |
OOB cameras: ['bartlett', 'lacclair', 'varrio', 'willowcreek', 'wslcreek']
OOB n=231 | RMSE=0.2095 | Bias=-0.0263 | FracRMSE=0.4677 | FracBias=-0.3270 | NoneBias=0.0660 | FullBias=-0.0303
Aspect split eligible OOB rows (north/south facing fraction threshold = 0.75): 63 / 231
north_dominated OOB n=49 | RMSE=0.2359 | Bias=-0.0677 | FracRMSE=0.5459 | FracBias=-0.3659 | NoneBias=0.0000 | FullBias=-0.0413
south_dominated OOB n=14 | RMSE=0.3213 | Bias=-0.1214 | FracRMSE=0.8500 | FracBias=-0.8500 | NoneBias=0.0000 | FullBias=0.0000
Low-gradient eligible OOB rows (gradient_p84 <= 4.0): 4 / 231
low_gradient_p84 OOB n=4 | RMSE=0.1735 | Bias=-0.0461 | FracRMSE=nan | FracBias=nan | NoneBias=0.0988 | FullBias=-0.1909
5.67s

=== Bootstrap 179/1000 ===

Chosen filter -> Eg_strong/Eg_weak >= 1.18, data_quantity >= 17 | CV acc=0.9334, CV bin acc=0.9808, n_rows(dedup)=991 | OOB acc=0.9477, OOB bin acc=0.9771, n_rows_test(dedup)=306 |
OOB cameras: ['delta_junction', 'lacclair', 'queens', 'sodankyla_full', 'tammela', 'willowcreek']
OOB n=365 | RMSE=0.1533 | Bias=-0.0028 | FracRMSE=0.2937 | FracBias=-0.0751 | NoneBias=0.0299 | FullBias=-0.0217
Aspect split eligible OOB rows (north/south facing fraction threshold = 0.75): 45 / 365
north_dominated OOB n=41 | RMSE=0.1574 | Bias=-0.0431 | FracRMSE=0.3038 | FracBias=-0.1606 | NoneBias=0.0000 | FullBias=0.0000
south_dominated OOB n=4 | RMSE=0.0000 | Bias=0.0000 | FracRMSE=nan | FracBias=nan | NoneBias=0.0000 | FullBias=0.0000
Low-gradient eligible OOB rows (gradient_p84 <= 4.0): 53 / 365
low_gradient_p84 OOB n=53 | RMSE=0.1194 | Bias=-0.0202 | FracRMSE=0.2126 | FracBias=-0.1068 | NoneBias=0.0237 | FullBias=-0.0286
5.79s

=== Bootstrap 180/1000 ===

Chosen filter -> Eg_strong/Eg_weak >= 1.18, data_quantity >= 17 | CV acc=0.9467, CV bin acc=0.9799, n_rows(dedup)=844 | OOB acc=0.8973, OOB bin acc=0.9879, n_rows_test(dedup)=331 |
OOB cameras: ['bartlett', 'sodankyla_full', 'tammela', 'underc', 'varrio', 'wslcreek']
OOB n=360 | RMSE=0.1249 | Bias=-0.0072 | FracRMSE=0.3849 | FracBias=-0.1659 | NoneBias=0.0176 | FullBias=-0.0068
Aspect split eligible OOB rows (north/south facing fraction threshold = 0.75): 59 / 360
north_dominated OOB n=49 | RMSE=0.1727 | Bias=-0.0365 | FracRMSE=0.5407 | FracBias=-0.3576 | NoneBias=0.0000 | FullBias=0.0000
south_dominated OOB n=10 | RMSE=0.2688 | Bias=-0.0850 | FracRMSE=0.8500 | FracBias=-0.8500 | NoneBias=0.0000 | FullBias=0.0000
Low-gradient eligible OOB rows (gradient_p84 <= 4.0): 28 / 360
low_gradient_p84 OOB n=28 | RMSE=0.0436 | Bias=0.0027 | FracRMSE=0.1210 | FracBias=-0.1210 | NoneBias=0.0151 | FullBias=0.0000
5.4s

=== Bootstrap 181/1000 ===

Chosen filter -> Eg_strong/Eg_weak >= 1.18, data_quantity >= 17 | CV acc=0.9443, CV bin acc=0.9795, n_rows(dedup)=1024 | OOB acc=0.9144, OOB bin acc=0.9726, n_rows_test(dedup)=292 |
OOB cameras: ['bartlett', 'delta_junction', 'glees', 'queens', 'sodankyla_full', 'willowcreek']
OOB n=327 | RMSE=0.1791 | Bias=-0.0027 | FracRMSE=0.3825 | FracBias=-0.1001 | NoneBias=0.0398 | FullBias=-0.0191
Aspect split eligible OOB rows (north/south facing fraction threshold = 0.75): 64 / 327
north_dominated OOB n=45 | RMSE=0.2364 | Bias=-0.0760 | FracRMSE=0.4238 | FracBias=-0.2444 | NoneBias=0.0000 | FullBias=0.0000
south_dominated OOB n=19 | RMSE=0.1950 | Bias=-0.0447 | FracRMSE=0.8500 | FracBias=-0.8500 | NoneBias=0.0000 | FullBias=0.0000
Low-gradient eligible OOB rows (gradient_p84 <= 4.0): 53 / 327
low_gradient_p84 OOB n=53 | RMSE=0.1049 | Bias=-0.0097 | FracRMSE=0.2131 | FracBias=-0.0665 | NoneBias=0.0199 | FullBias=-0.0161
5.83s

=== Bootstrap 182/1000 ===

Chosen filter -> Eg_strong/Eg_weak >= 1.05, data_quantity >= 9 | CV acc=0.9273, CV bin acc=0.9577, n_rows(dedup)=1087 | OOB acc=0.8685, OOB bin acc=0.9752, n_rows_test(dedup)=403 |
OOB cameras: ['glees', 'marcell_MN', 'old_jack_pine', 'tammela', 'torgnon', 'underc', 'wslcreek']
OOB n=446 | RMSE=0.1398 | Bias=-0.0013 | FracRMSE=0.3074 | FracBias=-0.0387 | NoneBias=0.0190 | FullBias=-0.0129
Aspect split eligible OOB rows (north/south facing fraction threshold = 0.75): 43 / 446
north_dominated OOB n=21 | RMSE=0.0528 | Bias=0.0105 | FracRMSE=0.1710 | FracBias=0.1105 | NoneBias=0.0000 | FullBias=0.0000
south_dominated OOB n=22 | RMSE=0.0540 | Bias=-0.0115 | FracRMSE=0.2532 | FracBias=-0.2532 | NoneBias=0.0000 | FullBias=0.0000
Low-gradient eligible OOB rows (gradient_p84 <= 4.0): 42 / 446
low_gradient_p84 OOB n=42 | RMSE=0.1146 | Bias=-0.0206 | FracRMSE=0.3033 | FracBias=-0.1440 | NoneBias=0.0000 | FullBias=0.0000
5.8s

=== Bootstrap 183/1000 ===

Chosen filter -> Eg_strong/Eg_weak >= 1.18, data_quantity >= 15 | CV acc=0.9496, CV bin acc=0.9706, n_rows(dedup)=952 | OOB acc=0.8720, OOB bin acc=0.9756, n_rows_test(dedup)=492 |
OOB cameras: ['hyytiala', 'kenttarova', 'queens', 'sodankyla_full', 'tammela', 'underc', 'varrio', 'wslcreek']
OOB n=533 | RMSE=0.0872 | Bias=-0.0019 | FracRMSE=0.1918 | FracBias=-0.0152 | NoneBias=0.0108 | FullBias=-0.0126
Aspect split eligible OOB rows (north/south facing fraction threshold = 0.75): 92 / 533
north_dominated OOB n=73 | RMSE=0.0313 | Bias=0.0061 | FracRMSE=0.0892 | FracBias=0.0494 | NoneBias=0.0000 | FullBias=0.0000
south_dominated OOB n=19 | RMSE=0.0196 | Bias=0.0068 | FracRMSE=0.0493 | FracBias=0.0433 | NoneBias=0.0000 | FullBias=0.0000
Low-gradient eligible OOB rows (gradient_p84 <= 4.0): 36 / 533
low_gradient_p84 OOB n=36 | RMSE=0.0372 | Bias=0.0054 | FracRMSE=0.0771 | FracBias=0.0056 | NoneBias=0.0105 | FullBias=0.0000
5.61s

=== Bootstrap 184/1000 ===

Chosen filter -> Eg_strong/Eg_weak >= 1.05, data_quantity >= 17 | CV acc=0.9188, CV bin acc=0.9538, n_rows(dedup)=973 | OOB acc=0.9096, OOB bin acc=0.9819, n_rows_test(dedup)=332 |
OOB cameras: ['delta_junction', 'kenttarova', 'lacclair', 'marcell_MN', 'oregon_yp', 'queens']
OOB n=424 | RMSE=0.1205 | Bias=-0.0016 | FracRMSE=0.2725 | FracBias=-0.0710 | NoneBias=0.0207 | FullBias=-0.0027
Aspect split eligible OOB rows (north/south facing fraction threshold = 0.75): 75 / 424
north_dominated OOB n=61 | RMSE=0.1507 | Bias=-0.0084 | FracRMSE=0.2855 | FracBias=-0.0303 | NoneBias=0.0002 | FullBias=0.0000
south_dominated OOB n=14 | RMSE=0.0163 | Bias=0.0050 | FracRMSE=0.0430 | FracBias=0.0350 | NoneBias=0.0000 | FullBias=0.0000
Low-gradient eligible OOB rows (gradient_p84 <= 4.0): 125 / 424
low_gradient_p84 OOB n=125 | RMSE=0.1261 | Bias=0.0157 | FracRMSE=0.2726 | FracBias=-0.1074 | NoneBias=0.0379 | FullBias=0.0000
5.54s

=== Bootstrap 185/1000 ===

Chosen filter -> Eg_strong/Eg_weak >= 1.08, data_quantity >= 14 | CV acc=0.9301, CV bin acc=0.9771, n_rows(dedup)=959 | OOB acc=0.9656, OOB bin acc=0.9974, n_rows_test(dedup)=378 |
OOB cameras: ['marcell_MN', 'oregon_yp', 'queens', 'sodankyla_full', 'underhill', 'wslcreek']
OOB n=402 | RMSE=0.1243 | Bias=0.0330 | FracRMSE=0.2390 | FracBias=-0.1294 | NoneBias=0.0748 | FullBias=-0.0068
Aspect split eligible OOB rows (north/south facing fraction threshold = 0.75): 33 / 402
north_dominated OOB n=28 | RMSE=0.1286 | Bias=0.0349 | FracRMSE=0.3251 | FracBias=0.2197 | NoneBias=0.0896 | FullBias=0.0000
south_dominated OOB n=5 | RMSE=0.0000 | Bias=0.0000 | FracRMSE=nan | FracBias=nan | NoneBias=0.0000 | FullBias=0.0000
Low-gradient eligible OOB rows (gradient_p84 <= 4.0): 127 / 402
low_gradient_p84 OOB n=127 | RMSE=0.1458 | Bias=0.0694 | FracRMSE=0.2444 | FracBias=-0.2079 | NoneBias=0.1037 | FullBias=0.0000
5.53s

=== Bootstrap 186/1000 ===

Chosen filter -> Eg_strong/Eg_weak >= 1.05, data_quantity >= 17 | CV acc=0.9385, CV bin acc=0.9819, n_rows(dedup)=1105 | OOB acc=0.9689, OOB bin acc=0.9938, n_rows_test(dedup)=161 |
OOB cameras: ['lacclair', 'oregon_yp', 'torgnon', 'underhill']
OOB n=206 | RMSE=0.1516 | Bias=0.0471 | FracRMSE=0.2369 | FracBias=-0.1778 | NoneBias=0.0971 | FullBias=0.0000
Aspect split eligible OOB rows (north/south facing fraction threshold = 0.75): 8 / 206
north_dominated OOB n=5 | RMSE=0.1539 | Bias=0.0688 | FracRMSE=nan | FracBias=nan | NoneBias=0.1721 | FullBias=0.0000
south_dominated OOB n=3 | RMSE=0.0000 | Bias=0.0000 | FracRMSE=nan | FracBias=nan | NoneBias=nan | FullBias=0.0000
Low-gradient eligible OOB rows (gradient_p84 <= 4.0): 97 / 206
low_gradient_p84 OOB n=97 | RMSE=0.1526 | Bias=0.0751 | FracRMSE=0.2612 | FracBias=-0.2240 | NoneBias=0.1020 | FullBias=nan
6.13s

=== Bootstrap 187/1000 ===

Chosen filter -> Eg_strong/Eg_weak >= 1.11, data_quantity >= 16 | CV acc=0.9333, CV bin acc=0.9741, n_rows(dedup)=1005 | OOB acc=0.9349, OOB bin acc=0.9882, n_rows_test(dedup)=169 |
OOB cameras: ['glees', 'old_jack_pine', 'queens', 'torgnon']
OOB n=188 | RMSE=0.1384 | Bias=0.0122 | FracRMSE=0.3216 | FracBias=-0.0454 | NoneBias=0.0350 | FullBias=0.0000
Aspect split eligible OOB rows (north/south facing fraction threshold = 0.75): 15 / 188
north_dominated OOB n=0 | RMSE=nan | Bias=nan | FracRMSE=nan | FracBias=nan | NoneBias=nan | FullBias=nan
south_dominated OOB n=15 | RMSE=0.0185 | Bias=0.0057 | FracRMSE=nan | FracBias=nan | NoneBias=0.0283 | FullBias=0.0000
Low-gradient eligible OOB rows (gradient_p84 <= 4.0): 38 / 188
low_gradient_p84 OOB n=38 | RMSE=0.1318 | Bias=-0.0285 | FracRMSE=0.3306 | FracBias=-0.1940 | NoneBias=0.0034 | FullBias=0.0000
5.79s

=== Bootstrap 188/1000 ===

Chosen filter -> Eg_strong/Eg_weak >= 1.05, data_quantity >= 16 | CV acc=0.9539, CV bin acc=0.9820, n_rows(dedup)=998 | OOB acc=0.9192, OOB bin acc=0.9848, n_rows_test(dedup)=396 |
OOB cameras: ['glees', 'hyytiala', 'sodankyla_full', 'tammela', 'varrio']
OOB n=405 | RMSE=0.0585 | Bias=0.0002 | FracRMSE=0.2095 | FracBias=-0.1705 | NoneBias=0.0111 | FullBias=-0.0111
Aspect split eligible OOB rows (north/south facing fraction threshold = 0.75): 43 / 405
north_dominated OOB n=26 | RMSE=0.0000 | Bias=0.0000 | FracRMSE=nan | FracBias=nan | NoneBias=0.0000 | FullBias=0.0000
south_dominated OOB n=17 | RMSE=0.0058 | Bias=0.0014 | FracRMSE=nan | FracBias=nan | NoneBias=0.0059 | FullBias=0.0000
Low-gradient eligible OOB rows (gradient_p84 <= 4.0): 28 / 405
low_gradient_p84 OOB n=28 | RMSE=0.0570 | Bias=0.0012 | FracRMSE=0.1963 | FracBias=-0.1963 | NoneBias=0.0177 | FullBias=0.0000
5.96s

=== Bootstrap 189/1000 ===

Chosen filter -> Eg_strong/Eg_weak >= 1.05, data_quantity >= 17 | CV acc=0.9312, CV bin acc=0.9774, n_rows(dedup)=930 | OOB acc=0.9239, OOB bin acc=0.9701, n_rows_test(dedup)=368 |
OOB cameras: ['bartlett', 'hyytiala', 'kenttarova', 'old_jack_pine', 'torgnon', 'underc', 'wslcreek']
OOB n=426 | RMSE=0.1664 | Bias=-0.0167 | FracRMSE=0.3457 | FracBias=-0.1013 | NoneBias=0.0146 | FullBias=-0.0272
Aspect split eligible OOB rows (north/south facing fraction threshold = 0.75): 73 / 426
north_dominated OOB n=52 | RMSE=0.2432 | Bias=-0.0661 | FracRMSE=0.3793 | FracBias=-0.1577 | NoneBias=0.0000 | FullBias=-0.0515
south_dominated OOB n=21 | RMSE=0.2627 | Bias=-0.0776 | FracRMSE=0.6018 | FracBias=-0.4075 | NoneBias=0.0000 | FullBias=0.0000
Low-gradient eligible OOB rows (gradient_p84 <= 4.0): 45 / 426
low_gradient_p84 OOB n=45 | RMSE=0.1152 | Bias=-0.0198 | FracRMSE=0.3154 | FracBias=-0.1513 | NoneBias=0.0005 | FullBias=0.0000
5.77s

=== Bootstrap 190/1000 ===

Chosen filter -> Eg_strong/Eg_weak >= 1.05, data_quantity >= 17 | CV acc=0.9046, CV bin acc=0.9786, n_rows(dedup)=933 | OOB acc=0.9094, OOB bin acc=0.9811, n_rows_test(dedup)=530 |
OOB cameras: ['kenttarova', 'marcell_MN', 'old_jack_pine', 'sodankyla_full', 'tammela', 'torgnon', 'underc', 'willowcreek', 'wslcreek']
OOB n=585 | RMSE=0.1414 | Bias=-0.0013 | FracRMSE=0.2505 | FracBias=-0.0547 | NoneBias=0.0319 | FullBias=-0.0267
Aspect split eligible OOB rows (north/south facing fraction threshold = 0.75): 63 / 585
north_dominated OOB n=49 | RMSE=0.0536 | Bias=0.0105 | FracRMSE=0.1297 | FracBias=0.0676 | NoneBias=0.0040 | FullBias=-0.0022
south_dominated OOB n=14 | RMSE=0.0163 | Bias=0.0050 | FracRMSE=0.0430 | FracBias=0.0350 | NoneBias=0.0000 | FullBias=0.0000
Low-gradient eligible OOB rows (gradient_p84 <= 4.0): 77 / 585
low_gradient_p84 OOB n=77 | RMSE=0.1303 | Bias=-0.0210 | FracRMSE=0.3231 | FracBias=-0.2196 | NoneBias=0.0210 | FullBias=-0.0387
5.54s

=== Bootstrap 191/1000 ===

Chosen filter -> Eg_strong/Eg_weak >= 1.05, data_quantity >= 16 | CV acc=0.9386, CV bin acc=0.9578, n_rows(dedup)=1043 | OOB acc=0.8884, OOB bin acc=0.9917, n_rows_test(dedup)=484 |
OOB cameras: ['glees', 'kenttarova', 'lacclair', 'old_jack_pine', 'sodankyla_full', 'tammela', 'underc', 'wslcreek']
OOB n=569 | RMSE=0.1189 | Bias=0.0060 | FracRMSE=0.2693 | FracBias=-0.0136 | NoneBias=0.0190 | FullBias=-0.0015
Aspect split eligible OOB rows (north/south facing fraction threshold = 0.75): 82 / 569
north_dominated OOB n=53 | RMSE=0.0477 | Bias=0.0100 | FracRMSE=0.1158 | FracBias=0.0589 | NoneBias=0.0000 | FullBias=0.0000
south_dominated OOB n=29 | RMSE=0.0159 | Bias=0.0045 | FracRMSE=0.0493 | FracBias=0.0433 | NoneBias=0.0000 | FullBias=0.0000
Low-gradient eligible OOB rows (gradient_p84 <= 4.0): 75 / 569
low_gradient_p84 OOB n=75 | RMSE=0.0936 | Bias=-0.0065 | FracRMSE=0.2614 | FracBias=-0.0774 | NoneBias=0.0049 | FullBias=0.0000
5.92s

=== Bootstrap 192/1000 ===

Chosen filter -> Eg_strong/Eg_weak >= 1.09, data_quantity >= 17 | CV acc=0.9351, CV bin acc=0.9642, n_rows(dedup)=893 | OOB acc=0.9056, OOB bin acc=0.9806, n_rows_test(dedup)=360 |
OOB cameras: ['bartlett', 'delta_junction', 'kenttarova', 'marcell_MN', 'old_jack_pine', 'tammela', 'torgnon']
OOB n=431 | RMSE=0.1727 | Bias=-0.0131 | FracRMSE=0.3678 | FracBias=-0.0538 | NoneBias=0.0053 | FullBias=-0.0181
Aspect split eligible OOB rows (north/south facing fraction threshold = 0.75): 83 / 431
north_dominated OOB n=66 | RMSE=0.2766 | Bias=-0.0740 | FracRMSE=0.4140 | FracBias=-0.1550 | NoneBias=0.0000 | FullBias=-0.0687
south_dominated OOB n=17 | RMSE=0.2067 | Bias=-0.0459 | FracRMSE=0.4920 | FracBias=-0.2600 | NoneBias=0.0000 | FullBias=0.0000
Low-gradient eligible OOB rows (gradient_p84 <= 4.0): 65 / 431
low_gradient_p84 OOB n=65 | RMSE=0.1413 | Bias=-0.0150 | FracRMSE=0.3044 | FracBias=-0.0695 | NoneBias=0.0000 | FullBias=0.0000
5.55s

=== Bootstrap 193/1000 ===

Chosen filter -> Eg_strong/Eg_weak >= 1.05, data_quantity >= 16 | CV acc=0.9199, CV bin acc=0.9754, n_rows(dedup)=974 | OOB acc=0.9848, OOB bin acc=0.9878, n_rows_test(dedup)=328 |
OOB cameras: ['hyytiala', 'lacclair', 'oregon_yp', 'queens', 'tammela']
OOB n=375 | RMSE=0.1093 | Bias=0.0254 | FracRMSE=0.2190 | FracBias=-0.1518 | NoneBias=0.0526 | FullBias=-0.0234
Aspect split eligible OOB rows (north/south facing fraction threshold = 0.75): 6 / 375
north_dominated OOB n=3 | RMSE=0.0000 | Bias=0.0000 | FracRMSE=nan | FracBias=nan | NoneBias=0.0000 | FullBias=0.0000
south_dominated OOB n=3 | RMSE=0.0000 | Bias=0.0000 | FracRMSE=nan | FracBias=nan | NoneBias=nan | FullBias=0.0000
Low-gradient eligible OOB rows (gradient_p84 <= 4.0): 98 / 375
low_gradient_p84 OOB n=98 | RMSE=0.1607 | Bias=0.0894 | FracRMSE=0.2474 | FracBias=-0.2088 | NoneBias=0.1159 | FullBias=nan
5.93s

=== Bootstrap 194/1000 ===

Chosen filter -> Eg_strong/Eg_weak >= 1.29, data_quantity >= 13 | CV acc=0.9128, CV bin acc=0.9836, n_rows(dedup)=791 | OOB acc=0.9427, OOB bin acc=0.9809, n_rows_test(dedup)=419 |
OOB cameras: ['delta_junction', 'kenttarova', 'marcell_MN', 'oregon_yp', 'tammela', 'underhill', 'willowcreek']
OOB n=484 | RMSE=0.1562 | Bias=0.0106 | FracRMSE=0.2432 | FracBias=-0.0624 | NoneBias=0.0496 | FullBias=-0.0340
Aspect split eligible OOB rows (north/south facing fraction threshold = 0.75): 75 / 484
north_dominated OOB n=62 | RMSE=0.1277 | Bias=-0.0104 | FracRMSE=0.2148 | FracBias=-0.0634 | NoneBias=0.0282 | FullBias=-0.0028
south_dominated OOB n=13 | RMSE=0.0298 | Bias=-0.0014 | FracRMSE=0.0621 | FracBias=-0.0062 | NoneBias=0.0000 | FullBias=0.0000
Low-gradient eligible OOB rows (gradient_p84 <= 4.0): 135 / 484
low_gradient_p84 OOB n=135 | RMSE=0.1288 | Bias=0.0202 | FracRMSE=0.2272 | FracBias=-0.1416 | NoneBias=0.0568 | FullBias=-0.0569
5.39s

=== Bootstrap 195/1000 ===

Chosen filter -> Eg_strong/Eg_weak >= 1.05, data_quantity >= 16 | CV acc=0.9199, CV bin acc=0.9796, n_rows(dedup)=1274 | OOB acc=0.9019, OOB bin acc=0.9849, n_rows_test(dedup)=265 |
OOB cameras: ['glees', 'queens', 'tammela', 'torgnon', 'underc', 'underhill', 'varrio']
OOB n=285 | RMSE=0.1209 | Bias=0.0084 | FracRMSE=0.3114 | FracBias=-0.0778 | NoneBias=0.0299 | FullBias=-0.0018
Aspect split eligible OOB rows (north/south facing fraction threshold = 0.75): 40 / 285
north_dominated OOB n=22 | RMSE=0.0469 | Bias=0.0100 | FracRMSE=nan | FracBias=nan | NoneBias=0.0315 | FullBias=0.0000
south_dominated OOB n=18 | RMSE=0.0000 | Bias=0.0000 | FracRMSE=nan | FracBias=nan | NoneBias=0.0000 | FullBias=0.0000
Low-gradient eligible OOB rows (gradient_p84 <= 4.0): 0 / 285
low_gradient_p84 OOB n=0 | RMSE=nan | Bias=nan | FracRMSE=nan | FracBias=nan | NoneBias=nan | FullBias=nan
6.57s

=== Bootstrap 196/1000 ===

Chosen filter -> Eg_strong/Eg_weak >= 1.29, data_quantity >= 14 | CV acc=0.9169, CV bin acc=0.9855, n_rows(dedup)=758 | OOB acc=0.9748, OOB bin acc=0.9853, n_rows_test(dedup)=477 |
OOB cameras: ['kenttarova', 'old_jack_pine', 'oregon_yp', 'queens', 'tammela', 'varrio', 'willowcreek']
OOB n=536 | RMSE=0.1378 | Bias=0.0137 | FracRMSE=0.2422 | FracBias=-0.0676 | NoneBias=0.0418 | FullBias=-0.0135
Aspect split eligible OOB rows (north/south facing fraction threshold = 0.75): 63 / 536
north_dominated OOB n=47 | RMSE=0.0175 | Bias=0.0059 | FracRMSE=0.0400 | FracBias=0.0314 | NoneBias=0.0052 | FullBias=0.0000
south_dominated OOB n=16 | RMSE=0.0214 | Bias=0.0081 | FracRMSE=0.0493 | FracBias=0.0433 | NoneBias=0.0000 | FullBias=0.0000
Low-gradient eligible OOB rows (gradient_p84 <= 4.0): 150 / 536
low_gradient_p84 OOB n=150 | RMSE=0.1255 | Bias=0.0167 | FracRMSE=0.2754 | FracBias=-0.1812 | NoneBias=0.0471 | FullBias=-0.0179
5.42s

=== Bootstrap 197/1000 ===

Chosen filter -> Eg_strong/Eg_weak >= 1.05, data_quantity >= 17 | CV acc=0.9148, CV bin acc=0.9746, n_rows(dedup)=786 | OOB acc=0.9768, OOB bin acc=0.9977, n_rows_test(dedup)=431 |
OOB cameras: ['delta_junction', 'lacclair', 'old_jack_pine', 'oregon_yp', 'sodankyla_full']
OOB n=525 | RMSE=0.1435 | Bias=0.0220 | FracRMSE=0.3112 | FracBias=-0.0194 | NoneBias=0.0430 | FullBias=0.0000
Aspect split eligible OOB rows (north/south facing fraction threshold = 0.75): 45 / 525
north_dominated OOB n=42 | RMSE=0.1784 | Bias=0.0014 | FracRMSE=0.3469 | FracBias=-0.0048 | NoneBias=0.0061 | FullBias=0.0000
south_dominated OOB n=3 | RMSE=0.0000 | Bias=0.0000 | FracRMSE=nan | FracBias=nan | NoneBias=0.0000 | FullBias=0.0000
Low-gradient eligible OOB rows (gradient_p84 <= 4.0): 184 / 525
low_gradient_p84 OOB n=184 | RMSE=0.1367 | Bias=0.0371 | FracRMSE=0.2679 | FracBias=-0.0717 | NoneBias=0.0628 | FullBias=0.0000
5.04s

=== Bootstrap 198/1000 ===

Chosen filter -> Eg_strong/Eg_weak >= 1.05, data_quantity >= 9 | CV acc=0.9289, CV bin acc=0.9713, n_rows(dedup)=1012 | OOB acc=0.9572, OOB bin acc=0.9910, n_rows_test(dedup)=444 |
OOB cameras: ['delta_junction', 'old_jack_pine', 'sodankyla_full', 'tammela', 'underhill', 'wslcreek']
OOB n=501 | RMSE=0.1439 | Bias=0.0129 | FracRMSE=0.3488 | FracBias=0.0435 | NoneBias=0.0166 | FullBias=0.0000
Aspect split eligible OOB rows (north/south facing fraction threshold = 0.75): 67 / 501
north_dominated OOB n=63 | RMSE=0.1613 | Bias=-0.0097 | FracRMSE=0.3548 | FracBias=-0.0516 | NoneBias=0.0030 | FullBias=0.0000
south_dominated OOB n=4 | RMSE=0.0000 | Bias=0.0000 | FracRMSE=nan | FracBias=nan | NoneBias=0.0000 | FullBias=0.0000
Low-gradient eligible OOB rows (gradient_p84 <= 4.0): 94 / 501
low_gradient_p84 OOB n=94 | RMSE=0.1131 | Bias=-0.0054 | FracRMSE=0.2802 | FracBias=-0.0441 | NoneBias=0.0032 | FullBias=0.0000
5.56s

=== Bootstrap 199/1000 ===

Chosen filter -> Eg_strong/Eg_weak >= 1.18, data_quantity >= 16 | CV acc=0.9315, CV bin acc=0.9764, n_rows(dedup)=891 | OOB acc=0.9494, OOB bin acc=0.9778, n_rows_test(dedup)=316 |
OOB cameras: ['bartlett', 'hyytiala', 'marcell_MN', 'queens', 'sodankyla_full', 'wslcreek']
OOB n=329 | RMSE=0.1135 | Bias=-0.0194 | FracRMSE=0.4548 | FracBias=-0.2798 | NoneBias=0.0050 | FullBias=-0.0232
Aspect split eligible OOB rows (north/south facing fraction threshold = 0.75): 38 / 329
north_dominated OOB n=30 | RMSE=0.2281 | Bias=-0.0644 | FracRMSE=0.5588 | FracBias=-0.3863 | NoneBias=0.0000 | FullBias=0.0000
south_dominated OOB n=8 | RMSE=0.3005 | Bias=-0.1062 | FracRMSE=0.8500 | FracBias=-0.8500 | NoneBias=0.0000 | FullBias=0.0000
Low-gradient eligible OOB rows (gradient_p84 <= 4.0): 28 / 329
low_gradient_p84 OOB n=28 | RMSE=0.0446 | Bias=0.0013 | FracRMSE=0.1482 | FracBias=-0.1482 | NoneBias=0.0141 | FullBias=0.0000
5.49s

=== Bootstrap 200/1000 ===

Chosen filter -> Eg_strong/Eg_weak >= 1.28, data_quantity >= 16 | CV acc=0.9286, CV bin acc=0.9780, n_rows(dedup)=910 | OOB acc=0.9289, OOB bin acc=0.9911, n_rows_test(dedup)=225 |
OOB cameras: ['glees', 'kenttarova', 'lacclair', 'tammela', 'torgnon', 'varrio']
OOB n=275 | RMSE=0.0462 | Bias=-0.0034 | FracRMSE=0.1219 | FracBias=-0.0255 | NoneBias=0.0020 | FullBias=-0.0034
Aspect split eligible OOB rows (north/south facing fraction threshold = 0.75): 77 / 275
north_dominated OOB n=46 | RMSE=0.0156 | Bias=0.0048 | FracRMSE=0.0400 | FracBias=0.0314 | NoneBias=0.0000 | FullBias=0.0000
south_dominated OOB n=31 | RMSE=0.0111 | Bias=0.0026 | FracRMSE=0.0356 | FracBias=0.0268 | NoneBias=0.0000 | FullBias=0.0000
Low-gradient eligible OOB rows (gradient_p84 <= 4.0): 8 / 275
low_gradient_p84 OOB n=8 | RMSE=0.0215 | Bias=0.0088 | FracRMSE=0.0431 | FracBias=0.0352 | NoneBias=0.0000 | FullBias=0.0000
5.86s

=== Bootstrap 201/1000 ===

Chosen filter -> Eg_strong/Eg_weak >= 1.18, data_quantity >= 14 | CV acc=0.9126, CV bin acc=0.9807, n_rows(dedup)=778 | OOB acc=0.9116, OOB bin acc=0.9586, n_rows_test(dedup)=362 |
OOB cameras: ['hyytiala', 'kenttarova', 'lacclair', 'marcell_MN', 'tammela', 'underc', 'willowcreek']
OOB n=425 | RMSE=0.1502 | Bias=0.0018 | FracRMSE=0.2086 | FracBias=-0.0029 | NoneBias=0.0368 | FullBias=-0.0399
Aspect split eligible OOB rows (north/south facing fraction threshold = 0.75): 43 / 425
north_dominated OOB n=29 | RMSE=0.0247 | Bias=0.0076 | FracRMSE=0.0400 | FracBias=0.0314 | NoneBias=0.0082 | FullBias=-0.0038
south_dominated OOB n=14 | RMSE=0.0281 | Bias=-0.0011 | FracRMSE=0.0607 | FracBias=-0.0052 | NoneBias=0.0000 | FullBias=0.0000
Low-gradient eligible OOB rows (gradient_p84 <= 4.0): 12 / 425
low_gradient_p84 OOB n=12 | RMSE=0.2138 | Bias=-0.0162 | FracRMSE=0.0740 | FracBias=-0.0129 | NoneBias=0.0890 | FullBias=-0.1757
5.28s

=== Bootstrap 202/1000 ===

Chosen filter -> Eg_strong/Eg_weak >= 1.14, data_quantity >= 9 | CV acc=0.8912, CV bin acc=0.9501, n_rows(dedup)=901 | OOB acc=0.9286, OOB bin acc=0.9683, n_rows_test(dedup)=630 |
OOB cameras: ['delta_junction', 'hyytiala', 'lacclair', 'old_jack_pine', 'oregon_yp', 'queens', 'tammela', 'underc', 'underhill', 'wslcreek']
OOB n=747 | RMSE=0.1544 | Bias=0.0086 | FracRMSE=0.3542 | FracBias=-0.0238 | NoneBias=0.0214 | FullBias=-0.0026
Aspect split eligible OOB rows (north/south facing fraction threshold = 0.75): 66 / 747
north_dominated OOB n=60 | RMSE=0.1831 | Bias=0.0030 | FracRMSE=0.3933 | FracBias=0.0141 | NoneBias=0.0000 | FullBias=0.0000
south_dominated OOB n=6 | RMSE=0.0000 | Bias=0.0000 | FracRMSE=nan | FracBias=nan | NoneBias=0.0000 | FullBias=0.0000
Low-gradient eligible OOB rows (gradient_p84 <= 4.0): 162 / 747
low_gradient_p84 OOB n=162 | RMSE=0.1397 | Bias=0.0144 | FracRMSE=0.3291 | FracBias=-0.0429 | NoneBias=0.0264 | FullBias=0.0000
5.55s

=== Bootstrap 203/1000 ===

Chosen filter -> Eg_strong/Eg_weak >= 1.18, data_quantity >= 16 | CV acc=0.9507, CV bin acc=0.9921, n_rows(dedup)=1258 | OOB acc=0.9457, OOB bin acc=0.9571, n_rows_test(dedup)=350 |
OOB cameras: ['hyytiala', 'kenttarova', 'lacclair', 'old_jack_pine', 'queens', 'willowcreek', 'wslcreek']
OOB n=418 | RMSE=0.1506 | Bias=-0.0089 | FracRMSE=0.2352 | FracBias=-0.0611 | NoneBias=0.0270 | FullBias=-0.0387
Aspect split eligible OOB rows (north/south facing fraction threshold = 0.75): 63 / 418
north_dominated OOB n=47 | RMSE=0.0397 | Bias=0.0096 | FracRMSE=0.0907 | FracBias=0.0500 | NoneBias=0.0000 | FullBias=0.0000
south_dominated OOB n=16 | RMSE=0.0152 | Bias=0.0046 | FracRMSE=0.0352 | FracBias=0.0248 | NoneBias=0.0000 | FullBias=0.0000
Low-gradient eligible OOB rows (gradient_p84 <= 4.0): 49 / 418
low_gradient_p84 OOB n=49 | RMSE=0.1593 | Bias=-0.0426 | FracRMSE=0.3386 | FracBias=-0.2027 | NoneBias=0.0106 | FullBias=-0.0647
6.91s

=== Bootstrap 204/1000 ===

Chosen filter -> Eg_strong/Eg_weak >= 1.18, data_quantity >= 16 | CV acc=0.9492, CV bin acc=0.9806, n_rows(dedup)=826 | OOB acc=0.8919, OOB bin acc=0.9873, n_rows_test(dedup)=472 |
OOB cameras: ['bartlett', 'glees', 'kenttarova', 'marcell_MN', 'oregon_yp', 'queens', 'sodankyla_full', 'underc']
OOB n=528 | RMSE=0.1352 | Bias=0.0107 | FracRMSE=0.2734 | FracBias=-0.1346 | NoneBias=0.0632 | FullBias=-0.0205
Aspect split eligible OOB rows (north/south facing fraction threshold = 0.75): 72 / 528
north_dominated OOB n=40 | RMSE=0.1858 | Bias=-0.0406 | FracRMSE=0.3688 | FracBias=-0.1768 | NoneBias=0.0136 | FullBias=-0.0020
south_dominated OOB n=32 | RMSE=0.1518 | Bias=-0.0285 | FracRMSE=0.4265 | FracBias=-0.2046 | NoneBias=0.0009 | FullBias=-0.0047
Low-gradient eligible OOB rows (gradient_p84 <= 4.0): 134 / 528
low_gradient_p84 OOB n=134 | RMSE=0.1364 | Bias=0.0685 | FracRMSE=0.2124 | FracBias=-0.1649 | NoneBias=0.1028 | FullBias=0.0000
5.33s

=== Bootstrap 205/1000 ===

Chosen filter -> Eg_strong/Eg_weak >= 1.05, data_quantity >= 16 | CV acc=0.9200, CV bin acc=0.9808, n_rows(dedup)=1462 | OOB acc=0.9087, OOB bin acc=0.9627, n_rows_test(dedup)=241 |
OOB cameras: ['bartlett', 'kenttarova', 'lacclair', 'marcell_MN', 'tammela', 'torgnon', 'wslcreek']
OOB n=301 | RMSE=0.1483 | Bias=-0.0316 | FracRMSE=0.3417 | FracBias=-0.1614 | NoneBias=0.0000 | FullBias=-0.0213
Aspect split eligible OOB rows (north/south facing fraction threshold = 0.75): 80 / 301
north_dominated OOB n=56 | RMSE=0.2324 | Bias=-0.0608 | FracRMSE=0.3650 | FracBias=-0.1459 | NoneBias=0.0000 | FullBias=-0.0472
south_dominated OOB n=24 | RMSE=0.2459 | Bias=-0.0658 | FracRMSE=0.5388 | FracBias=-0.3157 | NoneBias=0.0000 | FullBias=0.0000
Low-gradient eligible OOB rows (gradient_p84 <= 4.0): 8 / 301
low_gradient_p84 OOB n=8 | RMSE=0.0280 | Bias=0.0139 | FracRMSE=0.0559 | FracBias=0.0558 | NoneBias=0.0000 | FullBias=0.0000
7.1s

=== Bootstrap 206/1000 ===

Chosen filter -> Eg_strong/Eg_weak >= 1.17, data_quantity >= 13 | CV acc=0.9363, CV bin acc=0.9781, n_rows(dedup)=957 | OOB acc=0.9100, OOB bin acc=0.9763, n_rows_test(dedup)=422 |
OOB cameras: ['bartlett', 'delta_junction', 'old_jack_pine', 'sodankyla_full', 'underc', 'underhill', 'wslcreek']
OOB n=495 | RMSE=0.2297 | Bias=0.0089 | FracRMSE=0.4843 | FracBias=0.0192 | NoneBias=0.0302 | FullBias=-0.0135
Aspect split eligible OOB rows (north/south facing fraction threshold = 0.75): 79 / 495
north_dominated OOB n=70 | RMSE=0.3338 | Bias=-0.0791 | FracRMSE=0.5841 | FracBias=-0.2082 | NoneBias=0.0000 | FullBias=-0.0606
south_dominated OOB n=9 | RMSE=0.2833 | Bias=-0.0944 | FracRMSE=0.8500 | FracBias=-0.8500 | NoneBias=0.0000 | FullBias=0.0000
Low-gradient eligible OOB rows (gradient_p84 <= 4.0): 91 / 495
low_gradient_p84 OOB n=91 | RMSE=0.1826 | Bias=0.0231 | FracRMSE=0.4498 | FracBias=0.1400 | NoneBias=0.0000 | FullBias=0.0000
5.48s

=== Bootstrap 207/1000 ===

Chosen filter -> Eg_strong/Eg_weak >= 1.05, data_quantity >= 13 | CV acc=0.9331, CV bin acc=0.9866, n_rows(dedup)=1196 | OOB acc=0.8872, OOB bin acc=0.9465, n_rows_test(dedup)=523 |
OOB cameras: ['bartlett', 'glees', 'hyytiala', 'kenttarova', 'lacclair', 'marcell_MN', 'oregon_yp', 'underc', 'wslcreek']
OOB n=617 | RMSE=0.1608 | Bias=-0.0127 | FracRMSE=0.2966 | FracBias=-0.1628 | NoneBias=0.0506 | FullBias=-0.0542
Aspect split eligible OOB rows (north/south facing fraction threshold = 0.75): 97 / 617
north_dominated OOB n=58 | RMSE=0.2341 | Bias=-0.0638 | FracRMSE=0.3780 | FracBias=-0.1697 | NoneBias=0.0142 | FullBias=-0.0467
south_dominated OOB n=39 | RMSE=0.1941 | Bias=-0.0441 | FracRMSE=0.5383 | FracBias=-0.3279 | NoneBias=0.0079 | FullBias=-0.0050
Low-gradient eligible OOB rows (gradient_p84 <= 4.0): 108 / 617
low_gradient_p84 OOB n=108 | RMSE=0.1409 | Bias=0.0739 | FracRMSE=0.2217 | FracBias=-0.1687 | NoneBias=0.1018 | FullBias=0.0000
6.71s

=== Bootstrap 208/1000 ===

Chosen filter -> Eg_strong/Eg_weak >= 1.25, data_quantity >= 17 | CV acc=0.8942, CV bin acc=0.9781, n_rows(dedup)=548 | OOB acc=0.9699, OOB bin acc=0.9962, n_rows_test(dedup)=531 |
OOB cameras: ['delta_junction', 'kenttarova', 'old_jack_pine', 'oregon_yp', 'sodankyla_full', 'varrio']
OOB n=615 | RMSE=0.1349 | Bias=0.0263 | FracRMSE=0.2913 | FracBias=0.0129 | NoneBias=0.0471 | FullBias=-0.0018
Aspect split eligible OOB rows (north/south facing fraction threshold = 0.75): 98 / 615
north_dominated OOB n=83 | RMSE=0.1363 | Bias=0.0100 | FracRMSE=0.2978 | FracBias=0.0333 | NoneBias=0.0090 | FullBias=0.0000
south_dominated OOB n=15 | RMSE=0.0157 | Bias=0.0047 | FracRMSE=0.0430 | FracBias=0.0350 | NoneBias=0.0000 | FullBias=0.0000
Low-gradient eligible OOB rows (gradient_p84 <= 4.0): 189 / 615
low_gradient_p84 OOB n=189 | RMSE=0.1463 | Bias=0.0511 | FracRMSE=0.2667 | FracBias=-0.0354 | NoneBias=0.0770 | FullBias=0.0000
4.62s

=== Bootstrap 209/1000 ===

Chosen filter -> Eg_strong/Eg_weak >= 1.28, data_quantity >= 16 | CV acc=0.9155, CV bin acc=0.9810, n_rows(dedup)=686 | OOB acc=0.9533, OOB bin acc=0.9860, n_rows_test(dedup)=428 |
OOB cameras: ['delta_junction', 'marcell_MN', 'oregon_yp', 'queens', 'sodankyla_full', 'torgnon', 'willowcreek']
OOB n=477 | RMSE=0.1529 | Bias=0.0140 | FracRMSE=0.2776 | FracBias=-0.0944 | NoneBias=0.0557 | FullBias=-0.0260
Aspect split eligible OOB rows (north/south facing fraction threshold = 0.75): 43 / 477
north_dominated OOB n=40 | RMSE=0.1432 | Bias=-0.0269 | FracRMSE=0.2715 | FracBias=-0.1071 | NoneBias=0.0056 | FullBias=0.0000
south_dominated OOB n=3 | RMSE=0.0000 | Bias=0.0000 | FracRMSE=nan | FracBias=nan | NoneBias=0.0000 | FullBias=0.0000
Low-gradient eligible OOB rows (gradient_p84 <= 4.0): 152 / 477
low_gradient_p84 OOB n=152 | RMSE=0.1290 | Bias=0.0279 | FracRMSE=0.2321 | FracBias=-0.1460 | NoneBias=0.0651 | FullBias=-0.0287
5.17s

=== Bootstrap 210/1000 ===

Chosen filter -> Eg_strong/Eg_weak >= 1.05, data_quantity >= 17 | CV acc=0.9460, CV bin acc=0.9908, n_rows(dedup)=982 | OOB acc=0.9300, OOB bin acc=0.9650, n_rows_test(dedup)=400 |
OOB cameras: ['hyytiala', 'kenttarova', 'oregon_yp', 'underc', 'underhill', 'willowcreek']
OOB n=445 | RMSE=0.1667 | Bias=0.0295 | FracRMSE=0.2037 | FracBias=-0.0679 | NoneBias=0.0716 | FullBias=-0.0555
Aspect split eligible OOB rows (north/south facing fraction threshold = 0.75): 39 / 445
north_dominated OOB n=28 | RMSE=0.0636 | Bias=0.0209 | FracRMSE=0.0430 | FracBias=0.0350 | NoneBias=0.0525 | FullBias=-0.0031
south_dominated OOB n=11 | RMSE=0.0183 | Bias=0.0064 | FracRMSE=0.0430 | FracBias=0.0350 | NoneBias=0.0000 | FullBias=0.0000
Low-gradient eligible OOB rows (gradient_p84 <= 4.0): 108 / 445
low_gradient_p84 OOB n=108 | RMSE=0.1556 | Bias=0.0702 | FracRMSE=0.2424 | FracBias=-0.1890 | NoneBias=0.1038 | FullBias=-0.1466
6.04s

=== Bootstrap 211/1000 ===

Chosen filter -> Eg_strong/Eg_weak >= 1.05, data_quantity >= 17 | CV acc=0.9039, CV bin acc=0.9755, n_rows(dedup)=978 | OOB acc=0.9333, OOB bin acc=0.9843, n_rows_test(dedup)=510 |
OOB cameras: ['bartlett', 'delta_junction', 'kenttarova', 'marcell_MN', 'old_jack_pine', 'oregon_yp', 'queens', 'tammela']
OOB n=597 | RMSE=0.1575 | Bias=-0.0159 | FracRMSE=0.3571 | FracBias=-0.1057 | NoneBias=0.0078 | FullBias=-0.0185
Aspect split eligible OOB rows (north/south facing fraction threshold = 0.75): 88 / 597
north_dominated OOB n=68 | RMSE=0.2727 | Bias=-0.0743 | FracRMSE=0.4012 | FracBias=-0.1569 | NoneBias=0.0000 | FullBias=-0.0737
south_dominated OOB n=20 | RMSE=0.2691 | Bias=-0.0815 | FracRMSE=0.6018 | FracBias=-0.4075 | NoneBias=0.0000 | FullBias=0.0000
Low-gradient eligible OOB rows (gradient_p84 <= 4.0): 163 / 597
low_gradient_p84 OOB n=163 | RMSE=0.1127 | Bias=-0.0104 | FracRMSE=0.2890 | FracBias=-0.1414 | NoneBias=0.0113 | FullBias=0.0000
6.03s

=== Bootstrap 212/1000 ===

Chosen filter -> Eg_strong/Eg_weak >= 1.14, data_quantity >= 13 | CV acc=0.9204, CV bin acc=0.9819, n_rows(dedup)=1269 | OOB acc=0.9203, OOB bin acc=0.9666, n_rows_test(dedup)=389 |
OOB cameras: ['bartlett', 'glees', 'lacclair', 'marcell_MN', 'old_jack_pine', 'oregon_yp', 'torgnon', 'underhill']
OOB n=467 | RMSE=0.1680 | Bias=-0.0018 | FracRMSE=0.3464 | FracBias=-0.1876 | NoneBias=0.0495 | FullBias=-0.0195
Aspect split eligible OOB rows (north/south facing fraction threshold = 0.75): 40 / 467
north_dominated OOB n=15 | RMSE=0.4639 | Bias=-0.2762 | FracRMSE=0.6843 | FracBias=-0.6748 | NoneBias=0.0564 | FullBias=-0.2016
south_dominated OOB n=25 | RMSE=0.1922 | Bias=-0.0519 | FracRMSE=0.6796 | FracBias=-0.6493 | NoneBias=0.0000 | FullBias=0.0000
Low-gradient eligible OOB rows (gradient_p84 <= 4.0): 138 / 467
low_gradient_p84 OOB n=138 | RMSE=0.1298 | Bias=0.0277 | FracRMSE=0.2853 | FracBias=-0.2087 | NoneBias=0.0587 | FullBias=0.0000
6.5s

=== Bootstrap 213/1000 ===

Chosen filter -> Eg_strong/Eg_weak >= 1.18, data_quantity >= 16 | CV acc=0.9519, CV bin acc=0.9887, n_rows(dedup)=1061 | OOB acc=0.9187, OOB bin acc=0.9729, n_rows_test(dedup)=332 |
OOB cameras: ['delta_junction', 'glees', 'old_jack_pine', 'torgnon', 'varrio', 'willowcreek']
OOB n=385 | RMSE=0.1741 | Bias=0.0069 | FracRMSE=0.3353 | FracBias=-0.0458 | NoneBias=0.0426 | FullBias=-0.0122
Aspect split eligible OOB rows (north/south facing fraction threshold = 0.75): 70 / 385
north_dominated OOB n=53 | RMSE=0.1558 | Bias=-0.0326 | FracRMSE=0.3420 | FracBias=-0.1572 | NoneBias=0.0000 | FullBias=0.0000
south_dominated OOB n=17 | RMSE=0.0000 | Bias=0.0000 | FracRMSE=nan | FracBias=nan | NoneBias=0.0000 | FullBias=0.0000
Low-gradient eligible OOB rows (gradient_p84 <= 4.0): 63 / 385
low_gradient_p84 OOB n=63 | RMSE=0.1536 | Bias=-0.0297 | FracRMSE=0.2992 | FracBias=-0.1486 | NoneBias=0.0132 | FullBias=-0.0141
6.3s

=== Bootstrap 214/1000 ===

Chosen filter -> Eg_strong/Eg_weak >= 1.25, data_quantity >= 16 | CV acc=0.9181, CV bin acc=0.9795, n_rows(dedup)=830 | OOB acc=0.9478, OOB bin acc=0.9900, n_rows_test(dedup)=402 |
OOB cameras: ['delta_junction', 'hyytiala', 'kenttarova', 'marcell_MN', 'oregon_yp', 'queens']
OOB n=466 | RMSE=0.1174 | Bias=0.0145 | FracRMSE=0.2086 | FracBias=-0.0613 | NoneBias=0.0499 | FullBias=-0.0316
Aspect split eligible OOB rows (north/south facing fraction threshold = 0.75): 73 / 466
north_dominated OOB n=60 | RMSE=0.1183 | Bias=-0.0057 | FracRMSE=0.2106 | FracBias=-0.0359 | NoneBias=0.0154 | FullBias=0.0000
south_dominated OOB n=13 | RMSE=0.0175 | Bias=0.0041 | FracRMSE=0.0364 | FracBias=0.0178 | NoneBias=0.0000 | FullBias=0.0000
Low-gradient eligible OOB rows (gradient_p84 <= 4.0): 128 / 466
low_gradient_p84 OOB n=128 | RMSE=0.1394 | Bias=0.0658 | FracRMSE=0.1958 | FracBias=-0.0926 | NoneBias=0.0989 | FullBias=0.0000
5.5s

=== Bootstrap 215/1000 ===

Chosen filter -> Eg_strong/Eg_weak >= 1.05, data_quantity >= 13 | CV acc=0.9138, CV bin acc=0.9736, n_rows(dedup)=1439 | OOB acc=0.9367, OOB bin acc=0.9729, n_rows_test(dedup)=332 |
OOB cameras: ['bartlett', 'glees', 'marcell_MN', 'oregon_yp', 'queens', 'underhill', 'wslcreek']
OOB n=362 | RMSE=0.1730 | Bias=0.0079 | FracRMSE=0.3894 | FracBias=-0.2758 | NoneBias=0.0755 | FullBias=-0.0310
Aspect split eligible OOB rows (north/south facing fraction threshold = 0.75): 59 / 362
north_dominated OOB n=32 | RMSE=0.2952 | Bias=-0.1061 | FracRMSE=0.5209 | FracBias=-0.3632 | NoneBias=0.0617 | FullBias=-0.0666
south_dominated OOB n=27 | RMSE=0.2320 | Bias=-0.0609 | FracRMSE=0.8500 | FracBias=-0.8500 | NoneBias=0.0210 | FullBias=-0.0025
Low-gradient eligible OOB rows (gradient_p84 <= 4.0): 99 / 362
low_gradient_p84 OOB n=99 | RMSE=0.1453 | Bias=0.0716 | FracRMSE=0.2589 | FracBias=-0.2263 | NoneBias=0.0978 | FullBias=nan
6.69s

=== Bootstrap 216/1000 ===

Chosen filter -> Eg_strong/Eg_weak >= 1.05, data_quantity >= 15 | CV acc=0.9223, CV bin acc=0.9622, n_rows(dedup)=927 | OOB acc=0.9155, OOB bin acc=0.9549, n_rows_test(dedup)=355 |
OOB cameras: ['bartlett', 'delta_junction', 'hyytiala', 'lacclair', 'sodankyla_full', 'wslcreek']
OOB n=428 | RMSE=0.1604 | Bias=-0.0221 | FracRMSE=0.3998 | FracBias=-0.1310 | NoneBias=0.0032 | FullBias=-0.0184
Aspect split eligible OOB rows (north/south facing fraction threshold = 0.75): 81 / 428
north_dominated OOB n=68 | RMSE=0.2806 | Bias=-0.0747 | FracRMSE=0.4578 | FracBias=-0.1926 | NoneBias=0.0000 | FullBias=-0.0606
south_dominated OOB n=13 | RMSE=0.3334 | Bias=-0.1308 | FracRMSE=0.8500 | FracBias=-0.8500 | NoneBias=0.0000 | FullBias=0.0000
Low-gradient eligible OOB rows (gradient_p84 <= 4.0): 50 / 428
low_gradient_p84 OOB n=50 | RMSE=0.1061 | Bias=0.0042 | FracRMSE=0.2481 | FracBias=0.0127 | NoneBias=0.0045 | FullBias=0.0000
5.35s

=== Bootstrap 217/1000 ===

Chosen filter -> Eg_strong/Eg_weak >= 1.05, data_quantity >= 17 | CV acc=0.9362, CV bin acc=0.9850, n_rows(dedup)=1003 | OOB acc=0.9390, OOB bin acc=0.9602, n_rows_test(dedup)=377 |
OOB cameras: ['bartlett', 'hyytiala', 'oregon_yp', 'torgnon', 'varrio', 'willowcreek']
OOB n=406 | RMSE=0.1818 | Bias=0.0049 | FracRMSE=0.3997 | FracBias=-0.3147 | NoneBias=0.0646 | FullBias=-0.0832
Aspect split eligible OOB rows (north/south facing fraction threshold = 0.75): 41 / 406
north_dominated OOB n=29 | RMSE=0.2755 | Bias=-0.1125 | FracRMSE=0.6021 | FracBias=-0.5955 | NoneBias=0.0000 | FullBias=-0.0869
south_dominated OOB n=12 | RMSE=0.3488 | Bias=-0.1520 | FracRMSE=0.8500 | FracBias=-0.8500 | NoneBias=0.0000 | FullBias=-0.0137
Low-gradient eligible OOB rows (gradient_p84 <= 4.0): 101 / 406
low_gradient_p84 OOB n=101 | RMSE=0.1516 | Bias=0.0704 | FracRMSE=0.2474 | FracBias=-0.2193 | NoneBias=0.1042 | FullBias=-0.3117
6.05s

=== Bootstrap 218/1000 ===

Chosen filter -> Eg_strong/Eg_weak >= 1.05, data_quantity >= 14 | CV acc=0.9232, CV bin acc=0.9806, n_rows(dedup)=1237 | OOB acc=0.9388, OOB bin acc=0.9830, n_rows_test(dedup)=294 |
OOB cameras: ['bartlett', 'glees', 'oregon_yp', 'underhill', 'varrio']
OOB n=323 | RMSE=0.1577 | Bias=0.0064 | FracRMSE=0.4104 | FracBias=-0.3193 | NoneBias=0.0606 | FullBias=-0.0171
Aspect split eligible OOB rows (north/south facing fraction threshold = 0.75): 62 / 323
north_dominated OOB n=35 | RMSE=0.2429 | Bias=-0.0774 | FracRMSE=0.5989 | FracBias=-0.5729 | NoneBias=0.0253 | FullBias=-0.0566
south_dominated OOB n=27 | RMSE=0.2313 | Bias=-0.0630 | FracRMSE=0.8500 | FracBias=-0.8500 | NoneBias=0.0000 | FullBias=0.0000
Low-gradient eligible OOB rows (gradient_p84 <= 4.0): 99 / 323
low_gradient_p84 OOB n=99 | RMSE=0.1405 | Bias=0.0530 | FracRMSE=0.2805 | FracBias=-0.2440 | NoneBias=0.0800 | FullBias=0.0000
6.21s

=== Bootstrap 219/1000 ===

Chosen filter -> Eg_strong/Eg_weak >= 1.11, data_quantity >= 9 | CV acc=0.9342, CV bin acc=0.9794, n_rows(dedup)=973 | OOB acc=0.9556, OOB bin acc=0.9795, n_rows_test(dedup)=293 |
OOB cameras: ['hyytiala', 'marcell_MN', 'sodankyla_full', 'underhill']
OOB n=300 | RMSE=0.1153 | Bias=-0.0007 | FracRMSE=0.2986 | FracBias=-0.2433 | NoneBias=0.0252 | FullBias=-0.0223
Aspect split eligible OOB rows (north/south facing fraction threshold = 0.75): 11 / 300
north_dominated OOB n=9 | RMSE=0.1333 | Bias=0.0444 | FracRMSE=nan | FracBias=nan | NoneBias=0.0800 | FullBias=0.0000
south_dominated OOB n=2 | RMSE=0.0000 | Bias=0.0000 | FracRMSE=nan | FracBias=nan | NoneBias=0.0000 | FullBias=nan
Low-gradient eligible OOB rows (gradient_p84 <= 4.0): 29 / 300
low_gradient_p84 OOB n=29 | RMSE=0.0641 | Bias=0.0056 | FracRMSE=0.1995 | FracBias=-0.1995 | NoneBias=0.0277 | FullBias=0.0000
5.38s

=== Bootstrap 220/1000 ===

Chosen filter -> Eg_strong/Eg_weak >= 1.18, data_quantity >= 14 | CV acc=0.9591, CV bin acc=0.9784, n_rows(dedup)=928 | OOB acc=0.8784, OOB bin acc=0.9662, n_rows_test(dedup)=444 |
OOB cameras: ['bartlett', 'delta_junction', 'glees', 'hyytiala', 'kenttarova', 'sodankyla_full', 'underc']
OOB n=510 | RMSE=0.1360 | Bias=-0.0098 | FracRMSE=0.3120 | FracBias=-0.0645 | NoneBias=0.0121 | FullBias=-0.0155
Aspect split eligible OOB rows (north/south facing fraction threshold = 0.75): 105 / 510
north_dominated OOB n=72 | RMSE=0.1932 | Bias=-0.0467 | FracRMSE=0.3577 | FracBias=-0.1602 | NoneBias=0.0000 | FullBias=0.0000
south_dominated OOB n=33 | RMSE=0.1487 | Bias=-0.0218 | FracRMSE=0.4271 | FracBias=-0.1800 | NoneBias=0.0000 | FullBias=0.0000
Low-gradient eligible OOB rows (gradient_p84 <= 4.0): 60 / 510
low_gradient_p84 OOB n=60 | RMSE=0.0849 | Bias=-0.0057 | FracRMSE=0.1936 | FracBias=-0.0441 | NoneBias=0.0057 | FullBias=0.0000
5.56s

=== Bootstrap 221/1000 ===

Chosen filter -> Eg_strong/Eg_weak >= 1.05, data_quantity >= 11 | CV acc=0.9213, CV bin acc=0.9703, n_rows(dedup)=978 | OOB acc=0.9612, OOB bin acc=0.9892, n_rows_test(dedup)=464 |
OOB cameras: ['bartlett', 'delta_junction', 'oregon_yp', 'queens', 'sodankyla_full', 'tammela', 'underhill']
OOB n=522 | RMSE=0.1690 | Bias=-0.0011 | FracRMSE=0.4050 | FracBias=-0.1132 | NoneBias=0.0264 | FullBias=-0.0156
Aspect split eligible OOB rows (north/south facing fraction threshold = 0.75): 65 / 522
north_dominated OOB n=54 | RMSE=0.3132 | Bias=-0.0931 | FracRMSE=0.4965 | FracBias=-0.2179 | NoneBias=0.0007 | FullBias=-0.1044
south_dominated OOB n=11 | RMSE=0.3624 | Bias=-0.1545 | FracRMSE=0.8500 | FracBias=-0.8500 | NoneBias=0.0000 | FullBias=0.0000
Low-gradient eligible OOB rows (gradient_p84 <= 4.0): 151 / 522
low_gradient_p84 OOB n=151 | RMSE=0.1251 | Bias=0.0217 | FracRMSE=0.2851 | FracBias=-0.0849 | NoneBias=0.0421 | FullBias=0.0000
5.43s

=== Bootstrap 222/1000 ===

Chosen filter -> Eg_strong/Eg_weak >= 1.06, data_quantity >= 15 | CV acc=0.8955, CV bin acc=0.9842, n_rows(dedup)=823 | OOB acc=0.9469, OOB bin acc=0.9692, n_rows_test(dedup)=584 |
OOB cameras: ['bartlett', 'hyytiala', 'kenttarova', 'marcell_MN', 'oregon_yp', 'sodankyla_full', 'underhill', 'willowcreek', 'wslcreek']
OOB n=632 | RMSE=0.1588 | Bias=0.0044 | FracRMSE=0.2993 | FracBias=-0.1572 | NoneBias=0.0560 | FullBias=-0.0484
Aspect split eligible OOB rows (north/south facing fraction threshold = 0.75): 88 / 632
north_dominated OOB n=64 | RMSE=0.1938 | Bias=-0.0388 | FracRMSE=0.3224 | FracBias=-0.1097 | NoneBias=0.0242 | FullBias=-0.0413
south_dominated OOB n=24 | RMSE=0.2464 | Bias=-0.0731 | FracRMSE=0.5397 | FracBias=-0.3435 | NoneBias=0.0000 | FullBias=-0.0028
Low-gradient eligible OOB rows (gradient_p84 <= 4.0): 138 / 632
low_gradient_p84 OOB n=138 | RMSE=0.1404 | Bias=0.0582 | FracRMSE=0.2243 | FracBias=-0.1789 | NoneBias=0.0975 | FullBias=-0.0349
5.35s

=== Bootstrap 223/1000 ===

Chosen filter -> Eg_strong/Eg_weak >= 1.05, data_quantity >= 16 | CV acc=0.9160, CV bin acc=0.9406, n_rows(dedup)=774 | OOB acc=0.9171, OOB bin acc=0.9925, n_rows_test(dedup)=531 |
OOB cameras: ['delta_junction', 'glees', 'lacclair', 'old_jack_pine', 'sodankyla_full', 'tammela', 'underc', 'varrio']
OOB n=631 | RMSE=0.1424 | Bias=0.0092 | FracRMSE=0.3561 | FracBias=0.0161 | NoneBias=0.0169 | FullBias=0.0000
Aspect split eligible OOB rows (north/south facing fraction threshold = 0.75): 80 / 631
north_dominated OOB n=61 | RMSE=0.1663 | Bias=-0.0087 | FracRMSE=0.3915 | FracBias=-0.0480 | NoneBias=0.0000 | FullBias=0.0000
south_dominated OOB n=19 | RMSE=0.0000 | Bias=0.0000 | FracRMSE=nan | FracBias=nan | NoneBias=0.0000 | FullBias=0.0000
Low-gradient eligible OOB rows (gradient_p84 <= 4.0): 89 / 631
low_gradient_p84 OOB n=89 | RMSE=0.1212 | Bias=0.0035 | FracRMSE=0.2908 | FracBias=0.0076 | NoneBias=0.0043 | FullBias=0.0000
4.83s

=== Bootstrap 224/1000 ===

Chosen filter -> Eg_strong/Eg_weak >= 1.28, data_quantity >= 12 | CV acc=0.9199, CV bin acc=0.9677, n_rows(dedup)=899 | OOB acc=0.9199, OOB bin acc=0.9774, n_rows_test(dedup)=487 |
OOB cameras: ['bartlett', 'glees', 'hyytiala', 'lacclair', 'oregon_yp', 'queens', 'sodankyla_full', 'tammela']
OOB n=541 | RMSE=0.1227 | Bias=0.0080 | FracRMSE=0.3493 | FracBias=-0.2622 | NoneBias=0.0491 | FullBias=-0.0197
Aspect split eligible OOB rows (north/south facing fraction threshold = 0.75): 41 / 541
north_dominated OOB n=16 | RMSE=0.3371 | Bias=-0.1643 | FracRMSE=0.6741 | FracBias=-0.6636 | NoneBias=0.0043 | FullBias=0.0000
south_dominated OOB n=25 | RMSE=0.1709 | Bias=-0.0374 | FracRMSE=0.8500 | FracBias=-0.8500 | NoneBias=0.0000 | FullBias=-0.0043
Low-gradient eligible OOB rows (gradient_p84 <= 4.0): 128 / 541
low_gradient_p84 OOB n=128 | RMSE=0.1445 | Bias=0.0730 | FracRMSE=0.2380 | FracBias=-0.2011 | NoneBias=0.1072 | FullBias=0.0000
5.72s

=== Bootstrap 225/1000 ===

Chosen filter -> Eg_strong/Eg_weak >= 1.05, data_quantity >= 16 | CV acc=0.9538, CV bin acc=0.9797, n_rows(dedup)=1082 | OOB acc=0.8901, OOB bin acc=0.9716, n_rows_test(dedup)=282 |
OOB cameras: ['delta_junction', 'hyytiala', 'kenttarova', 'lacclair', 'marcell_MN']
OOB n=362 | RMSE=0.1050 | Bias=-0.0086 | FracRMSE=0.2395 | FracBias=-0.0303 | NoneBias=0.0034 | FullBias=-0.0140
Aspect split eligible OOB rows (north/south facing fraction threshold = 0.75): 76 / 362
north_dominated OOB n=62 | RMSE=0.1304 | Bias=-0.0247 | FracRMSE=0.2420 | FracBias=-0.0850 | NoneBias=0.0000 | FullBias=0.0000
south_dominated OOB n=14 | RMSE=0.0228 | Bias=0.0093 | FracRMSE=0.0493 | FracBias=0.0433 | NoneBias=0.0000 | FullBias=0.0000
Low-gradient eligible OOB rows (gradient_p84 <= 4.0): 30 / 362
low_gradient_p84 OOB n=30 | RMSE=0.1136 | Bias=-0.0229 | FracRMSE=0.1968 | FracBias=-0.0686 | NoneBias=0.0000 | FullBias=0.0000
6.2s

=== Bootstrap 226/1000 ===

Chosen filter -> Eg_strong/Eg_weak >= 1.18, data_quantity >= 13 | CV acc=0.9451, CV bin acc=0.9873, n_rows(dedup)=1256 | OOB acc=0.9003, OOB bin acc=0.9450, n_rows_test(dedup)=291 |
OOB cameras: ['glees', 'hyytiala', 'kenttarova', 'lacclair', 'willowcreek', 'wslcreek']
OOB n=342 | RMSE=0.1578 | Bias=0.0176 | FracRMSE=0.1811 | FracBias=0.0340 | NoneBias=0.0703 | FullBias=-0.0309
Aspect split eligible OOB rows (north/south facing fraction threshold = 0.75): 78 / 342
north_dominated OOB n=47 | RMSE=0.0679 | Bias=0.0151 | FracRMSE=0.1536 | FracBias=0.0720 | NoneBias=0.0090 | FullBias=0.0000
south_dominated OOB n=31 | RMSE=0.0452 | Bias=0.0142 | FracRMSE=0.0353 | FracBias=0.0215 | NoneBias=0.0629 | FullBias=0.0000
Low-gradient eligible OOB rows (gradient_p84 <= 4.0): 13 / 342
low_gradient_p84 OOB n=13 | RMSE=0.2008 | Bias=-0.0049 | FracRMSE=0.0426 | FracBias=0.0272 | NoneBias=0.0904 | FullBias=-0.1320
6.59s

=== Bootstrap 227/1000 ===

Chosen filter -> Eg_strong/Eg_weak >= 1.07, data_quantity >= 10 | CV acc=0.9244, CV bin acc=0.9587, n_rows(dedup)=1138 | OOB acc=0.9056, OOB bin acc=0.9587, n_rows_test(dedup)=339 |
OOB cameras: ['hyytiala', 'queens', 'tammela', 'underc', 'underhill', 'varrio']
OOB n=361 | RMSE=0.1405 | Bias=-0.0018 | FracRMSE=0.2502 | FracBias=-0.0482 | NoneBias=0.0252 | FullBias=-0.0335
Aspect split eligible OOB rows (north/south facing fraction threshold = 0.75): 30 / 361
north_dominated OOB n=25 | RMSE=0.0585 | Bias=0.0117 | FracRMSE=nan | FracBias=nan | NoneBias=0.0418 | FullBias=0.0000
south_dominated OOB n=5 | RMSE=0.0000 | Bias=0.0000 | FracRMSE=nan | FracBias=nan | NoneBias=0.0000 | FullBias=0.0000
Low-gradient eligible OOB rows (gradient_p84 <= 4.0): 1 / 361
low_gradient_p84 OOB n=1 | RMSE=0.0000 | Bias=0.0000 | FracRMSE=nan | FracBias=nan | NoneBias=nan | FullBias=0.0000
5.83s

=== Bootstrap 228/1000 ===

Chosen filter -> Eg_strong/Eg_weak >= 1.05, data_quantity >= 16 | CV acc=0.9132, CV bin acc=0.9649, n_rows(dedup)=1083 | OOB acc=0.9718, OOB bin acc=0.9960, n_rows_test(dedup)=248 |
OOB cameras: ['marcell_MN', 'queens', 'tammela', 'underhill', 'varrio', 'wslcreek']
OOB n=260 | RMSE=0.0766 | Bias=0.0039 | FracRMSE=0.2463 | FracBias=-0.0190 | NoneBias=0.0132 | FullBias=-0.0021
Aspect split eligible OOB rows (north/south facing fraction threshold = 0.75): 45 / 260
north_dominated OOB n=40 | RMSE=0.0740 | Bias=0.0160 | FracRMSE=0.2392 | FracBias=0.1589 | NoneBias=0.0462 | FullBias=0.0000
south_dominated OOB n=5 | RMSE=0.0000 | Bias=0.0000 | FracRMSE=nan | FracBias=nan | NoneBias=nan | FullBias=0.0000
Low-gradient eligible OOB rows (gradient_p84 <= 4.0): 0 / 260
low_gradient_p84 OOB n=0 | RMSE=nan | Bias=nan | FracRMSE=nan | FracBias=nan | NoneBias=nan | FullBias=nan
5.96s

=== Bootstrap 229/1000 ===

Chosen filter -> Eg_strong/Eg_weak >= 1.05, data_quantity >= 14 | CV acc=0.9514, CV bin acc=0.9860, n_rows(dedup)=1069 | OOB acc=0.9202, OOB bin acc=0.9776, n_rows_test(dedup)=401 |
OOB cameras: ['delta_junction', 'glees', 'kenttarova', 'marcell_MN', 'sodankyla_full', 'willowcreek']
OOB n=453 | RMSE=0.1454 | Bias=0.0049 | FracRMSE=0.2468 | FracBias=-0.0124 | NoneBias=0.0378 | FullBias=-0.0196
Aspect split eligible OOB rows (north/south facing fraction threshold = 0.75): 94 / 453
north_dominated OOB n=66 | RMSE=0.1197 | Bias=-0.0199 | FracRMSE=0.2291 | FracBias=-0.0759 | NoneBias=0.0023 | FullBias=-0.0001
south_dominated OOB n=28 | RMSE=0.0136 | Bias=0.0014 | FracRMSE=0.0414 | FracBias=0.0107 | NoneBias=0.0011 | FullBias=0.0000
Low-gradient eligible OOB rows (gradient_p84 <= 4.0): 64 / 453
low_gradient_p84 OOB n=64 | RMSE=0.1178 | Bias=-0.0104 | FracRMSE=0.1845 | FracBias=-0.0737 | NoneBias=0.0290 | FullBias=-0.0246
5.75s

=== Bootstrap 230/1000 ===

Chosen filter -> Eg_strong/Eg_weak >= 1.05, data_quantity >= 17 | CV acc=0.9130, CV bin acc=0.9720, n_rows(dedup)=1035 | OOB acc=0.9086, OOB bin acc=0.9608, n_rows_test(dedup)=383 |
OOB cameras: ['bartlett', 'hyytiala', 'lacclair', 'marcell_MN', 'sodankyla_full', 'torgnon', 'underc', 'wslcreek']
OOB n=443 | RMSE=0.1501 | Bias=-0.0274 | FracRMSE=0.3940 | FracBias=-0.2413 | NoneBias=0.0116 | FullBias=-0.0252
Aspect split eligible OOB rows (north/south facing fraction threshold = 0.75): 48 / 443
north_dominated OOB n=35 | RMSE=0.2926 | Bias=-0.1034 | FracRMSE=0.5647 | FracBias=-0.3967 | NoneBias=0.0000 | FullBias=-0.0681
south_dominated OOB n=13 | RMSE=0.3334 | Bias=-0.1308 | FracRMSE=0.8500 | FracBias=-0.8500 | NoneBias=0.0000 | FullBias=0.0000
Low-gradient eligible OOB rows (gradient_p84 <= 4.0): 28 / 443
low_gradient_p84 OOB n=28 | RMSE=0.0414 | Bias=-0.0017 | FracRMSE=0.1769 | FracBias=-0.1769 | NoneBias=0.0100 | FullBias=0.0000
5.73s

=== Bootstrap 231/1000 ===

Chosen filter -> Eg_strong/Eg_weak >= 1.05, data_quantity >= 17 | CV acc=0.8986, CV bin acc=0.9628, n_rows(dedup)=779 | OOB acc=0.9766, OOB bin acc=0.9977, n_rows_test(dedup)=428 |
OOB cameras: ['marcell_MN', 'old_jack_pine', 'oregon_yp', 'queens', 'sodankyla_full', 'torgnon']
OOB n=466 | RMSE=0.1271 | Bias=0.0354 | FracRMSE=0.2563 | FracBias=-0.1006 | NoneBias=0.0721 | FullBias=-0.0058
Aspect split eligible OOB rows (north/south facing fraction threshold = 0.75): 10 / 466
north_dominated OOB n=7 | RMSE=0.0253 | Bias=0.0096 | FracRMSE=nan | FracBias=nan | NoneBias=0.0134 | FullBias=0.0000
south_dominated OOB n=3 | RMSE=0.0000 | Bias=0.0000 | FracRMSE=nan | FracBias=nan | NoneBias=0.0000 | FullBias=0.0000
Low-gradient eligible OOB rows (gradient_p84 <= 4.0): 163 / 466
low_gradient_p84 OOB n=163 | RMSE=0.1492 | Bias=0.0692 | FracRMSE=0.2417 | FracBias=-0.1718 | NoneBias=0.1083 | FullBias=-0.0031
4.95s

=== Bootstrap 232/1000 ===

Chosen filter -> Eg_strong/Eg_weak >= 1.05, data_quantity >= 16 | CV acc=0.9554, CV bin acc=0.9825, n_rows(dedup)=1143 | OOB acc=0.9042, OOB bin acc=0.9701, n_rows_test(dedup)=334 |
OOB cameras: ['bartlett', 'delta_junction', 'lacclair', 'marcell_MN', 'oregon_yp', 'underc']
OOB n=433 | RMSE=0.1765 | Bias=-0.0255 | FracRMSE=0.3511 | FracBias=-0.1756 | NoneBias=0.0249 | FullBias=-0.0232
Aspect split eligible OOB rows (north/south facing fraction threshold = 0.75): 55 / 433
north_dominated OOB n=45 | RMSE=0.2996 | Bias=-0.1146 | FracRMSE=0.4290 | FracBias=-0.2487 | NoneBias=0.0002 | FullBias=-0.1120
south_dominated OOB n=10 | RMSE=0.3801 | Bias=-0.1700 | FracRMSE=0.8500 | FracBias=-0.8500 | NoneBias=0.0000 | FullBias=0.0000
Low-gradient eligible OOB rows (gradient_p84 <= 4.0): 120 / 433
low_gradient_p84 OOB n=120 | RMSE=0.1139 | Bias=0.0035 | FracRMSE=0.2613 | FracBias=-0.1625 | NoneBias=0.0309 | FullBias=0.0000
6.07s

=== Bootstrap 233/1000 ===

Chosen filter -> Eg_strong/Eg_weak >= 1.18, data_quantity >= 13 | CV acc=0.9541, CV bin acc=0.9913, n_rows(dedup)=1154 | OOB acc=0.8368, OOB bin acc=0.9340, n_rows_test(dedup)=288 |
OOB cameras: ['glees', 'hyytiala', 'queens', 'underc', 'willowcreek', 'wslcreek']
OOB n=304 | RMSE=0.1757 | Bias=0.0144 | FracRMSE=0.2697 | FracBias=0.0320 | NoneBias=0.0669 | FullBias=-0.0407
Aspect split eligible OOB rows (north/south facing fraction threshold = 0.75): 36 / 304
north_dominated OOB n=18 | RMSE=0.0916 | Bias=0.0205 | FracRMSE=0.2749 | FracBias=0.1842 | NoneBias=nan | FullBias=0.0000
south_dominated OOB n=18 | RMSE=0.0323 | Bias=0.0103 | FracRMSE=nan | FracBias=nan | NoneBias=0.0617 | FullBias=0.0000
Low-gradient eligible OOB rows (gradient_p84 <= 4.0): 4 / 304
low_gradient_p84 OOB n=4 | RMSE=0.3231 | Bias=-0.0379 | FracRMSE=nan | FracBias=nan | NoneBias=0.2332 | FullBias=-0.3089
6.27s

=== Bootstrap 234/1000 ===

Chosen filter -> Eg_strong/Eg_weak >= 1.24, data_quantity >= 15 | CV acc=0.9255, CV bin acc=0.9612, n_rows(dedup)=644 | OOB acc=0.9261, OOB bin acc=0.9871, n_rows_test(dedup)=541 |
OOB cameras: ['delta_junction', 'hyytiala', 'marcell_MN', 'oregon_yp', 'sodankyla_full', 'underc', 'wslcreek']
OOB n=607 | RMSE=0.1344 | Bias=0.0290 | FracRMSE=0.2660 | FracBias=-0.0124 | NoneBias=0.0619 | FullBias=-0.0124
Aspect split eligible OOB rows (north/south facing fraction threshold = 0.75): 61 / 607
north_dominated OOB n=58 | RMSE=0.1345 | Bias=0.0034 | FracRMSE=0.2795 | FracBias=-0.0019 | NoneBias=0.0124 | FullBias=0.0000
south_dominated OOB n=3 | RMSE=0.0000 | Bias=0.0000 | FracRMSE=nan | FracBias=nan | NoneBias=0.0000 | FullBias=0.0000
Low-gradient eligible OOB rows (gradient_p84 <= 4.0): 148 / 607
low_gradient_p84 OOB n=148 | RMSE=0.1525 | Bias=0.0762 | FracRMSE=0.2083 | FracBias=-0.0729 | NoneBias=0.1128 | FullBias=0.0000
4.86s

=== Bootstrap 235/1000 ===

Chosen filter -> Eg_strong/Eg_weak >= 1.07, data_quantity >= 16 | CV acc=0.8459, CV bin acc=0.9363, n_rows(dedup)=675 | OOB acc=0.9363, OOB bin acc=0.9879, n_rows_test(dedup)=659 |
OOB cameras: ['bartlett', 'delta_junction', 'hyytiala', 'kenttarova', 'marcell_MN', 'oregon_yp', 'queens', 'sodankyla_full', 'tammela', 'wslcreek']
OOB n=736 | RMSE=0.1300 | Bias=0.0075 | FracRMSE=0.2791 | FracBias=-0.0931 | NoneBias=0.0435 | FullBias=-0.0243
Aspect split eligible OOB rows (north/south facing fraction threshold = 0.75): 116 / 736
north_dominated OOB n=93 | RMSE=0.1963 | Bias=-0.0338 | FracRMSE=0.3082 | FracBias=-0.0846 | NoneBias=0.0166 | FullBias=-0.0371
south_dominated OOB n=23 | RMSE=0.2512 | Bias=-0.0701 | FracRMSE=0.5386 | FracBias=-0.3170 | NoneBias=0.0000 | FullBias=-0.0020
Low-gradient eligible OOB rows (gradient_p84 <= 4.0): 156 / 736
low_gradient_p84 OOB n=156 | RMSE=0.1446 | Bias=0.0752 | FracRMSE=0.1877 | FracBias=-0.0621 | NoneBias=0.1122 | FullBias=0.0000
4.79s

=== Bootstrap 236/1000 ===

Chosen filter -> Eg_strong/Eg_weak >= 1.30, data_quantity >= 14 | CV acc=0.9079, CV bin acc=0.9622, n_rows(dedup)=662 | OOB acc=0.9374, OOB bin acc=0.9960, n_rows_test(dedup)=495 |
OOB cameras: ['bartlett', 'glees', 'old_jack_pine', 'oregon_yp', 'queens', 'sodankyla_full', 'varrio']
OOB n=544 | RMSE=0.1282 | Bias=0.0131 | FracRMSE=0.3391 | FracBias=-0.1361 | NoneBias=0.0474 | FullBias=-0.0038
Aspect split eligible OOB rows (north/south facing fraction threshold = 0.75): 59 / 544
north_dominated OOB n=34 | RMSE=0.1869 | Bias=-0.0546 | FracRMSE=0.6291 | FracBias=-0.6186 | NoneBias=0.0000 | FullBias=0.0000
south_dominated OOB n=25 | RMSE=0.1700 | Bias=-0.0340 | FracRMSE=0.8500 | FracBias=-0.8500 | NoneBias=0.0000 | FullBias=0.0000
Low-gradient eligible OOB rows (gradient_p84 <= 4.0): 167 / 544
low_gradient_p84 OOB n=167 | RMSE=0.1289 | Bias=0.0387 | FracRMSE=0.2601 | FracBias=-0.1683 | NoneBias=0.0708 | FullBias=0.0000
4.84s

=== Bootstrap 237/1000 ===

Chosen filter -> Eg_strong/Eg_weak >= 1.05, data_quantity >= 17 | CV acc=0.9444, CV bin acc=0.9776, n_rows(dedup)=1116 | OOB acc=0.8879, OOB bin acc=0.9853, n_rows_test(dedup)=339 |
OOB cameras: ['delta_junction', 'kenttarova', 'lacclair', 'oregon_yp', 'queens', 'torgnon', 'underc']
OOB n=442 | RMSE=0.1429 | Bias=-0.0028 | FracRMSE=0.2870 | FracBias=-0.0707 | NoneBias=0.0217 | FullBias=-0.0036
Aspect split eligible OOB rows (north/south facing fraction threshold = 0.75): 76 / 442
north_dominated OOB n=61 | RMSE=0.1523 | Bias=-0.0117 | FracRMSE=0.2886 | FracBias=-0.0421 | NoneBias=0.0000 | FullBias=0.0000
south_dominated OOB n=15 | RMSE=0.0157 | Bias=0.0047 | FracRMSE=0.0430 | FracBias=0.0350 | NoneBias=0.0000 | FullBias=0.0000
Low-gradient eligible OOB rows (gradient_p84 <= 4.0): 125 / 442
low_gradient_p84 OOB n=125 | RMSE=0.1162 | Bias=0.0031 | FracRMSE=0.2711 | FracBias=-0.1197 | NoneBias=0.0242 | FullBias=0.0000
6.05s

=== Bootstrap 238/1000 ===

Chosen filter -> Eg_strong/Eg_weak >= 1.18, data_quantity >= 17 | CV acc=0.9233, CV bin acc=0.9808, n_rows(dedup)=834 | OOB acc=0.9547, OOB bin acc=0.9849, n_rows_test(dedup)=464 |
OOB cameras: ['bartlett', 'marcell_MN', 'oregon_yp', 'queens', 'sodankyla_full', 'tammela', 'willowcreek', 'wslcreek']
OOB n=492 | RMSE=0.1488 | Bias=0.0082 | FracRMSE=0.3479 | FracBias=-0.2401 | NoneBias=0.0533 | FullBias=-0.0293
Aspect split eligible OOB rows (north/south facing fraction threshold = 0.75): 39 / 492
north_dominated OOB n=31 | RMSE=0.2041 | Bias=-0.0505 | FracRMSE=0.5083 | FracBias=-0.3134 | NoneBias=0.0000 | FullBias=0.0000
south_dominated OOB n=8 | RMSE=0.3005 | Bias=-0.1062 | FracRMSE=0.8500 | FracBias=-0.8500 | NoneBias=0.0000 | FullBias=0.0000
Low-gradient eligible OOB rows (gradient_p84 <= 4.0): 129 / 492
low_gradient_p84 OOB n=129 | RMSE=0.1346 | Bias=0.0447 | FracRMSE=0.2640 | FracBias=-0.2332 | NoneBias=0.0813 | FullBias=-0.0366
5.43s

=== Bootstrap 239/1000 ===

Chosen filter -> Eg_strong/Eg_weak >= 1.12, data_quantity >= 16 | CV acc=0.9494, CV bin acc=0.9907, n_rows(dedup)=969 | OOB acc=0.8636, OOB bin acc=0.9227, n_rows_test(dedup)=220 |
OOB cameras: ['bartlett', 'hyytiala', 'underc', 'underhill', 'willowcreek']
OOB n=239 | RMSE=0.2304 | Bias=-0.0120 | FracRMSE=0.4282 | FracBias=-0.2175 | NoneBias=0.0526 | FullBias=-0.0779
Aspect split eligible OOB rows (north/south facing fraction threshold = 0.75): 15 / 239
north_dominated OOB n=10 | RMSE=0.5165 | Bias=-0.3377 | FracRMSE=0.6834 | FracBias=-0.6638 | NoneBias=0.0587 | FullBias=-0.3005
south_dominated OOB n=5 | RMSE=0.3801 | Bias=-0.1700 | FracRMSE=0.8500 | FracBias=-0.8500 | NoneBias=nan | FullBias=0.0000
Low-gradient eligible OOB rows (gradient_p84 <= 4.0): 4 / 239
low_gradient_p84 OOB n=4 | RMSE=0.1950 | Bias=-0.0492 | FracRMSE=nan | FracBias=nan | NoneBias=0.1151 | FullBias=-0.2135
5.77s

=== Bootstrap 240/1000 ===

Chosen filter -> Eg_strong/Eg_weak >= 1.05, data_quantity >= 14 | CV acc=0.9435, CV bin acc=0.9825, n_rows(dedup)=973 | OOB acc=0.8765, OOB bin acc=0.9294, n_rows_test(dedup)=170 |
OOB cameras: ['bartlett', 'glees', 'marcell_MN', 'willowcreek']
OOB n=180 | RMSE=0.2340 | Bias=-0.0259 | FracRMSE=0.5681 | FracBias=-0.4449 | NoneBias=0.0726 | FullBias=-0.0556
Aspect split eligible OOB rows (north/south facing fraction threshold = 0.75): 32 / 180
north_dominated OOB n=9 | RMSE=0.4843 | Bias=-0.3350 | FracRMSE=0.6119 | FracBias=-0.5870 | NoneBias=0.0000 | FullBias=-0.3135
south_dominated OOB n=23 | RMSE=0.2507 | Bias=-0.0739 | FracRMSE=0.8500 | FracBias=-0.8500 | NoneBias=0.0000 | FullBias=0.0000
Low-gradient eligible OOB rows (gradient_p84 <= 4.0): 4 / 180
low_gradient_p84 OOB n=4 | RMSE=0.2777 | Bias=-0.0620 | FracRMSE=nan | FracBias=nan | NoneBias=0.1751 | FullBias=-0.2991
5.47s

=== Bootstrap 241/1000 ===

Chosen filter -> Eg_strong/Eg_weak >= 1.05, data_quantity >= 17 | CV acc=0.9330, CV bin acc=0.9765, n_rows(dedup)=1105 | OOB acc=0.8942, OOB bin acc=0.9921, n_rows_test(dedup)=378 |
OOB cameras: ['delta_junction', 'marcell_MN', 'old_jack_pine', 'tammela', 'underc', 'underhill', 'wslcreek']
OOB n=445 | RMSE=0.1632 | Bias=0.0077 | FracRMSE=0.3465 | FracBias=-0.0091 | NoneBias=0.0202 | FullBias=-0.0005
Aspect split eligible OOB rows (north/south facing fraction threshold = 0.75): 54 / 445
north_dominated OOB n=53 | RMSE=0.1740 | Bias=-0.0168 | FracRMSE=0.3512 | FracBias=-0.0683 | NoneBias=0.0000 | FullBias=0.0000
south_dominated OOB n=1 | RMSE=0.0000 | Bias=0.0000 | FracRMSE=nan | FracBias=nan | NoneBias=nan | FullBias=0.0000
Low-gradient eligible OOB rows (gradient_p84 <= 4.0): 59 / 445
low_gradient_p84 OOB n=59 | RMSE=0.1436 | Bias=-0.0175 | FracRMSE=0.3059 | FracBias=-0.0792 | NoneBias=0.0000 | FullBias=0.0000
6.17s

=== Bootstrap 242/1000 ===

Chosen filter -> Eg_strong/Eg_weak >= 1.18, data_quantity >= 16 | CV acc=0.9312, CV bin acc=0.9811, n_rows(dedup)=901 | OOB acc=0.9438, OOB bin acc=0.9780, n_rows_test(dedup)=409 |
OOB cameras: ['glees', 'hyytiala', 'lacclair', 'marcell_MN', 'old_jack_pine', 'sodankyla_full']
OOB n=462 | RMSE=0.1088 | Bias=-0.0170 | FracRMSE=0.3116 | FracBias=-0.1696 | NoneBias=0.0110 | FullBias=-0.0258
Aspect split eligible OOB rows (north/south facing fraction threshold = 0.75): 24 / 462
north_dominated OOB n=8 | RMSE=0.0000 | Bias=0.0000 | FracRMSE=nan | FracBias=nan | NoneBias=0.0000 | FullBias=0.0000
south_dominated OOB n=16 | RMSE=0.0015 | Bias=0.0004 | FracRMSE=nan | FracBias=nan | NoneBias=0.0015 | FullBias=0.0000
Low-gradient eligible OOB rows (gradient_p84 <= 4.0): 65 / 462
low_gradient_p84 OOB n=65 | RMSE=0.1257 | Bias=-0.0300 | FracRMSE=0.3710 | FracBias=-0.2888 | NoneBias=0.0071 | FullBias=-0.0085
5.49s

=== Bootstrap 243/1000 ===

Chosen filter -> Eg_strong/Eg_weak >= 1.05, data_quantity >= 13 | CV acc=0.8988, CV bin acc=0.9790, n_rows(dedup)=1097 | OOB acc=0.9397, OOB bin acc=0.9619, n_rows_test(dedup)=315 |
OOB cameras: ['bartlett', 'hyytiala', 'kenttarova', 'lacclair', 'old_jack_pine', 'underhill']
OOB n=393 | RMSE=0.1706 | Bias=-0.0221 | FracRMSE=0.3274 | FracBias=-0.1350 | NoneBias=0.0200 | FullBias=-0.0380
Aspect split eligible OOB rows (north/south facing fraction threshold = 0.75): 65 / 393
north_dominated OOB n=42 | RMSE=0.2620 | Bias=-0.0838 | FracRMSE=0.3903 | FracBias=-0.2115 | NoneBias=0.0288 | FullBias=-0.0706
south_dominated OOB n=23 | RMSE=0.2513 | Bias=-0.0683 | FracRMSE=0.5389 | FracBias=-0.3140 | NoneBias=0.0000 | FullBias=0.0000
Low-gradient eligible OOB rows (gradient_p84 <= 4.0): 50 / 393
low_gradient_p84 OOB n=50 | RMSE=0.1177 | Bias=-0.0200 | FracRMSE=0.2906 | FracBias=-0.1475 | NoneBias=0.0071 | FullBias=-0.0026
5.72s

=== Bootstrap 244/1000 ===

Chosen filter -> Eg_strong/Eg_weak >= 1.18, data_quantity >= 15 | CV acc=0.9464, CV bin acc=0.9863, n_rows(dedup)=951 | OOB acc=0.9385, OOB bin acc=0.9832, n_rows_test(dedup)=358 |
OOB cameras: ['bartlett', 'kenttarova', 'old_jack_pine', 'oregon_yp', 'underc']
OOB n=429 | RMSE=0.1622 | Bias=0.0011 | FracRMSE=0.3088 | FracBias=-0.0986 | NoneBias=0.0372 | FullBias=-0.0166
Aspect split eligible OOB rows (north/south facing fraction threshold = 0.75): 51 / 429
north_dominated OOB n=34 | RMSE=0.2097 | Bias=-0.0542 | FracRMSE=0.3867 | FracBias=-0.1854 | NoneBias=0.0013 | FullBias=0.0000
south_dominated OOB n=17 | RMSE=0.2072 | Bias=-0.0424 | FracRMSE=0.4271 | FracBias=-0.1800 | NoneBias=0.0000 | FullBias=0.0000
Low-gradient eligible OOB rows (gradient_p84 <= 4.0): 144 / 429
low_gradient_p84 OOB n=144 | RMSE=0.1204 | Bias=0.0148 | FracRMSE=0.2729 | FracBias=-0.1744 | NoneBias=0.0420 | FullBias=0.0000
5.64s

=== Bootstrap 245/1000 ===

Chosen filter -> Eg_strong/Eg_weak >= 1.05, data_quantity >= 14 | CV acc=0.9484, CV bin acc=0.9708, n_rows(dedup)=1163 | OOB acc=0.9094, OOB bin acc=0.9591, n_rows_test(dedup)=342 |
OOB cameras: ['bartlett', 'delta_junction', 'glees', 'lacclair', 'oregon_yp', 'queens', 'wslcreek']
OOB n=429 | RMSE=0.1577 | Bias=0.0025 | FracRMSE=0.3317 | FracBias=-0.1221 | NoneBias=0.0541 | FullBias=-0.0158
Aspect split eligible OOB rows (north/south facing fraction threshold = 0.75): 91 / 429
north_dominated OOB n=63 | RMSE=0.2303 | Bias=-0.0573 | FracRMSE=0.3711 | FracBias=-0.1430 | NoneBias=0.0079 | FullBias=-0.0467
south_dominated OOB n=28 | RMSE=0.2272 | Bias=-0.0607 | FracRMSE=0.8500 | FracBias=-0.8500 | NoneBias=0.0000 | FullBias=0.0000
Low-gradient eligible OOB rows (gradient_p84 <= 4.0): 121 / 429
low_gradient_p84 OOB n=121 | RMSE=0.1422 | Bias=0.0544 | FracRMSE=0.2327 | FracBias=-0.1071 | NoneBias=0.0847 | FullBias=0.0000
5.86s

=== Bootstrap 246/1000 ===

Chosen filter -> Eg_strong/Eg_weak >= 1.05, data_quantity >= 16 | CV acc=0.9100, CV bin acc=0.9769, n_rows(dedup)=778 | OOB acc=0.9548, OOB bin acc=0.9812, n_rows_test(dedup)=531 |
OOB cameras: ['bartlett', 'old_jack_pine', 'oregon_yp', 'sodankyla_full', 'tammela', 'willowcreek', 'wslcreek']
OOB n=578 | RMSE=0.1619 | Bias=0.0077 | FracRMSE=0.3508 | FracBias=-0.1815 | NoneBias=0.0518 | FullBias=-0.0317
Aspect split eligible OOB rows (north/south facing fraction threshold = 0.75): 44 / 578
north_dominated OOB n=34 | RMSE=0.2558 | Bias=-0.0828 | FracRMSE=0.4955 | FracBias=-0.2950 | NoneBias=0.0000 | FullBias=-0.0610
south_dominated OOB n=10 | RMSE=0.3801 | Bias=-0.1700 | FracRMSE=0.8500 | FracBias=-0.8500 | NoneBias=0.0000 | FullBias=0.0000
Low-gradient eligible OOB rows (gradient_p84 <= 4.0): 169 / 578
low_gradient_p84 OOB n=169 | RMSE=0.1348 | Bias=0.0348 | FracRMSE=0.2686 | FracBias=-0.2120 | NoneBias=0.0748 | FullBias=-0.0281
5.07s

=== Bootstrap 247/1000 ===

Chosen filter -> Eg_strong/Eg_weak >= 1.18, data_quantity >= 14 | CV acc=0.9378, CV bin acc=0.9803, n_rows(dedup)=1013 | OOB acc=0.8955, OOB bin acc=0.9672, n_rows_test(dedup)=335 |
OOB cameras: ['bartlett', 'glees', 'old_jack_pine', 'queens', 'tammela', 'underc', 'willowcreek']
OOB n=373 | RMSE=0.1913 | Bias=0.0020 | FracRMSE=0.3968 | FracBias=-0.1067 | NoneBias=0.0420 | FullBias=-0.0183
Aspect split eligible OOB rows (north/south facing fraction threshold = 0.75): 27 / 373
north_dominated OOB n=6 | RMSE=0.4907 | Bias=-0.3302 | FracRMSE=0.6939 | FracBias=-0.6604 | NoneBias=0.0000 | FullBias=0.0000
south_dominated OOB n=21 | RMSE=0.1855 | Bias=-0.0405 | FracRMSE=0.8500 | FracBias=-0.8500 | NoneBias=0.0000 | FullBias=0.0000
Low-gradient eligible OOB rows (gradient_p84 <= 4.0): 43 / 373
low_gradient_p84 OOB n=43 | RMSE=0.1403 | Bias=-0.0243 | FracRMSE=0.3607 | FracBias=-0.1861 | NoneBias=0.0082 | FullBias=-0.0129
6.09s

=== Bootstrap 248/1000 ===

Chosen filter -> Eg_strong/Eg_weak >= 1.05, data_quantity >= 16 | CV acc=0.9494, CV bin acc=0.9862, n_rows(dedup)=1088 | OOB acc=0.9085, OOB bin acc=0.9621, n_rows_test(dedup)=317 |
OOB cameras: ['bartlett', 'lacclair', 'old_jack_pine', 'underc', 'underhill', 'varrio', 'willowcreek']
OOB n=393 | RMSE=0.2107 | Bias=-0.0129 | FracRMSE=0.4006 | FracBias=-0.1806 | NoneBias=0.0510 | FullBias=-0.0246
Aspect split eligible OOB rows (north/south facing fraction threshold = 0.75): 46 / 393
north_dominated OOB n=33 | RMSE=0.2933 | Bias=-0.1104 | FracRMSE=0.7194 | FracBias=-0.7023 | NoneBias=0.0000 | FullBias=-0.0731
south_dominated OOB n=13 | RMSE=0.3334 | Bias=-0.1308 | FracRMSE=0.8500 | FracBias=-0.8500 | NoneBias=0.0000 | FullBias=0.0000
Low-gradient eligible OOB rows (gradient_p84 <= 4.0): 43 / 393
low_gradient_p84 OOB n=43 | RMSE=0.1345 | Bias=-0.0298 | FracRMSE=0.3452 | FracBias=-0.1949 | NoneBias=0.0052 | FullBias=-0.0251
6.11s

=== Bootstrap 249/1000 ===

Chosen filter -> Eg_strong/Eg_weak >= 1.05, data_quantity >= 13 | CV acc=0.9112, CV bin acc=0.9707, n_rows(dedup)=1092 | OOB acc=0.9516, OOB bin acc=0.9866, n_rows_test(dedup)=372 |
OOB cameras: ['glees', 'kenttarova', 'lacclair', 'old_jack_pine', 'oregon_yp', 'torgnon']
OOB n=458 | RMSE=0.1308 | Bias=0.0318 | FracRMSE=0.2219 | FracBias=-0.0623 | NoneBias=0.0745 | FullBias=-0.0030
Aspect split eligible OOB rows (north/south facing fraction threshold = 0.75): 61 / 458
north_dominated OOB n=30 | RMSE=0.0347 | Bias=0.0133 | FracRMSE=0.0400 | FracBias=0.0314 | NoneBias=0.0222 | FullBias=0.0000
south_dominated OOB n=31 | RMSE=0.0589 | Bias=0.0031 | FracRMSE=0.1411 | FracBias=-0.0347 | NoneBias=0.0394 | FullBias=0.0000
Low-gradient eligible OOB rows (gradient_p84 <= 4.0): 149 / 458
low_gradient_p84 OOB n=149 | RMSE=0.1460 | Bias=0.0570 | FracRMSE=0.2457 | FracBias=-0.1572 | NoneBias=0.0910 | FullBias=-0.0010
5.79s

=== Bootstrap 250/1000 ===

Chosen filter -> Eg_strong/Eg_weak >= 1.05, data_quantity >= 17 | CV acc=0.9655, CV bin acc=0.9891, n_rows(dedup)=1101 | OOB acc=0.9348, OOB bin acc=0.9783, n_rows_test(dedup)=368 |
OOB cameras: ['kenttarova', 'lacclair', 'oregon_yp', 'underc', 'varrio', 'willowcreek']
OOB n=448 | RMSE=0.1546 | Bias=0.0184 | FracRMSE=0.2240 | FracBias=-0.0904 | NoneBias=0.0681 | FullBias=-0.0191
Aspect split eligible OOB rows (north/south facing fraction threshold = 0.75): 63 / 448
north_dominated OOB n=47 | RMSE=0.0201 | Bias=0.0064 | FracRMSE=0.0430 | FracBias=0.0350 | NoneBias=0.0068 | FullBias=0.0000
south_dominated OOB n=16 | RMSE=0.0152 | Bias=0.0044 | FracRMSE=0.0430 | FracBias=0.0350 | NoneBias=0.0000 | FullBias=0.0000
Low-gradient eligible OOB rows (gradient_p84 <= 4.0): 108 / 448
low_gradient_p84 OOB n=108 | RMSE=0.1414 | Bias=0.0451 | FracRMSE=0.2691 | FracBias=-0.2132 | NoneBias=0.0764 | FullBias=-0.1164
6.4s

=== Bootstrap 251/1000 ===

Chosen filter -> Eg_strong/Eg_weak >= 1.07, data_quantity >= 17 | CV acc=0.9344, CV bin acc=0.9704, n_rows(dedup)=778 | OOB acc=0.8772, OOB bin acc=0.9799, n_rows_test(dedup)=448 |
OOB cameras: ['glees', 'hyytiala', 'marcell_MN', 'sodankyla_full', 'tammela', 'underc', 'wslcreek']
OOB n=470 | RMSE=0.0968 | Bias=-0.0006 | FracRMSE=0.2535 | FracBias=-0.0670 | NoneBias=0.0203 | FullBias=-0.0188
Aspect split eligible OOB rows (north/south facing fraction threshold = 0.75): 38 / 470
north_dominated OOB n=24 | RMSE=0.0637 | Bias=0.0121 | FracRMSE=0.2207 | FracBias=0.1458 | NoneBias=0.0000 | FullBias=0.0000
south_dominated OOB n=14 | RMSE=0.0250 | Bias=0.0094 | FracRMSE=nan | FracBias=nan | NoneBias=0.0328 | FullBias=0.0000
Low-gradient eligible OOB rows (gradient_p84 <= 4.0): 28 / 470
low_gradient_p84 OOB n=28 | RMSE=0.0626 | Bias=0.0084 | FracRMSE=0.1729 | FracBias=-0.1729 | NoneBias=0.0314 | FullBias=0.0000
5.09s

=== Bootstrap 252/1000 ===

Chosen filter -> Eg_strong/Eg_weak >= 1.05, data_quantity >= 13 | CV acc=0.9436, CV bin acc=0.9904, n_rows(dedup)=1454 | OOB acc=0.8266, OOB bin acc=0.9355, n_rows_test(dedup)=248 |
OOB cameras: ['glees', 'kenttarova', 'lacclair', 'torgnon', 'underc', 'underhill', 'willowcreek']
OOB n=312 | RMSE=0.2054 | Bias=0.0150 | FracRMSE=0.2042 | FracBias=-0.0210 | NoneBias=0.1036 | FullBias=-0.0346
Aspect split eligible OOB rows (north/south facing fraction threshold = 0.75): 64 / 312
north_dominated OOB n=32 | RMSE=0.0858 | Bias=0.0217 | FracRMSE=0.0400 | FracBias=0.0314 | NoneBias=0.0592 | FullBias=0.0000
south_dominated OOB n=32 | RMSE=0.0448 | Bias=-0.0038 | FracRMSE=0.1250 | FracBias=-0.0403 | NoneBias=0.0057 | FullBias=0.0000
Low-gradient eligible OOB rows (gradient_p84 <= 4.0): 13 / 312
low_gradient_p84 OOB n=13 | RMSE=0.1887 | Bias=-0.0052 | FracRMSE=0.0432 | FracBias=0.0356 | NoneBias=0.0830 | FullBias=-0.1273
7.03s

=== Bootstrap 253/1000 ===

Chosen filter -> Eg_strong/Eg_weak >= 1.05, data_quantity >= 17 | CV acc=0.8616, CV bin acc=0.9802, n_rows(dedup)=860 | OOB acc=0.9274, OOB bin acc=0.9758, n_rows_test(dedup)=537 |
OOB cameras: ['bartlett', 'glees', 'old_jack_pine', 'oregon_yp', 'sodankyla_full', 'varrio', 'willowcreek']
OOB n=585 | RMSE=0.1715 | Bias=0.0211 | FracRMSE=0.3440 | FracBias=-0.2038 | NoneBias=0.0889 | FullBias=-0.0433
Aspect split eligible OOB rows (north/south facing fraction threshold = 0.75): 59 / 585
north_dominated OOB n=35 | RMSE=0.2400 | Bias=-0.0855 | FracRMSE=0.5702 | FracBias=-0.5660 | NoneBias=0.0101 | FullBias=-0.0750
south_dominated OOB n=24 | RMSE=0.2503 | Bias=-0.0676 | FracRMSE=0.8445 | FracBias=-0.8444 | NoneBias=0.0539 | FullBias=-0.0120
Low-gradient eligible OOB rows (gradient_p84 <= 4.0): 167 / 585
low_gradient_p84 OOB n=167 | RMSE=0.1541 | Bias=0.0687 | FracRMSE=0.2450 | FracBias=-0.1939 | NoneBias=0.1175 | FullBias=-0.0404
5.36s

=== Bootstrap 254/1000 ===

Chosen filter -> Eg_strong/Eg_weak >= 1.05, data_quantity >= 11 | CV acc=0.9161, CV bin acc=0.9783, n_rows(dedup)=1108 | OOB acc=0.9577, OOB bin acc=0.9839, n_rows_test(dedup)=496 |
OOB cameras: ['delta_junction', 'oregon_yp', 'queens', 'sodankyla_full', 'tammela', 'underhill', 'willowcreek']
OOB n=546 | RMSE=0.1600 | Bias=0.0283 | FracRMSE=0.2843 | FracBias=-0.0405 | NoneBias=0.0594 | FullBias=-0.0182
Aspect split eligible OOB rows (north/south facing fraction threshold = 0.75): 47 / 546
north_dominated OOB n=44 | RMSE=0.1525 | Bias=-0.0054 | FracRMSE=0.2752 | FracBias=-0.0715 | NoneBias=0.0274 | FullBias=0.0000
south_dominated OOB n=3 | RMSE=0.0000 | Bias=0.0000 | FracRMSE=nan | FracBias=nan | NoneBias=0.0000 | FullBias=0.0000
Low-gradient eligible OOB rows (gradient_p84 <= 4.0): 155 / 546
low_gradient_p84 OOB n=155 | RMSE=0.1392 | Bias=0.0460 | FracRMSE=0.2250 | FracBias=-0.1119 | NoneBias=0.0838 | FullBias=-0.0218
5.51s

=== Bootstrap 255/1000 ===

Chosen filter -> Eg_strong/Eg_weak >= 1.20, data_quantity >= 14 | CV acc=0.9224, CV bin acc=0.9701, n_rows(dedup)=902 | OOB acc=0.8975, OOB bin acc=0.9752, n_rows_test(dedup)=322 |
OOB cameras: ['bartlett', 'glees', 'hyytiala', 'queens', 'sodankyla_full', 'wslcreek']
OOB n=332 | RMSE=0.1098 | Bias=-0.0151 | FracRMSE=0.4537 | FracBias=-0.2747 | NoneBias=0.0120 | FullBias=-0.0247
Aspect split eligible OOB rows (north/south facing fraction threshold = 0.75): 54 / 332
north_dominated OOB n=30 | RMSE=0.2045 | Bias=-0.0534 | FracRMSE=0.5009 | FracBias=-0.3204 | NoneBias=0.0000 | FullBias=0.0000
south_dominated OOB n=24 | RMSE=0.1735 | Bias=-0.0354 | FracRMSE=0.8500 | FracBias=-0.8500 | NoneBias=0.0000 | FullBias=0.0000
Low-gradient eligible OOB rows (gradient_p84 <= 4.0): 29 / 332
low_gradient_p84 OOB n=29 | RMSE=0.0511 | Bias=0.0052 | FracRMSE=0.1416 | FracBias=-0.1416 | NoneBias=0.0225 | FullBias=0.0000
5.19s

=== Bootstrap 256/1000 ===

Chosen filter -> Eg_strong/Eg_weak >= 1.18, data_quantity >= 13 | CV acc=0.9045, CV bin acc=0.9740, n_rows(dedup)=963 | OOB acc=0.9636, OOB bin acc=0.9848, n_rows_test(dedup)=330 |
OOB cameras: ['hyytiala', 'marcell_MN', 'queens', 'tammela', 'varrio', 'wslcreek']
OOB n=342 | RMSE=0.0629 | Bias=-0.0059 | FracRMSE=0.2701 | FracBias=-0.0076 | NoneBias=0.0053 | FullBias=-0.0174
Aspect split eligible OOB rows (north/south facing fraction threshold = 0.75): 46 / 342
north_dominated OOB n=40 | RMSE=0.0574 | Bias=0.0086 | FracRMSE=0.2568 | FracBias=0.1713 | NoneBias=0.0000 | FullBias=0.0000
south_dominated OOB n=6 | RMSE=0.0000 | Bias=0.0000 | FracRMSE=nan | FracBias=nan | NoneBias=nan | FullBias=0.0000
Low-gradient eligible OOB rows (gradient_p84 <= 4.0): 1 / 342
low_gradient_p84 OOB n=1 | RMSE=0.0000 | Bias=0.0000 | FracRMSE=nan | FracBias=nan | NoneBias=nan | FullBias=0.0000
5.7s

=== Bootstrap 257/1000 ===

Chosen filter -> Eg_strong/Eg_weak >= 1.28, data_quantity >= 14 | CV acc=0.9200, CV bin acc=0.9833, n_rows(dedup)=900 | OOB acc=0.9637, OOB bin acc=0.9849, n_rows_test(dedup)=331 |
OOB cameras: ['hyytiala', 'kenttarova', 'oregon_yp', 'queens', 'torgnon', 'wslcreek']
OOB n=367 | RMSE=0.1170 | Bias=0.0338 | FracRMSE=0.1701 | FracBias=-0.0624 | NoneBias=0.0717 | FullBias=-0.0258
Aspect split eligible OOB rows (north/south facing fraction threshold = 0.75): 61 / 367
north_dominated OOB n=44 | RMSE=0.0635 | Bias=0.0178 | FracRMSE=0.1287 | FracBias=0.0634 | NoneBias=0.0352 | FullBias=0.0000
south_dominated OOB n=17 | RMSE=0.0955 | Bias=-0.0150 | FracRMSE=0.1970 | FracBias=-0.0636 | NoneBias=0.0000 | FullBias=0.0000
Low-gradient eligible OOB rows (gradient_p84 <= 4.0): 106 / 367
low_gradient_p84 OOB n=106 | RMSE=0.1526 | Bias=0.0848 | FracRMSE=0.2164 | FracBias=-0.1506 | NoneBias=0.1116 | FullBias=0.0000
5.91s

=== Bootstrap 258/1000 ===

Chosen filter -> Eg_strong/Eg_weak >= 1.05, data_quantity >= 11 | CV acc=0.9376, CV bin acc=0.9873, n_rows(dedup)=1025 | OOB acc=0.8526, OOB bin acc=0.9509, n_rows_test(dedup)=346 |
OOB cameras: ['bartlett', 'delta_junction', 'queens', 'underc', 'varrio', 'willowcreek', 'wslcreek']
OOB n=410 | RMSE=0.2261 | Bias=-0.0191 | FracRMSE=0.4384 | FracBias=-0.1340 | NoneBias=0.0428 | FullBias=-0.0294
Aspect split eligible OOB rows (north/south facing fraction threshold = 0.75): 98 / 410
north_dominated OOB n=84 | RMSE=0.2429 | Bias=-0.0699 | FracRMSE=0.4823 | FracBias=-0.2864 | NoneBias=0.0000 | FullBias=-0.0222
south_dominated OOB n=14 | RMSE=0.3213 | Bias=-0.1214 | FracRMSE=0.8500 | FracBias=-0.8500 | NoneBias=0.0000 | FullBias=0.0000
Low-gradient eligible OOB rows (gradient_p84 <= 4.0): 28 / 410
low_gradient_p84 OOB n=28 | RMSE=0.1569 | Bias=-0.0494 | FracRMSE=0.2879 | FracBias=-0.1735 | NoneBias=0.0116 | FullBias=-0.0112
5.72s

=== Bootstrap 259/1000 ===

Chosen filter -> Eg_strong/Eg_weak >= 1.05, data_quantity >= 16 | CV acc=0.9200, CV bin acc=0.9888, n_rows(dedup)=1163 | OOB acc=0.8951, OOB bin acc=0.9410, n_rows_test(dedup)=305 |
OOB cameras: ['bartlett', 'glees', 'hyytiala', 'kenttarova', 'willowcreek', 'wslcreek']
OOB n=333 | RMSE=0.1899 | Bias=-0.0265 | FracRMSE=0.3487 | FracBias=-0.1356 | NoneBias=0.0299 | FullBias=-0.0704
Aspect split eligible OOB rows (north/south facing fraction threshold = 0.75): 88 / 333
north_dominated OOB n=54 | RMSE=0.2319 | Bias=-0.0608 | FracRMSE=0.3512 | FracBias=-0.1371 | NoneBias=0.0042 | FullBias=-0.0507
south_dominated OOB n=34 | RMSE=0.2073 | Bias=-0.0491 | FracRMSE=0.5389 | FracBias=-0.3146 | NoneBias=0.0000 | FullBias=-0.0044
Low-gradient eligible OOB rows (gradient_p84 <= 4.0): 12 / 333
low_gradient_p84 OOB n=12 | RMSE=0.1253 | Bias=-0.0166 | FracRMSE=0.0585 | FracBias=0.0585 | NoneBias=0.0335 | FullBias=-0.1295
6.37s

=== Bootstrap 260/1000 ===

Chosen filter -> Eg_strong/Eg_weak >= 1.05, data_quantity >= 17 | CV acc=0.9377, CV bin acc=0.9776, n_rows(dedup)=1028 | OOB acc=0.9530, OOB bin acc=0.9972, n_rows_test(dedup)=362 |
OOB cameras: ['delta_junction', 'kenttarova', 'oregon_yp', 'torgnon', 'varrio', 'wslcreek']
OOB n=430 | RMSE=0.1147 | Bias=0.0224 | FracRMSE=0.2316 | FracBias=-0.0306 | NoneBias=0.0550 | FullBias=-0.0028
Aspect split eligible OOB rows (north/south facing fraction threshold = 0.75): 112 / 430
north_dominated OOB n=96 | RMSE=0.1022 | Bias=-0.0007 | FracRMSE=0.2258 | FracBias=-0.0171 | NoneBias=0.0098 | FullBias=0.0000
south_dominated OOB n=16 | RMSE=0.0152 | Bias=0.0044 | FracRMSE=0.0430 | FracBias=0.0350 | NoneBias=0.0000 | FullBias=0.0000
Low-gradient eligible OOB rows (gradient_p84 <= 4.0): 125 / 430
low_gradient_p84 OOB n=125 | RMSE=0.1361 | Bias=0.0518 | FracRMSE=0.2179 | FracBias=-0.1066 | NoneBias=0.0828 | FullBias=0.0000
5.74s

=== Bootstrap 261/1000 ===

Chosen filter -> Eg_strong/Eg_weak >= 1.11, data_quantity >= 16 | CV acc=0.9314, CV bin acc=0.9759, n_rows(dedup)=1122 | OOB acc=0.9311, OOB bin acc=0.9902, n_rows_test(dedup)=305 |
OOB cameras: ['delta_junction', 'glees', 'lacclair', 'old_jack_pine', 'queens', 'tammela']
OOB n=383 | RMSE=0.1238 | Bias=-0.0049 | FracRMSE=0.2930 | FracBias=-0.0656 | NoneBias=0.0113 | FullBias=-0.0013
Aspect split eligible OOB rows (north/south facing fraction threshold = 0.75): 51 / 383
north_dominated OOB n=35 | RMSE=0.1739 | Bias=-0.0458 | FracRMSE=0.3102 | FracBias=-0.1457 | NoneBias=0.0000 | FullBias=0.0000
south_dominated OOB n=16 | RMSE=0.0044 | Bias=0.0011 | FracRMSE=nan | FracBias=nan | NoneBias=0.0059 | FullBias=0.0000
Low-gradient eligible OOB rows (gradient_p84 <= 4.0): 60 / 383
low_gradient_p84 OOB n=60 | RMSE=0.1358 | Bias=-0.0324 | FracRMSE=0.2807 | FracBias=-0.1448 | NoneBias=0.0026 | FullBias=0.0000
6.1s

=== Bootstrap 262/1000 ===

Chosen filter -> Eg_strong/Eg_weak >= 1.05, data_quantity >= 15 | CV acc=0.8399, CV bin acc=0.9436, n_rows(dedup)=656 | OOB acc=0.9524, OOB bin acc=0.9851, n_rows_test(dedup)=672 |
OOB cameras: ['bartlett', 'delta_junction', 'hyytiala', 'kenttarova', 'old_jack_pine', 'oregon_yp', 'sodankyla_full', 'tammela']
OOB n=765 | RMSE=0.1418 | Bias=0.0158 | FracRMSE=0.2874 | FracBias=-0.0599 | NoneBias=0.0484 | FullBias=-0.0242
Aspect split eligible OOB rows (north/south facing fraction threshold = 0.75): 97 / 765
north_dominated OOB n=76 | RMSE=0.2102 | Bias=-0.0402 | FracRMSE=0.3121 | FracBias=-0.0938 | NoneBias=0.0178 | FullBias=-0.0559
south_dominated OOB n=21 | RMSE=0.2627 | Bias=-0.0765 | FracRMSE=0.5384 | FracBias=-0.3214 | NoneBias=0.0000 | FullBias=0.0000
Low-gradient eligible OOB rows (gradient_p84 <= 4.0): 196 / 765
low_gradient_p84 OOB n=196 | RMSE=0.1477 | Bias=0.0684 | FracRMSE=0.2020 | FracBias=-0.0702 | NoneBias=0.1089 | FullBias=-0.0023
4.74s

=== Bootstrap 263/1000 ===

Chosen filter -> Eg_strong/Eg_weak >= 1.07, data_quantity >= 13 | CV acc=0.9449, CV bin acc=0.9748, n_rows(dedup)=1070 | OOB acc=0.8733, OOB bin acc=0.9658, n_rows_test(dedup)=292 |
OOB cameras: ['glees', 'kenttarova', 'old_jack_pine', 'torgnon', 'underc', 'underhill']
OOB n=344 | RMSE=0.1796 | Bias=0.0227 | FracRMSE=0.2589 | FracBias=0.0205 | NoneBias=0.0620 | FullBias=-0.0138
Aspect split eligible OOB rows (north/south facing fraction threshold = 0.75): 60 / 344
north_dominated OOB n=30 | RMSE=0.1053 | Bias=0.0262 | FracRMSE=0.0400 | FracBias=0.0314 | NoneBias=0.0708 | FullBias=0.0000
south_dominated OOB n=30 | RMSE=0.0299 | Bias=0.0058 | FracRMSE=0.0612 | FracBias=0.0106 | NoneBias=0.0190 | FullBias=0.0000
Low-gradient eligible OOB rows (gradient_p84 <= 4.0): 49 / 344
low_gradient_p84 OOB n=49 | RMSE=0.1133 | Bias=-0.0163 | FracRMSE=0.2795 | FracBias=-0.1084 | NoneBias=0.0023 | FullBias=0.0000
5.69s

=== Bootstrap 264/1000 ===

Chosen filter -> Eg_strong/Eg_weak >= 1.05, data_quantity >= 17 | CV acc=0.9325, CV bin acc=0.9772, n_rows(dedup)=1140 | OOB acc=0.8689, OOB bin acc=0.9563, n_rows_test(dedup)=183 |
OOB cameras: ['bartlett', 'delta_junction', 'lacclair', 'queens', 'tammela', 'torgnon']
OOB n=249 | RMSE=0.1872 | Bias=-0.0416 | FracRMSE=0.3938 | FracBias=-0.1782 | NoneBias=0.0000 | FullBias=-0.0249
Aspect split eligible OOB rows (north/south facing fraction threshold = 0.75): 56 / 249
north_dominated OOB n=44 | RMSE=0.3062 | Bias=-0.1226 | FracRMSE=0.4373 | FracBias=-0.2661 | NoneBias=0.0000 | FullBias=-0.1113
south_dominated OOB n=12 | RMSE=0.3470 | Bias=-0.1417 | FracRMSE=0.8500 | FracBias=-0.8500 | NoneBias=0.0000 | FullBias=0.0000
Low-gradient eligible OOB rows (gradient_p84 <= 4.0): 21 / 249
low_gradient_p84 OOB n=21 | RMSE=0.1355 | Bias=-0.0292 | FracRMSE=0.2195 | FracBias=-0.0768 | NoneBias=0.0000 | FullBias=0.0000
6.01s

=== Bootstrap 265/1000 ===

Chosen filter -> Eg_strong/Eg_weak >= 1.06, data_quantity >= 16 | CV acc=0.9536, CV bin acc=0.9875, n_rows(dedup)=1121 | OOB acc=0.8457, OOB bin acc=0.9486, n_rows_test(dedup)=175 |
OOB cameras: ['glees', 'queens', 'underc', 'underhill', 'willowcreek']
OOB n=189 | RMSE=0.2230 | Bias=0.0359 | FracRMSE=0.2781 | FracBias=-0.0078 | NoneBias=0.1133 | FullBias=-0.0287
Aspect split eligible OOB rows (north/south facing fraction threshold = 0.75): 16 / 189
north_dominated OOB n=2 | RMSE=0.3119 | Bias=0.2206 | FracRMSE=nan | FracBias=nan | NoneBias=0.4411 | FullBias=0.0000
south_dominated OOB n=14 | RMSE=0.0126 | Bias=0.0034 | FracRMSE=nan | FracBias=nan | NoneBias=0.0157 | FullBias=0.0000
Low-gradient eligible OOB rows (gradient_p84 <= 4.0): 4 / 189
low_gradient_p84 OOB n=4 | RMSE=0.2848 | Bias=0.0166 | FracRMSE=nan | FracBias=nan | NoneBias=0.2389 | FullBias=-0.2058
5.89s

=== Bootstrap 266/1000 ===

Chosen filter -> Eg_strong/Eg_weak >= 1.18, data_quantity >= 16 | CV acc=0.9456, CV bin acc=0.9898, n_rows(dedup)=882 | OOB acc=0.9180, OOB bin acc=0.9699, n_rows_test(dedup)=366 |
OOB cameras: ['hyytiala', 'lacclair', 'old_jack_pine', 'torgnon', 'underc', 'varrio', 'willowcreek']
OOB n=433 | RMSE=0.1628 | Bias=0.0095 | FracRMSE=0.3005 | FracBias=-0.0396 | NoneBias=0.0417 | FullBias=-0.0172
Aspect split eligible OOB rows (north/south facing fraction threshold = 0.75): 28 / 433
north_dominated OOB n=22 | RMSE=0.0000 | Bias=0.0000 | FracRMSE=nan | FracBias=nan | NoneBias=0.0000 | FullBias=0.0000
south_dominated OOB n=6 | RMSE=0.0000 | Bias=0.0000 | FracRMSE=nan | FracBias=nan | NoneBias=nan | FullBias=0.0000
Low-gradient eligible OOB rows (gradient_p84 <= 4.0): 41 / 433
low_gradient_p84 OOB n=41 | RMSE=0.1540 | Bias=-0.0248 | FracRMSE=0.3440 | FracBias=-0.2026 | NoneBias=0.0193 | FullBias=-0.0282
5.51s

=== Bootstrap 267/1000 ===

Chosen filter -> Eg_strong/Eg_weak >= 1.05, data_quantity >= 13 | CV acc=0.9111, CV bin acc=0.9835, n_rows(dedup)=1091 | OOB acc=0.9205, OOB bin acc=0.9801, n_rows_test(dedup)=453 |
OOB cameras: ['glees', 'old_jack_pine', 'oregon_yp', 'torgnon', 'underc', 'underhill', 'varrio']
OOB n=510 | RMSE=0.1577 | Bias=0.0229 | FracRMSE=0.2780 | FracBias=-0.0785 | NoneBias=0.0638 | FullBias=-0.0130
Aspect split eligible OOB rows (north/south facing fraction threshold = 0.75): 47 / 510
north_dominated OOB n=26 | RMSE=0.0716 | Bias=0.0140 | FracRMSE=nan | FracBias=nan | NoneBias=0.0456 | FullBias=0.0000
south_dominated OOB n=21 | RMSE=0.0649 | Bias=-0.0085 | FracRMSE=0.2874 | FracBias=-0.2874 | NoneBias=0.0270 | FullBias=0.0000
Low-gradient eligible OOB rows (gradient_p84 <= 4.0): 141 / 510
low_gradient_p84 OOB n=141 | RMSE=0.1345 | Bias=0.0346 | FracRMSE=0.2794 | FracBias=-0.2026 | NoneBias=0.0659 | FullBias=0.0000
5.67s

=== Bootstrap 268/1000 ===

Chosen filter -> Eg_strong/Eg_weak >= 1.05, data_quantity >= 16 | CV acc=0.9099, CV bin acc=0.9709, n_rows(dedup)=755 | OOB acc=0.9538, OOB bin acc=0.9769, n_rows_test(dedup)=519 |
OOB cameras: ['bartlett', 'delta_junction', 'hyytiala', 'lacclair', 'old_jack_pine', 'sodankyla_full', 'tammela', 'wslcreek']
OOB n=610 | RMSE=0.1555 | Bias=-0.0119 | FracRMSE=0.3984 | FracBias=-0.0869 | NoneBias=0.0056 | FullBias=-0.0130
Aspect split eligible OOB rows (north/south facing fraction threshold = 0.75): 80 / 610
north_dominated OOB n=68 | RMSE=0.2843 | Bias=-0.0735 | FracRMSE=0.4674 | FracBias=-0.1873 | NoneBias=0.0000 | FullBias=-0.0606
south_dominated OOB n=12 | RMSE=0.3470 | Bias=-0.1417 | FracRMSE=0.8500 | FracBias=-0.8500 | NoneBias=0.0000 | FullBias=0.0000
Low-gradient eligible OOB rows (gradient_p84 <= 4.0): 89 / 610
low_gradient_p84 OOB n=89 | RMSE=0.1177 | Bias=-0.0035 | FracRMSE=0.2860 | FracBias=-0.0259 | NoneBias=0.0016 | FullBias=0.0000
4.99s

=== Bootstrap 269/1000 ===

Chosen filter -> Eg_strong/Eg_weak >= 1.05, data_quantity >= 17 | CV acc=0.9239, CV bin acc=0.9839, n_rows(dedup)=933 | OOB acc=0.8913, OOB bin acc=0.9696, n_rows_test(dedup)=460 |
OOB cameras: ['bartlett', 'delta_junction', 'kenttarova', 'marcell_MN', 'queens', 'sodankyla_full', 'underc', 'willowcreek', 'wslcreek']
OOB n=533 | RMSE=0.1749 | Bias=-0.0158 | FracRMSE=0.3277 | FracBias=-0.1082 | NoneBias=0.0308 | FullBias=-0.0284
Aspect split eligible OOB rows (north/south facing fraction threshold = 0.75): 113 / 533
north_dominated OOB n=91 | RMSE=0.2015 | Bias=-0.0531 | FracRMSE=0.3387 | FracBias=-0.1555 | NoneBias=0.0000 | FullBias=-0.0321
south_dominated OOB n=22 | RMSE=0.2566 | Bias=-0.0741 | FracRMSE=0.6018 | FracBias=-0.4075 | NoneBias=0.0000 | FullBias=0.0000
Low-gradient eligible OOB rows (gradient_p84 <= 4.0): 60 / 533
low_gradient_p84 OOB n=60 | RMSE=0.1069 | Bias=-0.0195 | FracRMSE=0.2033 | FracBias=-0.0944 | NoneBias=0.0148 | FullBias=-0.0256
5.55s

=== Bootstrap 270/1000 ===

Chosen filter -> Eg_strong/Eg_weak >= 1.11, data_quantity >= 16 | CV acc=0.9205, CV bin acc=0.9670, n_rows(dedup)=969 | OOB acc=0.9302, OOB bin acc=0.9709, n_rows_test(dedup)=172 |
OOB cameras: ['glees', 'hyytiala', 'wslcreek']
OOB n=175 | RMSE=0.0829 | Bias=0.0012 | FracRMSE=0.1997 | FracBias=0.1434 | NoneBias=0.0212 | FullBias=-0.0296
Aspect split eligible OOB rows (north/south facing fraction threshold = 0.75): 32 / 175
north_dominated OOB n=18 | RMSE=0.0755 | Bias=0.0166 | FracRMSE=0.2265 | FracBias=0.1498 | NoneBias=nan | FullBias=0.0000
south_dominated OOB n=14 | RMSE=0.0242 | Bias=0.0091 | FracRMSE=nan | FracBias=nan | NoneBias=0.0423 | FullBias=0.0000
Low-gradient eligible OOB rows (gradient_p84 <= 4.0): 0 / 175
low_gradient_p84 OOB n=0 | RMSE=nan | Bias=nan | FracRMSE=nan | FracBias=nan | NoneBias=nan | FullBias=nan
5.42s

=== Bootstrap 271/1000 ===

Chosen filter -> Eg_strong/Eg_weak >= 1.27, data_quantity >= 13 | CV acc=0.9273, CV bin acc=0.9731, n_rows(dedup)=1114 | OOB acc=0.9034, OOB bin acc=0.9897, n_rows_test(dedup)=290 |
OOB cameras: ['bartlett', 'delta_junction', 'glees', 'marcell_MN', 'old_jack_pine', 'queens']
OOB n=348 | RMSE=0.1592 | Bias=-0.0188 | FracRMSE=0.3609 | FracBias=-0.1151 | NoneBias=0.0096 | FullBias=-0.0077
Aspect split eligible OOB rows (north/south facing fraction threshold = 0.75): 61 / 348
north_dominated OOB n=40 | RMSE=0.2707 | Bias=-0.1081 | FracRMSE=0.4420 | FracBias=-0.2882 | NoneBias=0.0000 | FullBias=0.0000
south_dominated OOB n=21 | RMSE=0.1855 | Bias=-0.0405 | FracRMSE=0.8500 | FracBias=-0.8500 | NoneBias=0.0000 | FullBias=0.0000
Low-gradient eligible OOB rows (gradient_p84 <= 4.0): 62 / 348
low_gradient_p84 OOB n=62 | RMSE=0.1342 | Bias=-0.0331 | FracRMSE=0.2822 | FracBias=-0.1472 | NoneBias=0.0011 | FullBias=-0.0016
6.03s

=== Bootstrap 272/1000 ===

Chosen filter -> Eg_strong/Eg_weak >= 1.12, data_quantity >= 17 | CV acc=0.9371, CV bin acc=0.9835, n_rows(dedup)=970 | OOB acc=0.9342, OOB bin acc=0.9712, n_rows_test(dedup)=243 |
OOB cameras: ['queens', 'sodankyla_full', 'tammela', 'willowcreek']
OOB n=245 | RMSE=0.1536 | Bias=0.0057 | FracRMSE=0.2776 | FracBias=-0.2732 | NoneBias=0.0385 | FullBias=-0.0371
Aspect split eligible OOB rows (north/south facing fraction threshold = 0.75): 8 / 245
north_dominated OOB n=6 | RMSE=0.0000 | Bias=0.0000 | FracRMSE=nan | FracBias=nan | NoneBias=0.0000 | FullBias=0.0000
south_dominated OOB n=2 | RMSE=0.0000 | Bias=0.0000 | FracRMSE=nan | FracBias=nan | NoneBias=0.0000 | FullBias=0.0000
Low-gradient eligible OOB rows (gradient_p84 <= 4.0): 32 / 245
low_gradient_p84 OOB n=32 | RMSE=0.1282 | Bias=-0.0046 | FracRMSE=0.2239 | FracBias=-0.2239 | NoneBias=0.0499 | FullBias=-0.0419
5.67s

=== Bootstrap 273/1000 ===

Chosen filter -> Eg_strong/Eg_weak >= 1.28, data_quantity >= 14 | CV acc=0.8929, CV bin acc=0.9934, n_rows(dedup)=607 | OOB acc=0.9653, OOB bin acc=0.9749, n_rows_test(dedup)=518 |
OOB cameras: ['bartlett', 'hyytiala', 'kenttarova', 'lacclair', 'old_jack_pine', 'oregon_yp', 'varrio', 'willowcreek']
OOB n=610 | RMSE=0.1567 | Bias=0.0112 | FracRMSE=0.2716 | FracBias=-0.1174 | NoneBias=0.0659 | FullBias=-0.0425
Aspect split eligible OOB rows (north/south facing fraction threshold = 0.75): 77 / 610
north_dominated OOB n=55 | RMSE=0.1531 | Bias=-0.0292 | FracRMSE=0.3551 | FracBias=-0.1685 | NoneBias=0.0141 | FullBias=-0.0028
south_dominated OOB n=22 | RMSE=0.1831 | Bias=-0.0424 | FracRMSE=0.4278 | FracBias=-0.2141 | NoneBias=0.0000 | FullBias=-0.0051
Low-gradient eligible OOB rows (gradient_p84 <= 4.0): 150 / 610
low_gradient_p84 OOB n=150 | RMSE=0.1529 | Bias=0.0609 | FracRMSE=0.2359 | FracBias=-0.1728 | NoneBias=0.1062 | FullBias=-0.0608
4.92s

=== Bootstrap 274/1000 ===

Chosen filter -> Eg_strong/Eg_weak >= 1.05, data_quantity >= 17 | CV acc=0.9408, CV bin acc=0.9806, n_rows(dedup)=1031 | OOB acc=0.9071, OOB bin acc=0.9735, n_rows_test(dedup)=226 |
OOB cameras: ['hyytiala', 'marcell_MN', 'queens', 'underc', 'underhill']
OOB n=244 | RMSE=0.1351 | Bias=0.0068 | FracRMSE=0.2629 | FracBias=-0.0428 | NoneBias=0.0297 | FullBias=-0.0209
Aspect split eligible OOB rows (north/south facing fraction threshold = 0.75): 3 / 244
north_dominated OOB n=2 | RMSE=0.2789 | Bias=0.1972 | FracRMSE=nan | FracBias=nan | NoneBias=0.3944 | FullBias=0.0000
south_dominated OOB n=1 | RMSE=0.0000 | Bias=0.0000 | FracRMSE=nan | FracBias=nan | NoneBias=nan | FullBias=0.0000
Low-gradient eligible OOB rows (gradient_p84 <= 4.0): 0 / 244
low_gradient_p84 OOB n=0 | RMSE=nan | Bias=nan | FracRMSE=nan | FracBias=nan | NoneBias=nan | FullBias=nan
5.8s

=== Bootstrap 275/1000 ===

Chosen filter -> Eg_strong/Eg_weak >= 1.26, data_quantity >= 9 | CV acc=0.9476, CV bin acc=0.9878, n_rows(dedup)=1069 | OOB acc=0.9213, OOB bin acc=0.9663, n_rows_test(dedup)=356 |
OOB cameras: ['delta_junction', 'hyytiala', 'kenttarova', 'queens', 'varrio', 'willowcreek']
OOB n=411 | RMSE=0.1453 | Bias=0.0057 | FracRMSE=0.2523 | FracBias=0.0182 | NoneBias=0.0293 | FullBias=-0.0232
Aspect split eligible OOB rows (north/south facing fraction threshold = 0.75): 98 / 411
north_dominated OOB n=81 | RMSE=0.1160 | Bias=-0.0158 | FracRMSE=0.2396 | FracBias=-0.0674 | NoneBias=0.0000 | FullBias=0.0000
south_dominated OOB n=17 | RMSE=0.0207 | Bias=0.0076 | FracRMSE=0.0493 | FracBias=0.0433 | NoneBias=0.0000 | FullBias=0.0000
Low-gradient eligible OOB rows (gradient_p84 <= 4.0): 37 / 411
low_gradient_p84 OOB n=37 | RMSE=0.1377 | Bias=-0.0136 | FracRMSE=0.1983 | FracBias=-0.0533 | NoneBias=0.0325 | FullBias=-0.0327
5.92s

=== Bootstrap 276/1000 ===

Chosen filter -> Eg_strong/Eg_weak >= 1.05, data_quantity >= 14 | CV acc=0.9441, CV bin acc=0.9737, n_rows(dedup)=913 | OOB acc=0.8750, OOB bin acc=0.9639, n_rows_test(dedup)=416 |
OOB cameras: ['bartlett', 'delta_junction', 'glees', 'hyytiala', 'sodankyla_full', 'underc']
OOB n=470 | RMSE=0.1581 | Bias=-0.0161 | FracRMSE=0.3785 | FracBias=-0.1161 | NoneBias=0.0129 | FullBias=-0.0217
Aspect split eligible OOB rows (north/south facing fraction threshold = 0.75): 72 / 470
north_dominated OOB n=48 | RMSE=0.2856 | Bias=-0.1027 | FracRMSE=0.4334 | FracBias=-0.2426 | NoneBias=0.0000 | FullBias=-0.1023
south_dominated OOB n=24 | RMSE=0.2454 | Bias=-0.0708 | FracRMSE=0.8500 | FracBias=-0.8500 | NoneBias=0.0000 | FullBias=0.0000
Low-gradient eligible OOB rows (gradient_p84 <= 4.0): 52 / 470
low_gradient_p84 OOB n=52 | RMSE=0.0921 | Bias=-0.0055 | FracRMSE=0.2144 | FracBias=-0.0502 | NoneBias=0.0078 | FullBias=0.0000
5.16s

=== Bootstrap 277/1000 ===

Chosen filter -> Eg_strong/Eg_weak >= 1.05, data_quantity >= 16 | CV acc=0.9007, CV bin acc=0.9813, n_rows(dedup)=1067 | OOB acc=0.9565, OOB bin acc=0.9783, n_rows_test(dedup)=368 |
OOB cameras: ['hyytiala', 'kenttarova', 'marcell_MN', 'queens', 'tammela', 'underhill', 'varrio']
OOB n=395 | RMSE=0.0854 | Bias=-0.0057 | FracRMSE=0.1364 | FracBias=-0.0105 | NoneBias=0.0092 | FullBias=-0.0250
Aspect split eligible OOB rows (north/south facing fraction threshold = 0.75): 65 / 395
north_dominated OOB n=49 | RMSE=0.0424 | Bias=0.0110 | FracRMSE=0.0400 | FracBias=0.0314 | NoneBias=0.0227 | FullBias=0.0000
south_dominated OOB n=16 | RMSE=0.0164 | Bias=0.0029 | FracRMSE=0.0378 | FracBias=0.0152 | NoneBias=0.0000 | FullBias=0.0000
Low-gradient eligible OOB rows (gradient_p84 <= 4.0): 8 / 395
low_gradient_p84 OOB n=8 | RMSE=0.0229 | Bias=0.0045 | FracRMSE=0.0458 | FracBias=0.0178 | NoneBias=0.0000 | FullBias=0.0000
5.81s

=== Bootstrap 278/1000 ===

Chosen filter -> Eg_strong/Eg_weak >= 1.05, data_quantity >= 9 | CV acc=0.8977, CV bin acc=0.9765, n_rows(dedup)=1105 | OOB acc=0.8880, OOB bin acc=0.9720, n_rows_test(dedup)=357 |
OOB cameras: ['kenttarova', 'lacclair', 'marcell_MN', 'old_jack_pine', 'underc', 'underhill', 'wslcreek']
OOB n=450 | RMSE=0.1521 | Bias=0.0036 | FracRMSE=0.2370 | FracBias=-0.0201 | NoneBias=0.0420 | FullBias=-0.0170
Aspect split eligible OOB rows (north/south facing fraction threshold = 0.75): 71 / 450
north_dominated OOB n=53 | RMSE=0.0900 | Bias=0.0234 | FracRMSE=0.1406 | FracBias=0.0687 | NoneBias=0.0693 | FullBias=0.0000
south_dominated OOB n=18 | RMSE=0.0170 | Bias=0.0060 | FracRMSE=0.0417 | FracBias=0.0363 | NoneBias=0.0000 | FullBias=0.0000
Low-gradient eligible OOB rows (gradient_p84 <= 4.0): 51 / 450
low_gradient_p84 OOB n=51 | RMSE=0.1144 | Bias=-0.0183 | FracRMSE=0.2807 | FracBias=-0.1449 | NoneBias=0.0096 | FullBias=-0.0057
5.74s

=== Bootstrap 279/1000 ===

Chosen filter -> Eg_strong/Eg_weak >= 1.06, data_quantity >= 14 | CV acc=0.9556, CV bin acc=0.9866, n_rows(dedup)=1193 | OOB acc=0.8644, OOB bin acc=0.9424, n_rows_test(dedup)=295 |
OOB cameras: ['bartlett', 'glees', 'kenttarova', 'tammela', 'underc', 'willowcreek']
OOB n=333 | RMSE=0.1967 | Bias=-0.0136 | FracRMSE=0.3484 | FracBias=-0.1313 | NoneBias=0.0438 | FullBias=-0.0421
Aspect split eligible OOB rows (north/south facing fraction threshold = 0.75): 71 / 333
north_dominated OOB n=36 | RMSE=0.2595 | Bias=-0.0827 | FracRMSE=0.3672 | FracBias=-0.1700 | NoneBias=0.0000 | FullBias=-0.0751
south_dominated OOB n=35 | RMSE=0.2035 | Bias=-0.0457 | FracRMSE=0.5384 | FracBias=-0.3202 | NoneBias=0.0000 | FullBias=0.0000
Low-gradient eligible OOB rows (gradient_p84 <= 4.0): 12 / 333
low_gradient_p84 OOB n=12 | RMSE=0.1441 | Bias=-0.0157 | FracRMSE=0.0471 | FracBias=0.0444 | NoneBias=0.0473 | FullBias=-0.1401
6.2s

=== Bootstrap 280/1000 ===

Chosen filter -> Eg_strong/Eg_weak >= 1.05, data_quantity >= 17 | CV acc=0.9290, CV bin acc=0.9670, n_rows(dedup)=789 | OOB acc=0.9201, OOB bin acc=0.9758, n_rows_test(dedup)=413 |
OOB cameras: ['bartlett', 'lacclair', 'marcell_MN', 'old_jack_pine', 'sodankyla_full', 'tammela', 'underc']
OOB n=487 | RMSE=0.1646 | Bias=-0.0152 | FracRMSE=0.4016 | FracBias=-0.1643 | NoneBias=0.0159 | FullBias=-0.0120
Aspect split eligible OOB rows (north/south facing fraction threshold = 0.75): 28 / 487
north_dominated OOB n=17 | RMSE=0.4300 | Bias=-0.2286 | FracRMSE=0.7471 | FracBias=-0.7336 | NoneBias=0.0000 | FullBias=-0.2106
south_dominated OOB n=11 | RMSE=0.3624 | Bias=-0.1545 | FracRMSE=0.8500 | FracBias=-0.8500 | NoneBias=0.0000 | FullBias=0.0000
Low-gradient eligible OOB rows (gradient_p84 <= 4.0): 66 / 487
low_gradient_p84 OOB n=66 | RMSE=0.1029 | Bias=-0.0114 | FracRMSE=0.3396 | FracBias=-0.1388 | NoneBias=0.0021 | FullBias=0.0000
5.05s

=== Bootstrap 281/1000 ===

Chosen filter -> Eg_strong/Eg_weak >= 1.05, data_quantity >= 17 | CV acc=0.9497, CV bin acc=0.9874, n_rows(dedup)=1194 | OOB acc=0.8912, OOB bin acc=0.9378, n_rows_test(dedup)=193 |
OOB cameras: ['bartlett', 'delta_junction', 'lacclair', 'underhill', 'willowcreek', 'wslcreek']
OOB n=262 | RMSE=0.2338 | Bias=-0.0273 | FracRMSE=0.3880 | FracBias=-0.1643 | NoneBias=0.0606 | FullBias=-0.0352
Aspect split eligible OOB rows (north/south facing fraction threshold = 0.75): 75 / 262
north_dominated OOB n=64 | RMSE=0.2478 | Bias=-0.0803 | FracRMSE=0.4168 | FracBias=-0.2353 | NoneBias=0.0009 | FullBias=-0.0434
south_dominated OOB n=11 | RMSE=0.3624 | Bias=-0.1545 | FracRMSE=0.8500 | FracBias=-0.8500 | NoneBias=0.0000 | FullBias=0.0000
Low-gradient eligible OOB rows (gradient_p84 <= 4.0): 25 / 262
low_gradient_p84 OOB n=25 | RMSE=0.1463 | Bias=-0.0438 | FracRMSE=0.2276 | FracBias=-0.1068 | NoneBias=0.0183 | FullBias=-0.0508
6.4s

=== Bootstrap 282/1000 ===

Chosen filter -> Eg_strong/Eg_weak >= 1.05, data_quantity >= 15 | CV acc=0.9128, CV bin acc=0.9818, n_rows(dedup)=826 | OOB acc=0.9436, OOB bin acc=0.9826, n_rows_test(dedup)=461 |
OOB cameras: ['bartlett', 'hyytiala', 'oregon_yp', 'sodankyla_full', 'underhill', 'varrio']
OOB n=493 | RMSE=0.1459 | Bias=0.0114 | FracRMSE=0.3810 | FracBias=-0.2772 | NoneBias=0.0569 | FullBias=-0.0325
Aspect split eligible OOB rows (north/south facing fraction threshold = 0.75): 54 / 493
north_dominated OOB n=41 | RMSE=0.2426 | Bias=-0.0769 | FracRMSE=0.6248 | FracBias=-0.6138 | NoneBias=0.0164 | FullBias=-0.0641
south_dominated OOB n=13 | RMSE=0.3335 | Bias=-0.1326 | FracRMSE=0.8500 | FracBias=-0.8500 | NoneBias=0.0000 | FullBias=-0.0029
Low-gradient eligible OOB rows (gradient_p84 <= 4.0): 126 / 493
low_gradient_p84 OOB n=126 | RMSE=0.1485 | Bias=0.0801 | FracRMSE=0.2269 | FracBias=-0.1921 | NoneBias=0.1148 | FullBias=0.0000
5.27s

=== Bootstrap 283/1000 ===

Chosen filter -> Eg_strong/Eg_weak >= 1.05, data_quantity >= 16 | CV acc=0.9377, CV bin acc=0.9639, n_rows(dedup)=1107 | OOB acc=0.8707, OOB bin acc=0.9592, n_rows_test(dedup)=147 |
OOB cameras: ['bartlett', 'delta_junction', 'queens', 'torgnon', 'wslcreek']
OOB n=186 | RMSE=0.2228 | Bias=-0.0400 | FracRMSE=0.4261 | FracBias=-0.1260 | NoneBias=0.0000 | FullBias=-0.0283
Aspect split eligible OOB rows (north/south facing fraction threshold = 0.75): 71 / 186
north_dominated OOB n=60 | RMSE=0.2859 | Bias=-0.0839 | FracRMSE=0.4450 | FracBias=-0.1987 | NoneBias=0.0000 | FullBias=-0.0640
south_dominated OOB n=11 | RMSE=0.3624 | Bias=-0.1545 | FracRMSE=0.8500 | FracBias=-0.8500 | NoneBias=0.0000 | FullBias=0.0000
Low-gradient eligible OOB rows (gradient_p84 <= 4.0): 22 / 186
low_gradient_p84 OOB n=22 | RMSE=0.1502 | Bias=-0.0071 | FracRMSE=0.2491 | FracBias=-0.0195 | NoneBias=0.0000 | FullBias=0.0000
5.76s

=== Bootstrap 284/1000 ===

Chosen filter -> Eg_strong/Eg_weak >= 1.05, data_quantity >= 14 | CV acc=0.9022, CV bin acc=0.9722, n_rows(dedup)=900 | OOB acc=0.9501, OOB bin acc=0.9795, n_rows_test(dedup)=341 |
OOB cameras: ['bartlett', 'glees', 'kenttarova', 'oregon_yp', 'tammela', 'underhill']
OOB n=381 | RMSE=0.1590 | Bias=0.0149 | FracRMSE=0.3068 | FracBias=-0.1618 | NoneBias=0.0659 | FullBias=-0.0351
Aspect split eligible OOB rows (north/south facing fraction threshold = 0.75): 76 / 381
north_dominated OOB n=40 | RMSE=0.2471 | Bias=-0.0704 | FracRMSE=0.3420 | FracBias=-0.1617 | NoneBias=0.0315 | FullBias=-0.0814
south_dominated OOB n=36 | RMSE=0.2009 | Bias=-0.0427 | FracRMSE=0.5389 | FracBias=-0.3140 | NoneBias=0.0044 | FullBias=-0.0001
Low-gradient eligible OOB rows (gradient_p84 <= 4.0): 106 / 381
low_gradient_p84 OOB n=106 | RMSE=0.1542 | Bias=0.0844 | FracRMSE=0.2232 | FracBias=-0.1544 | NoneBias=0.1116 | FullBias=0.0000
5.34s

=== Bootstrap 285/1000 ===

Chosen filter -> Eg_strong/Eg_weak >= 1.05, data_quantity >= 17 | CV acc=0.9427, CV bin acc=0.9875, n_rows(dedup)=1116 | OOB acc=0.9264, OOB bin acc=0.9699, n_rows_test(dedup)=299 |
OOB cameras: ['delta_junction', 'kenttarova', 'queens', 'tammela', 'underhill', 'willowcreek', 'wslcreek']
OOB n=346 | RMSE=0.1613 | Bias=0.0085 | FracRMSE=0.2384 | FracBias=0.0054 | NoneBias=0.0383 | FullBias=-0.0243
Aspect split eligible OOB rows (north/south facing fraction threshold = 0.75): 91 / 346
north_dominated OOB n=78 | RMSE=0.1215 | Bias=-0.0068 | FracRMSE=0.2345 | FracBias=-0.0490 | NoneBias=0.0199 | FullBias=0.0000
south_dominated OOB n=13 | RMSE=0.0169 | Bias=0.0054 | FracRMSE=0.0430 | FracBias=0.0350 | NoneBias=0.0000 | FullBias=0.0000
Low-gradient eligible OOB rows (gradient_p84 <= 4.0): 32 / 346
low_gradient_p84 OOB n=32 | RMSE=0.1422 | Bias=-0.0207 | FracRMSE=0.1856 | FracBias=-0.0495 | NoneBias=0.0297 | FullBias=-0.0603
5.89s

=== Bootstrap 286/1000 ===

Chosen filter -> Eg_strong/Eg_weak >= 1.05, data_quantity >= 15 | CV acc=0.9526, CV bin acc=0.9839, n_rows(dedup)=1119 | OOB acc=0.8902, OOB bin acc=0.9797, n_rows_test(dedup)=246 |
OOB cameras: ['delta_junction', 'old_jack_pine', 'torgnon', 'underc', 'underhill']
OOB n=310 | RMSE=0.2073 | Bias=0.0228 | FracRMSE=0.3771 | FracBias=0.0366 | NoneBias=0.0354 | FullBias=-0.0011
Aspect split eligible OOB rows (north/south facing fraction threshold = 0.75): 38 / 310
north_dominated OOB n=36 | RMSE=0.2280 | Bias=-0.0139 | FracRMSE=0.4004 | FracBias=-0.0754 | NoneBias=0.0234 | FullBias=0.0000
south_dominated OOB n=2 | RMSE=0.0000 | Bias=0.0000 | FracRMSE=nan | FracBias=nan | NoneBias=0.0000 | FullBias=0.0000
Low-gradient eligible OOB rows (gradient_p84 <= 4.0): 62 / 310
low_gradient_p84 OOB n=62 | RMSE=0.1530 | Bias=-0.0059 | FracRMSE=0.3219 | FracBias=-0.0260 | NoneBias=0.0000 | FullBias=0.0000
5.78s

=== Bootstrap 287/1000 ===

Chosen filter -> Eg_strong/Eg_weak >= 1.30, data_quantity >= 16 | CV acc=0.9006, CV bin acc=0.9813, n_rows(dedup)=694 | OOB acc=0.9458, OOB bin acc=0.9940, n_rows_test(dedup)=498 |
OOB cameras: ['bartlett', 'delta_junction', 'kenttarova', 'marcell_MN', 'oregon_yp', 'queens', 'sodankyla_full', 'tammela', 'torgnon']
OOB n=568 | RMSE=0.1251 | Bias=0.0123 | FracRMSE=0.2659 | FracBias=-0.0869 | NoneBias=0.0510 | FullBias=-0.0130
Aspect split eligible OOB rows (north/south facing fraction threshold = 0.75): 91 / 568
north_dominated OOB n=71 | RMSE=0.1793 | Bias=-0.0305 | FracRMSE=0.3264 | FracBias=-0.1189 | NoneBias=0.0139 | FullBias=-0.0002
south_dominated OOB n=20 | RMSE=0.1907 | Bias=-0.0413 | FracRMSE=0.4262 | FracBias=-0.1992 | NoneBias=0.0000 | FullBias=-0.0025
Low-gradient eligible OOB rows (gradient_p84 <= 4.0): 156 / 568
low_gradient_p84 OOB n=156 | RMSE=0.1370 | Bias=0.0639 | FracRMSE=0.1940 | FracBias=-0.0824 | NoneBias=0.1002 | FullBias=0.0000
5.01s

=== Bootstrap 288/1000 ===

Chosen filter -> Eg_strong/Eg_weak >= 1.18, data_quantity >= 15 | CV acc=0.9242, CV bin acc=0.9785, n_rows(dedup)=792 | OOB acc=0.8934, OOB bin acc=0.9856, n_rows_test(dedup)=347 |
OOB cameras: ['hyytiala', 'kenttarova', 'queens', 'sodankyla_full', 'varrio']
OOB n=372 | RMSE=0.0730 | Bias=-0.0064 | FracRMSE=0.0975 | FracBias=-0.0048 | NoneBias=0.0088 | FullBias=-0.0226
Aspect split eligible OOB rows (north/south facing fraction threshold = 0.75): 72 / 372
north_dominated OOB n=55 | RMSE=0.0186 | Bias=0.0053 | FracRMSE=0.0400 | FracBias=0.0314 | NoneBias=0.0052 | FullBias=-0.0005
south_dominated OOB n=17 | RMSE=0.0181 | Bias=0.0016 | FracRMSE=0.0431 | FracBias=0.0089 | NoneBias=0.0000 | FullBias=0.0000
Low-gradient eligible OOB rows (gradient_p84 <= 4.0): 36 / 372
low_gradient_p84 OOB n=36 | RMSE=0.0586 | Bias=0.0049 | FracRMSE=0.1358 | FracBias=-0.0689 | NoneBias=0.0226 | FullBias=0.0000
4.98s

=== Bootstrap 289/1000 ===

Chosen filter -> Eg_strong/Eg_weak >= 1.05, data_quantity >= 14 | CV acc=0.9020, CV bin acc=0.9684, n_rows(dedup)=1204 | OOB acc=0.9228, OOB bin acc=0.9559, n_rows_test(dedup)=272 |
OOB cameras: ['bartlett', 'lacclair', 'oregon_yp', 'queens', 'tammela', 'torgnon', 'underhill']
OOB n=327 | RMSE=0.1725 | Bias=0.0135 | FracRMSE=0.3647 | FracBias=-0.2767 | NoneBias=0.0743 | FullBias=-0.0327
Aspect split eligible OOB rows (north/south facing fraction threshold = 0.75): 29 / 327
north_dominated OOB n=15 | RMSE=0.4000 | Bias=-0.2119 | FracRMSE=0.6205 | FracBias=-0.6120 | NoneBias=0.0499 | FullBias=-0.1927
south_dominated OOB n=14 | RMSE=0.3446 | Bias=-0.1581 | FracRMSE=0.7438 | FracBias=-0.7211 | NoneBias=0.0000 | FullBias=-0.0055
Low-gradient eligible OOB rows (gradient_p84 <= 4.0): 98 / 327
low_gradient_p84 OOB n=98 | RMSE=0.1618 | Bias=0.0970 | FracRMSE=0.2343 | FracBias=-0.1981 | NoneBias=0.1232 | FullBias=nan
6.47s

=== Bootstrap 290/1000 ===

Chosen filter -> Eg_strong/Eg_weak >= 1.06, data_quantity >= 10 | CV acc=0.9503, CV bin acc=0.9817, n_rows(dedup)=1369 | OOB acc=0.8346, OOB bin acc=0.9474, n_rows_test(dedup)=266 |
OOB cameras: ['bartlett', 'glees', 'tammela', 'torgnon', 'underc', 'underhill', 'wslcreek']
OOB n=293 | RMSE=0.2074 | Bias=-0.0226 | FracRMSE=0.4423 | FracBias=-0.2347 | NoneBias=0.0452 | FullBias=-0.0342
Aspect split eligible OOB rows (north/south facing fraction threshold = 0.75): 63 / 293
north_dominated OOB n=32 | RMSE=0.3186 | Bias=-0.1137 | FracRMSE=0.5830 | FracBias=-0.4110 | NoneBias=0.0567 | FullBias=-0.0636
south_dominated OOB n=31 | RMSE=0.2246 | Bias=-0.0660 | FracRMSE=0.7220 | FracBias=-0.6815 | NoneBias=0.0000 | FullBias=0.0000
Low-gradient eligible OOB rows (gradient_p84 <= 4.0): 0 / 293
low_gradient_p84 OOB n=0 | RMSE=nan | Bias=nan | FracRMSE=nan | FracBias=nan | NoneBias=nan | FullBias=nan
6.7s

=== Bootstrap 291/1000 ===

Chosen filter -> Eg_strong/Eg_weak >= 1.09, data_quantity >= 16 | CV acc=0.9436, CV bin acc=0.9801, n_rows(dedup)=957 | OOB acc=0.9431, OOB bin acc=0.9731, n_rows_test(dedup)=334 |
OOB cameras: ['glees', 'kenttarova', 'old_jack_pine', 'tammela', 'torgnon', 'underhill', 'willowcreek']
OOB n=370 | RMSE=0.1717 | Bias=0.0230 | FracRMSE=0.2338 | FracBias=-0.0051 | NoneBias=0.0575 | FullBias=-0.0160
Aspect split eligible OOB rows (north/south facing fraction threshold = 0.75): 55 / 370
north_dominated OOB n=29 | RMSE=0.1118 | Bias=0.0280 | FracRMSE=0.0400 | FracBias=0.0314 | NoneBias=0.0741 | FullBias=0.0000
south_dominated OOB n=26 | RMSE=0.0339 | Bias=0.0125 | FracRMSE=0.0493 | FracBias=0.0433 | NoneBias=0.0326 | FullBias=0.0000
Low-gradient eligible OOB rows (gradient_p84 <= 4.0): 50 / 370
low_gradient_p84 OOB n=50 | RMSE=0.1498 | Bias=-0.0129 | FracRMSE=0.2904 | FracBias=-0.1302 | NoneBias=0.0233 | FullBias=-0.0251
5.45s

=== Bootstrap 292/1000 ===

Chosen filter -> Eg_strong/Eg_weak >= 1.20, data_quantity >= 12 | CV acc=0.9040, CV bin acc=0.9738, n_rows(dedup)=802 | OOB acc=0.9368, OOB bin acc=0.9695, n_rows_test(dedup)=459 |
OOB cameras: ['bartlett', 'lacclair', 'old_jack_pine', 'oregon_yp', 'tammela', 'underc', 'varrio']
OOB n=552 | RMSE=0.1556 | Bias=-0.0133 | FracRMSE=0.3847 | FracBias=-0.1704 | NoneBias=0.0166 | FullBias=-0.0077
Aspect split eligible OOB rows (north/south facing fraction threshold = 0.75): 42 / 552
north_dominated OOB n=32 | RMSE=0.2863 | Bias=-0.1008 | FracRMSE=0.8098 | FracBias=-0.8062 | NoneBias=0.0000 | FullBias=0.0000
south_dominated OOB n=10 | RMSE=0.2688 | Bias=-0.0850 | FracRMSE=0.8500 | FracBias=-0.8500 | NoneBias=nan | FullBias=0.0000
Low-gradient eligible OOB rows (gradient_p84 <= 4.0): 139 / 552
low_gradient_p84 OOB n=139 | RMSE=0.1085 | Bias=-0.0071 | FracRMSE=0.3083 | FracBias=-0.1848 | NoneBias=0.0139 | FullBias=0.0000
5.18s

=== Bootstrap 293/1000 ===

Chosen filter -> Eg_strong/Eg_weak >= 1.11, data_quantity >= 14 | CV acc=0.9179, CV bin acc=0.9700, n_rows(dedup)=901 | OOB acc=0.9044, OOB bin acc=0.9920, n_rows_test(dedup)=251 |
OOB cameras: ['delta_junction', 'glees', 'kenttarova', 'torgnon', 'varrio']
OOB n=305 | RMSE=0.1049 | Bias=0.0030 | FracRMSE=0.2389 | FracBias=-0.0028 | NoneBias=0.0159 | FullBias=-0.0029
Aspect split eligible OOB rows (north/south facing fraction threshold = 0.75): 114 / 305
north_dominated OOB n=82 | RMSE=0.1106 | Bias=-0.0161 | FracRMSE=0.2360 | FracBias=-0.0754 | NoneBias=0.0016 | FullBias=0.0000
south_dominated OOB n=32 | RMSE=0.0592 | Bias=-0.0041 | FracRMSE=0.1656 | FracBias=-0.0486 | NoneBias=0.0106 | FullBias=0.0000
Low-gradient eligible OOB rows (gradient_p84 <= 4.0): 32 / 305
low_gradient_p84 OOB n=32 | RMSE=0.1060 | Bias=-0.0169 | FracRMSE=0.1896 | FracBias=-0.0540 | NoneBias=0.0000 | FullBias=0.0000
5.13s

=== Bootstrap 294/1000 ===

Chosen filter -> Eg_strong/Eg_weak >= 1.28, data_quantity >= 14 | CV acc=0.9223, CV bin acc=0.9657, n_rows(dedup)=875 | OOB acc=0.9507, OOB bin acc=0.9754, n_rows_test(dedup)=203 |
OOB cameras: ['hyytiala', 'kenttarova', 'tammela', 'torgnon']
OOB n=221 | RMSE=0.0688 | Bias=-0.0058 | FracRMSE=0.1073 | FracBias=0.0113 | NoneBias=0.0051 | FullBias=-0.0326
Aspect split eligible OOB rows (north/south facing fraction threshold = 0.75): 39 / 221
north_dominated OOB n=25 | RMSE=0.0237 | Bias=0.0109 | FracRMSE=0.0400 | FracBias=0.0314 | NoneBias=0.0107 | FullBias=0.0000
south_dominated OOB n=14 | RMSE=0.1138 | Bias=-0.0205 | FracRMSE=0.2129 | FracBias=-0.0718 | NoneBias=0.0000 | FullBias=0.0000
Low-gradient eligible OOB rows (gradient_p84 <= 4.0): 8 / 221
low_gradient_p84 OOB n=8 | RMSE=0.0300 | Bias=0.0150 | FracRMSE=0.0600 | FracBias=0.0600 | NoneBias=0.0000 | FullBias=0.0000
5.24s

=== Bootstrap 295/1000 ===

Chosen filter -> Eg_strong/Eg_weak >= 1.09, data_quantity >= 17 | CV acc=0.9272, CV bin acc=0.9809, n_rows(dedup)=838 | OOB acc=0.9616, OOB bin acc=0.9808, n_rows_test(dedup)=365 |
OOB cameras: ['marcell_MN', 'oregon_yp', 'sodankyla_full', 'torgnon', 'underhill', 'willowcreek']
OOB n=385 | RMSE=0.1793 | Bias=0.0523 | FracRMSE=0.2108 | FracBias=-0.1644 | NoneBias=0.1101 | FullBias=-0.0329
Aspect split eligible OOB rows (north/south facing fraction threshold = 0.75): 11 / 385
north_dominated OOB n=9 | RMSE=0.1820 | Bias=0.0684 | FracRMSE=nan | FracBias=nan | NoneBias=0.1026 | FullBias=0.0000
south_dominated OOB n=2 | RMSE=0.0000 | Bias=0.0000 | FracRMSE=nan | FracBias=nan | NoneBias=0.0000 | FullBias=0.0000
Low-gradient eligible OOB rows (gradient_p84 <= 4.0): 129 / 385
low_gradient_p84 OOB n=129 | RMSE=0.1747 | Bias=0.0942 | FracRMSE=0.2138 | FracBias=-0.1768 | NoneBias=0.1380 | FullBias=-0.0381
5.24s

=== Bootstrap 296/1000 ===

Chosen filter -> Eg_strong/Eg_weak >= 1.05, data_quantity >= 14 | CV acc=0.8941, CV bin acc=0.9772, n_rows(dedup)=1010 | OOB acc=0.9340, OOB bin acc=0.9736, n_rows_test(dedup)=379 |
OOB cameras: ['bartlett', 'glees', 'kenttarova', 'lacclair', 'old_jack_pine', 'oregon_yp']
OOB n=470 | RMSE=0.1548 | Bias=0.0123 | FracRMSE=0.2871 | FracBias=-0.1214 | NoneBias=0.0687 | FullBias=-0.0236
Aspect split eligible OOB rows (north/south facing fraction threshold = 0.75): 76 / 470
north_dominated OOB n=39 | RMSE=0.2310 | Bias=-0.0702 | FracRMSE=0.3180 | FracBias=-0.1487 | NoneBias=0.0176 | FullBias=-0.0752
south_dominated OOB n=37 | RMSE=0.1988 | Bias=-0.0390 | FracRMSE=0.5389 | FracBias=-0.3140 | NoneBias=0.0202 | FullBias=-0.0006
Low-gradient eligible OOB rows (gradient_p84 <= 4.0): 147 / 470
low_gradient_p84 OOB n=147 | RMSE=0.1441 | Bias=0.0592 | FracRMSE=0.2431 | FracBias=-0.1581 | NoneBias=0.0940 | FullBias=-0.0038
5.54s

=== Bootstrap 297/1000 ===

Chosen filter -> Eg_strong/Eg_weak >= 1.18, data_quantity >= 16 | CV acc=0.9601, CV bin acc=0.9819, n_rows(dedup)=551 | OOB acc=0.9131, OOB bin acc=0.9871, n_rows_test(dedup)=541 |
OOB cameras: ['delta_junction', 'glees', 'hyytiala', 'old_jack_pine', 'queens', 'sodankyla_full', 'underc', 'varrio']
OOB n=609 | RMSE=0.1459 | Bias=0.0154 | FracRMSE=0.3813 | FracBias=0.0661 | NoneBias=0.0183 | FullBias=0.0000
Aspect split eligible OOB rows (north/south facing fraction threshold = 0.75): 77 / 609
north_dominated OOB n=59 | RMSE=0.1814 | Bias=-0.0053 | FracRMSE=0.4202 | FracBias=-0.0286 | NoneBias=0.0000 | FullBias=0.0000
south_dominated OOB n=18 | RMSE=0.0000 | Bias=0.0000 | FracRMSE=nan | FracBias=nan | NoneBias=0.0000 | FullBias=0.0000
Low-gradient eligible OOB rows (gradient_p84 <= 4.0): 87 / 609
low_gradient_p84 OOB n=87 | RMSE=0.1385 | Bias=0.0093 | FracRMSE=0.3279 | FracBias=0.0379 | NoneBias=0.0054 | FullBias=0.0000
4.44s

=== Bootstrap 298/1000 ===

Chosen filter -> Eg_strong/Eg_weak >= 1.18, data_quantity >= 17 | CV acc=0.9197, CV bin acc=0.9850, n_rows(dedup)=934 | OOB acc=0.9568, OOB bin acc=0.9784, n_rows_test(dedup)=370 |
OOB cameras: ['old_jack_pine', 'queens', 'sodankyla_full', 'tammela', 'willowcreek', 'wslcreek']
OOB n=393 | RMSE=0.1464 | Bias=0.0026 | FracRMSE=0.3106 | FracBias=-0.0826 | NoneBias=0.0312 | FullBias=-0.0216
Aspect split eligible OOB rows (north/south facing fraction threshold = 0.75): 27 / 393
north_dominated OOB n=24 | RMSE=0.0676 | Bias=0.0129 | FracRMSE=0.2341 | FracBias=0.1552 | NoneBias=0.0000 | FullBias=0.0000
south_dominated OOB n=3 | RMSE=0.0000 | Bias=0.0000 | FracRMSE=nan | FracBias=nan | NoneBias=0.0000 | FullBias=0.0000
Low-gradient eligible OOB rows (gradient_p84 <= 4.0): 68 / 393
low_gradient_p84 OOB n=68 | RMSE=0.1334 | Bias=-0.0220 | FracRMSE=0.3640 | FracBias=-0.2424 | NoneBias=0.0174 | FullBias=-0.0294
6.01s

=== Bootstrap 299/1000 ===

Chosen filter -> Eg_strong/Eg_weak >= 1.05, data_quantity >= 16 | CV acc=0.9202, CV bin acc=0.9775, n_rows(dedup)=890 | OOB acc=0.9395, OOB bin acc=0.9893, n_rows_test(dedup)=281 |
OOB cameras: ['glees', 'kenttarova', 'old_jack_pine', 'torgnon', 'varrio']
OOB n=323 | RMSE=0.1087 | Bias=0.0094 | FracRMSE=0.2355 | FracBias=-0.0006 | NoneBias=0.0260 | FullBias=-0.0022
Aspect split eligible OOB rows (north/south facing fraction threshold = 0.75): 76 / 323
north_dominated OOB n=47 | RMSE=0.0155 | Bias=0.0048 | FracRMSE=0.0400 | FracBias=0.0314 | NoneBias=0.0005 | FullBias=0.0000
south_dominated OOB n=29 | RMSE=0.0201 | Bias=0.0073 | FracRMSE=0.0493 | FracBias=0.0433 | NoneBias=0.0134 | FullBias=0.0000
Low-gradient eligible OOB rows (gradient_p84 <= 4.0): 47 / 323
low_gradient_p84 OOB n=47 | RMSE=0.1153 | Bias=-0.0183 | FracRMSE=0.2780 | FracBias=-0.1210 | NoneBias=0.0038 | FullBias=0.0000
5.23s

=== Bootstrap 300/1000 ===

Chosen filter -> Eg_strong/Eg_weak >= 1.20, data_quantity >= 13 | CV acc=0.9322, CV bin acc=0.9748, n_rows(dedup)=1033 | OOB acc=0.9462, OOB bin acc=0.9865, n_rows_test(dedup)=223 |
OOB cameras: ['glees', 'lacclair', 'old_jack_pine', 'tammela']
OOB n=274 | RMSE=0.1167 | Bias=-0.0039 | FracRMSE=0.3095 | FracBias=-0.0868 | NoneBias=0.0105 | FullBias=0.0000
Aspect split eligible OOB rows (north/south facing fraction threshold = 0.75): 19 / 274
north_dominated OOB n=2 | RMSE=0.0000 | Bias=0.0000 | FracRMSE=nan | FracBias=nan | NoneBias=nan | FullBias=0.0000
south_dominated OOB n=17 | RMSE=0.0000 | Bias=0.0000 | FracRMSE=nan | FracBias=nan | NoneBias=0.0000 | FullBias=0.0000
Low-gradient eligible OOB rows (gradient_p84 <= 4.0): 39 / 274
low_gradient_p84 OOB n=39 | RMSE=0.1280 | Bias=-0.0270 | FracRMSE=0.3264 | FracBias=-0.1758 | NoneBias=0.0000 | FullBias=0.0000
5.79s

=== Bootstrap 301/1000 ===

Chosen filter -> Eg_strong/Eg_weak >= 1.18, data_quantity >= 16 | CV acc=0.9343, CV bin acc=0.9672, n_rows(dedup)=1157 | OOB acc=0.9483, OOB bin acc=0.9885, n_rows_test(dedup)=174 |
OOB cameras: ['glees', 'marcell_MN', 'queens', 'tammela', 'underhill']
OOB n=177 | RMSE=0.0428 | Bias=-0.0031 | FracRMSE=0.3017 | FracBias=-0.1602 | NoneBias=0.0023 | FullBias=-0.0029
Aspect split eligible OOB rows (north/south facing fraction threshold = 0.75): 16 / 177
north_dominated OOB n=2 | RMSE=0.0136 | Bias=0.0096 | FracRMSE=nan | FracBias=nan | NoneBias=0.0192 | FullBias=0.0000
south_dominated OOB n=14 | RMSE=0.0000 | Bias=0.0000 | FracRMSE=nan | FracBias=nan | NoneBias=0.0000 | FullBias=0.0000
Low-gradient eligible OOB rows (gradient_p84 <= 4.0): 0 / 177
low_gradient_p84 OOB n=0 | RMSE=nan | Bias=nan | FracRMSE=nan | FracBias=nan | NoneBias=nan | FullBias=nan
6.11s

=== Bootstrap 302/1000 ===

Chosen filter -> Eg_strong/Eg_weak >= 1.20, data_quantity >= 12 | CV acc=0.9179, CV bin acc=0.9628, n_rows(dedup)=913 | OOB acc=0.8963, OOB bin acc=0.9732, n_rows_test(dedup)=299 |
OOB cameras: ['bartlett', 'delta_junction', 'glees', 'lacclair', 'marcell_MN', 'old_jack_pine']
OOB n=388 | RMSE=0.1796 | Bias=-0.0118 | FracRMSE=0.4070 | FracBias=-0.0724 | NoneBias=0.0080 | FullBias=-0.0054
Aspect split eligible OOB rows (north/south facing fraction threshold = 0.75): 65 / 388
north_dominated OOB n=42 | RMSE=0.3260 | Bias=-0.0918 | FracRMSE=0.5455 | FracBias=-0.2569 | NoneBias=0.0000 | FullBias=0.0000
south_dominated OOB n=23 | RMSE=0.1772 | Bias=-0.0370 | FracRMSE=0.8500 | FracBias=-0.8500 | NoneBias=0.0000 | FullBias=0.0000
Low-gradient eligible OOB rows (gradient_p84 <= 4.0): 62 / 388
low_gradient_p84 OOB n=62 | RMSE=0.1479 | Bias=-0.0017 | FracRMSE=0.3113 | FracBias=-0.0077 | NoneBias=0.0000 | FullBias=0.0000
5.3s

=== Bootstrap 303/1000 ===

Chosen filter -> Eg_strong/Eg_weak >= 1.25, data_quantity >= 17 | CV acc=0.8966, CV bin acc=0.9545, n_rows(dedup)=725 | OOB acc=0.9694, OOB bin acc=0.9859, n_rows_test(dedup)=425 |
OOB cameras: ['hyytiala', 'lacclair', 'marcell_MN', 'old_jack_pine', 'sodankyla_full', 'varrio']
OOB n=481 | RMSE=0.0938 | Bias=-0.0011 | FracRMSE=0.3119 | FracBias=-0.0606 | NoneBias=0.0084 | FullBias=-0.0037
Aspect split eligible OOB rows (north/south facing fraction threshold = 0.75): 33 / 481
north_dominated OOB n=27 | RMSE=0.0000 | Bias=0.0000 | FracRMSE=nan | FracBias=nan | NoneBias=0.0000 | FullBias=0.0000
south_dominated OOB n=6 | RMSE=0.0000 | Bias=0.0000 | FracRMSE=nan | FracBias=nan | NoneBias=0.0000 | FullBias=0.0000
Low-gradient eligible OOB rows (gradient_p84 <= 4.0): 64 / 481
low_gradient_p84 OOB n=64 | RMSE=0.0950 | Bias=-0.0095 | FracRMSE=0.3021 | FracBias=-0.1321 | NoneBias=0.0052 | FullBias=0.0000
4.91s

=== Bootstrap 304/1000 ===

Chosen filter -> Eg_strong/Eg_weak >= 1.05, data_quantity >= 16 | CV acc=0.9319, CV bin acc=0.9743, n_rows(dedup)=1130 | OOB acc=0.9574, OOB bin acc=0.9947, n_rows_test(dedup)=376 |
OOB cameras: ['delta_junction', 'kenttarova', 'oregon_yp', 'tammela', 'torgnon', 'underhill', 'wslcreek']
OOB n=441 | RMSE=0.1293 | Bias=0.0314 | FracRMSE=0.2279 | FracBias=-0.0186 | NoneBias=0.0605 | FullBias=-0.0038
Aspect split eligible OOB rows (north/south facing fraction threshold = 0.75): 95 / 441
north_dominated OOB n=81 | RMSE=0.1181 | Bias=0.0069 | FracRMSE=0.2216 | FracBias=-0.0030 | NoneBias=0.0281 | FullBias=0.0000
south_dominated OOB n=14 | RMSE=0.0167 | Bias=0.0060 | FracRMSE=0.0360 | FracBias=0.0278 | NoneBias=0.0000 | FullBias=0.0000
Low-gradient eligible OOB rows (gradient_p84 <= 4.0): 128 / 441
low_gradient_p84 OOB n=128 | RMSE=0.1475 | Bias=0.0688 | FracRMSE=0.2063 | FracBias=-0.0783 | NoneBias=0.1002 | FullBias=0.0000
5.72s

=== Bootstrap 305/1000 ===

Chosen filter -> Eg_strong/Eg_weak >= 1.05, data_quantity >= 16 | CV acc=0.9255, CV bin acc=0.9797, n_rows(dedup)=1181 | OOB acc=0.9617, OOB bin acc=0.9872, n_rows_test(dedup)=235 |
OOB cameras: ['kenttarova', 'lacclair', 'old_jack_pine', 'queens', 'underhill', 'wslcreek']
OOB n=304 | RMSE=0.1216 | Bias=0.0025 | FracRMSE=0.2250 | FracBias=-0.0335 | NoneBias=0.0254 | FullBias=-0.0041
Aspect split eligible OOB rows (north/south facing fraction threshold = 0.75): 65 / 304
north_dominated OOB n=49 | RMSE=0.0663 | Bias=0.0180 | FracRMSE=0.1119 | FracBias=0.0576 | NoneBias=0.0455 | FullBias=0.0000
south_dominated OOB n=16 | RMSE=0.0214 | Bias=0.0081 | FracRMSE=0.0493 | FracBias=0.0433 | NoneBias=0.0000 | FullBias=0.0000
Low-gradient eligible OOB rows (gradient_p84 <= 4.0): 47 / 304
low_gradient_p84 OOB n=47 | RMSE=0.1234 | Bias=-0.0224 | FracRMSE=0.2954 | FracBias=-0.1517 | NoneBias=0.0071 | FullBias=-0.0046
5.95s

=== Bootstrap 306/1000 ===

Chosen filter -> Eg_strong/Eg_weak >= 1.05, data_quantity >= 16 | CV acc=0.9171, CV bin acc=0.9776, n_rows(dedup)=1025 | OOB acc=0.9013, OOB bin acc=0.9904, n_rows_test(dedup)=314 |
OOB cameras: ['glees', 'kenttarova', 'lacclair', 'marcell_MN', 'sodankyla_full', 'wslcreek']
OOB n=369 | RMSE=0.0848 | Bias=-0.0019 | FracRMSE=0.1764 | FracBias=-0.0425 | NoneBias=0.0290 | FullBias=-0.0130
Aspect split eligible OOB rows (north/south facing fraction threshold = 0.75): 82 / 369
north_dominated OOB n=53 | RMSE=0.0506 | Bias=0.0109 | FracRMSE=0.1139 | FracBias=0.0583 | NoneBias=0.0139 | FullBias=-0.0029
south_dominated OOB n=29 | RMSE=0.0371 | Bias=0.0074 | FracRMSE=0.0635 | FracBias=-0.0072 | NoneBias=0.0336 | FullBias=0.0000
Low-gradient eligible OOB rows (gradient_p84 <= 4.0): 36 / 369
low_gradient_p84 OOB n=36 | RMSE=0.0702 | Bias=0.0056 | FracRMSE=0.1613 | FracBias=-0.0962 | NoneBias=0.0289 | FullBias=0.0000
5.5s

=== Bootstrap 307/1000 ===

Chosen filter -> Eg_strong/Eg_weak >= 1.07, data_quantity >= 16 | CV acc=0.9308, CV bin acc=0.9865, n_rows(dedup)=1112 | OOB acc=0.9485, OOB bin acc=0.9730, n_rows_test(dedup)=408 |
OOB cameras: ['bartlett', 'kenttarova', 'oregon_yp', 'queens', 'sodankyla_full', 'underhill', 'willowcreek']
OOB n=450 | RMSE=0.1771 | Bias=0.0151 | FracRMSE=0.2980 | FracBias=-0.1671 | NoneBias=0.0750 | FullBias=-0.0457
Aspect split eligible OOB rows (north/south facing fraction threshold = 0.75): 66 / 450
north_dominated OOB n=44 | RMSE=0.2204 | Bias=-0.0559 | FracRMSE=0.3196 | FracBias=-0.1494 | NoneBias=0.0332 | FullBias=-0.0716
south_dominated OOB n=22 | RMSE=0.2572 | Bias=-0.0793 | FracRMSE=0.5387 | FracBias=-0.3354 | NoneBias=0.0000 | FullBias=-0.0057
Low-gradient eligible OOB rows (gradient_p84 <= 4.0): 138 / 450
low_gradient_p84 OOB n=138 | RMSE=0.1377 | Bias=0.0574 | FracRMSE=0.2205 | FracBias=-0.1742 | NoneBias=0.0958 | FullBias=-0.0332
5.81s

=== Bootstrap 308/1000 ===

Chosen filter -> Eg_strong/Eg_weak >= 1.20, data_quantity >= 17 | CV acc=0.9410, CV bin acc=0.9850, n_rows(dedup)=1068 | OOB acc=0.9097, OOB bin acc=0.9782, n_rows_test(dedup)=321 |
OOB cameras: ['bartlett', 'delta_junction', 'hyytiala', 'queens', 'tammela', 'torgnon', 'underc', 'wslcreek']
OOB n=370 | RMSE=0.1592 | Bias=-0.0092 | FracRMSE=0.3852 | FracBias=-0.0877 | NoneBias=0.0105 | FullBias=-0.0074
Aspect split eligible OOB rows (north/south facing fraction threshold = 0.75): 65 / 370
north_dominated OOB n=57 | RMSE=0.2351 | Bias=-0.0605 | FracRMSE=0.4437 | FracBias=-0.2154 | NoneBias=0.0000 | FullBias=0.0000
south_dominated OOB n=8 | RMSE=0.3005 | Bias=-0.1062 | FracRMSE=0.8500 | FracBias=-0.8500 | NoneBias=nan | FullBias=0.0000
Low-gradient eligible OOB rows (gradient_p84 <= 4.0): 21 / 370
low_gradient_p84 OOB n=21 | RMSE=0.1519 | Bias=-0.0248 | FracRMSE=0.2461 | FracBias=-0.0652 | NoneBias=0.0000 | FullBias=0.0000
6.18s

=== Bootstrap 309/1000 ===

Chosen filter -> Eg_strong/Eg_weak >= 1.05, data_quantity >= 16 | CV acc=0.8852, CV bin acc=0.9670, n_rows(dedup)=880 | OOB acc=0.9571, OOB bin acc=0.9865, n_rows_test(dedup)=443 |
OOB cameras: ['hyytiala', 'kenttarova', 'marcell_MN', 'sodankyla_full', 'torgnon', 'underhill', 'varrio', 'wslcreek']
OOB n=475 | RMSE=0.0849 | Bias=-0.0015 | FracRMSE=0.1527 | FracBias=-0.0114 | NoneBias=0.0160 | FullBias=-0.0167
Aspect split eligible OOB rows (north/south facing fraction threshold = 0.75): 91 / 475
north_dominated OOB n=73 | RMSE=0.0523 | Bias=0.0121 | FracRMSE=0.1076 | FracBias=0.0560 | NoneBias=0.0209 | FullBias=0.0000
south_dominated OOB n=18 | RMSE=0.0155 | Bias=0.0025 | FracRMSE=0.0381 | FracBias=0.0148 | NoneBias=0.0000 | FullBias=0.0000
Low-gradient eligible OOB rows (gradient_p84 <= 4.0): 36 / 475
low_gradient_p84 OOB n=36 | RMSE=0.0585 | Bias=0.0056 | FracRMSE=0.1300 | FracBias=-0.0604 | NoneBias=0.0226 | FullBias=0.0000
5.08s

=== Bootstrap 310/1000 ===

Chosen filter -> Eg_strong/Eg_weak >= 1.05, data_quantity >= 13 | CV acc=0.9275, CV bin acc=0.9765, n_rows(dedup)=1062 | OOB acc=0.8936, OOB bin acc=0.9720, n_rows_test(dedup)=357 |
OOB cameras: ['bartlett', 'glees', 'oregon_yp', 'underc', 'underhill', 'varrio']
OOB n=401 | RMSE=0.1905 | Bias=0.0047 | FracRMSE=0.3894 | FracBias=-0.2348 | NoneBias=0.0725 | FullBias=-0.0317
Aspect split eligible OOB rows (north/south facing fraction threshold = 0.75): 63 / 401
north_dominated OOB n=36 | RMSE=0.2886 | Bias=-0.1089 | FracRMSE=0.6776 | FracBias=-0.6582 | NoneBias=0.0171 | FullBias=-0.0662
south_dominated OOB n=27 | RMSE=0.2313 | Bias=-0.0630 | FracRMSE=0.8500 | FracBias=-0.8500 | NoneBias=0.0000 | FullBias=0.0000
Low-gradient eligible OOB rows (gradient_p84 <= 4.0): 100 / 401
low_gradient_p84 OOB n=100 | RMSE=0.1479 | Bias=0.0646 | FracRMSE=0.2742 | FracBias=-0.2347 | NoneBias=0.0916 | FullBias=0.0000
5.57s

=== Bootstrap 311/1000 ===

Chosen filter -> Eg_strong/Eg_weak >= 1.09, data_quantity >= 16 | CV acc=0.9576, CV bin acc=0.9880, n_rows(dedup)=1251 | OOB acc=0.8549, OOB bin acc=0.9223, n_rows_test(dedup)=193 |
OOB cameras: ['bartlett', 'glees', 'kenttarova', 'lacclair', 'torgnon', 'underhill', 'willowcreek']
OOB n=246 | RMSE=0.2088 | Bias=-0.0166 | FracRMSE=0.3129 | FracBias=-0.1415 | NoneBias=0.0737 | FullBias=-0.0405
Aspect split eligible OOB rows (north/south facing fraction threshold = 0.75): 72 / 246
north_dominated OOB n=39 | RMSE=0.2569 | Bias=-0.0777 | FracRMSE=0.3723 | FracBias=-0.1747 | NoneBias=0.0146 | FullBias=-0.0707
south_dominated OOB n=33 | RMSE=0.1483 | Bias=-0.0236 | FracRMSE=0.4261 | FracBias=-0.1946 | NoneBias=0.0000 | FullBias=0.0000
Low-gradient eligible OOB rows (gradient_p84 <= 4.0): 12 / 246
low_gradient_p84 OOB n=12 | RMSE=0.1381 | Bias=-0.0216 | FracRMSE=0.0424 | FracBias=0.0309 | NoneBias=0.0406 | FullBias=-0.1412
6.3s

=== Bootstrap 312/1000 ===

Chosen filter -> Eg_strong/Eg_weak >= 1.06, data_quantity >= 10 | CV acc=0.9667, CV bin acc=0.9827, n_rows(dedup)=751 | OOB acc=0.8640, OOB bin acc=0.9793, n_rows_test(dedup)=581 |
OOB cameras: ['delta_junction', 'glees', 'hyytiala', 'kenttarova', 'sodankyla_full', 'torgnon', 'underc', 'underhill', 'varrio']
OOB n=656 | RMSE=0.1351 | Bias=0.0118 | FracRMSE=0.2512 | FracBias=0.0203 | NoneBias=0.0371 | FullBias=-0.0133
Aspect split eligible OOB rows (north/south facing fraction threshold = 0.75): 132 / 656
north_dominated OOB n=94 | RMSE=0.1179 | Bias=-0.0054 | FracRMSE=0.2370 | FracBias=-0.0554 | NoneBias=0.0166 | FullBias=0.0000
south_dominated OOB n=38 | RMSE=0.0465 | Bias=0.0027 | FracRMSE=0.1226 | FracBias=-0.0250 | NoneBias=0.0253 | FullBias=0.0000
Low-gradient eligible OOB rows (gradient_p84 <= 4.0): 62 / 656
low_gradient_p84 OOB n=62 | RMSE=0.0890 | Bias=-0.0003 | FracRMSE=0.1877 | FracBias=-0.0381 | NoneBias=0.0161 | FullBias=0.0000
4.71s

=== Bootstrap 313/1000 ===

Chosen filter -> Eg_strong/Eg_weak >= 1.10, data_quantity >= 16 | CV acc=0.9304, CV bin acc=0.9820, n_rows(dedup)=891 | OOB acc=0.9384, OOB bin acc=0.9677, n_rows_test(dedup)=341 |
OOB cameras: ['glees', 'hyytiala', 'lacclair', 'oregon_yp', 'torgnon', 'willowcreek']
OOB n=387 | RMSE=0.1687 | Bias=0.0428 | FracRMSE=0.2074 | FracBias=-0.1374 | NoneBias=0.0976 | FullBias=-0.0596
Aspect split eligible OOB rows (north/south facing fraction threshold = 0.75): 19 / 387
north_dominated OOB n=3 | RMSE=0.0346 | Bias=0.0200 | FracRMSE=nan | FracBias=nan | NoneBias=0.0599 | FullBias=0.0000
south_dominated OOB n=16 | RMSE=0.0724 | Bias=0.0295 | FracRMSE=nan | FracBias=nan | NoneBias=0.1572 | FullBias=0.0000
Low-gradient eligible OOB rows (gradient_p84 <= 4.0): 102 / 387
low_gradient_p84 OOB n=102 | RMSE=0.1598 | Bias=0.0751 | FracRMSE=0.2407 | FracBias=-0.2116 | NoneBias=0.1090 | FullBias=-0.3373
5.55s

=== Bootstrap 314/1000 ===

Chosen filter -> Eg_strong/Eg_weak >= 1.05, data_quantity >= 11 | CV acc=0.9164, CV bin acc=0.9718, n_rows(dedup)=1101 | OOB acc=0.9794, OOB bin acc=0.9971, n_rows_test(dedup)=339 |
OOB cameras: ['kenttarova', 'lacclair', 'marcell_MN', 'oregon_yp', 'varrio']
OOB n=416 | RMSE=0.1033 | Bias=0.0199 | FracRMSE=0.1853 | FracBias=-0.0948 | NoneBias=0.0657 | FullBias=-0.0069
Aspect split eligible OOB rows (north/south facing fraction threshold = 0.75): 71 / 416
north_dominated OOB n=53 | RMSE=0.0248 | Bias=0.0059 | FracRMSE=0.0380 | FracBias=0.0252 | NoneBias=0.0102 | FullBias=-0.0010
south_dominated OOB n=18 | RMSE=0.0184 | Bias=0.0003 | FracRMSE=0.0435 | FracBias=0.0085 | NoneBias=0.0000 | FullBias=-0.0017
Low-gradient eligible OOB rows (gradient_p84 <= 4.0): 109 / 416
low_gradient_p84 OOB n=109 | RMSE=0.1510 | Bias=0.0781 | FracRMSE=0.2274 | FracBias=-0.1701 | NoneBias=0.1075 | FullBias=0.0000
5.49s

=== Bootstrap 315/1000 ===

Chosen filter -> Eg_strong/Eg_weak >= 1.09, data_quantity >= 16 | CV acc=0.9477, CV bin acc=0.9907, n_rows(dedup)=1070 | OOB acc=0.9332, OOB bin acc=0.9690, n_rows_test(dedup)=419 |
OOB cameras: ['hyytiala', 'lacclair', 'marcell_MN', 'oregon_yp', 'queens', 'underc', 'underhill', 'willowcreek']
OOB n=482 | RMSE=0.1645 | Bias=0.0225 | FracRMSE=0.2412 | FracBias=-0.1200 | NoneBias=0.0718 | FullBias=-0.0457
Aspect split eligible OOB rows (north/south facing fraction threshold = 0.75): 8 / 482
north_dominated OOB n=5 | RMSE=0.1538 | Bias=0.0688 | FracRMSE=nan | FracBias=nan | NoneBias=0.1720 | FullBias=0.0000
south_dominated OOB n=3 | RMSE=0.0000 | Bias=0.0000 | FracRMSE=nan | FracBias=nan | NoneBias=nan | FullBias=0.0000
Low-gradient eligible OOB rows (gradient_p84 <= 4.0): 102 / 482
low_gradient_p84 OOB n=102 | RMSE=0.1600 | Bias=0.0733 | FracRMSE=0.2539 | FracBias=-0.2198 | NoneBias=0.1071 | FullBias=-0.3127
6.11s

=== Bootstrap 316/1000 ===

Chosen filter -> Eg_strong/Eg_weak >= 1.11, data_quantity >= 16 | CV acc=0.9599, CV bin acc=0.9897, n_rows(dedup)=1071 | OOB acc=0.8423, OOB bin acc=0.9195, n_rows_test(dedup)=298 |
OOB cameras: ['bartlett', 'glees', 'hyytiala', 'lacclair', 'underc', 'willowcreek', 'wslcreek']
OOB n=350 | RMSE=0.1870 | Bias=-0.0152 | FracRMSE=0.3660 | FracBias=-0.1849 | NoneBias=0.0426 | FullBias=-0.0386
Aspect split eligible OOB rows (north/south facing fraction threshold = 0.75): 49 / 350
north_dominated OOB n=28 | RMSE=0.3000 | Bias=-0.1085 | FracRMSE=0.5335 | FracBias=-0.3458 | NoneBias=0.0000 | FullBias=-0.0596
south_dominated OOB n=21 | RMSE=0.1855 | Bias=-0.0405 | FracRMSE=0.8500 | FracBias=-0.8500 | NoneBias=0.0000 | FullBias=0.0000
Low-gradient eligible OOB rows (gradient_p84 <= 4.0): 4 / 350
low_gradient_p84 OOB n=4 | RMSE=0.2363 | Bias=-0.0708 | FracRMSE=nan | FracBias=nan | NoneBias=0.1304 | FullBias=-0.2720
6.01s

=== Bootstrap 317/1000 ===

Chosen filter -> Eg_strong/Eg_weak >= 1.05, data_quantity >= 17 | CV acc=0.9457, CV bin acc=0.9805, n_rows(dedup)=921 | OOB acc=0.9444, OOB bin acc=0.9762, n_rows_test(dedup)=252 |
OOB cameras: ['delta_junction', 'oregon_yp', 'willowcreek']
OOB n=296 | RMSE=0.1870 | Bias=0.0347 | FracRMSE=0.2832 | FracBias=-0.0599 | NoneBias=0.0756 | FullBias=-0.0496
Aspect split eligible OOB rows (north/south facing fraction threshold = 0.75): 34 / 296
north_dominated OOB n=34 | RMSE=0.1600 | Bias=-0.0205 | FracRMSE=0.2789 | FracBias=-0.0745 | NoneBias=0.0087 | FullBias=0.0000
south_dominated OOB n=0 | RMSE=nan | Bias=nan | FracRMSE=nan | FracBias=nan | NoneBias=nan | FullBias=nan
Low-gradient eligible OOB rows (gradient_p84 <= 4.0): 122 / 296
low_gradient_p84 OOB n=122 | RMSE=0.1472 | Bias=0.0480 | FracRMSE=0.2329 | FracBias=-0.1142 | NoneBias=0.0836 | FullBias=-0.0626
5.41s

=== Bootstrap 318/1000 ===

Chosen filter -> Eg_strong/Eg_weak >= 1.05, data_quantity >= 17 | CV acc=0.9643, CV bin acc=0.9826, n_rows(dedup)=1093 | OOB acc=0.8697, OOB bin acc=0.9879, n_rows_test(dedup)=330 |
OOB cameras: ['delta_junction', 'glees', 'lacclair', 'sodankyla_full', 'underc', 'underhill', 'wslcreek']
OOB n=408 | RMSE=0.1453 | Bias=0.0128 | FracRMSE=0.2904 | FracBias=-0.0051 | NoneBias=0.0425 | FullBias=-0.0026
Aspect split eligible OOB rows (north/south facing fraction threshold = 0.75): 77 / 408
north_dominated OOB n=61 | RMSE=0.1504 | Bias=-0.0081 | FracRMSE=0.2976 | FracBias=-0.0767 | NoneBias=0.0280 | FullBias=0.0000
south_dominated OOB n=16 | RMSE=0.0012 | Bias=0.0003 | FracRMSE=nan | FracBias=nan | NoneBias=0.0012 | FullBias=0.0000
Low-gradient eligible OOB rows (gradient_p84 <= 4.0): 49 / 408
low_gradient_p84 OOB n=49 | RMSE=0.0958 | Bias=-0.0058 | FracRMSE=0.2009 | FracBias=-0.0676 | NoneBias=0.0163 | FullBias=0.0000
5.69s

=== Bootstrap 319/1000 ===

Chosen filter -> Eg_strong/Eg_weak >= 1.05, data_quantity >= 17 | CV acc=0.9099, CV bin acc=0.9848, n_rows(dedup)=921 | OOB acc=0.9623, OOB bin acc=0.9660, n_rows_test(dedup)=265 |
OOB cameras: ['old_jack_pine', 'tammela', 'underhill', 'willowcreek', 'wslcreek']
OOB n=286 | RMSE=0.1771 | Bias=0.0067 | FracRMSE=0.3001 | FracBias=-0.0667 | NoneBias=0.0462 | FullBias=-0.0389
Aspect split eligible OOB rows (north/south facing fraction threshold = 0.75): 21 / 286
north_dominated OOB n=20 | RMSE=0.1121 | Bias=0.0344 | FracRMSE=0.2446 | FracBias=0.1627 | NoneBias=0.3630 | FullBias=0.0000
south_dominated OOB n=1 | RMSE=0.0000 | Bias=0.0000 | FracRMSE=nan | FracBias=nan | NoneBias=nan | FullBias=0.0000
Low-gradient eligible OOB rows (gradient_p84 <= 4.0): 42 / 286
low_gradient_p84 OOB n=42 | RMSE=0.1597 | Bias=-0.0362 | FracRMSE=0.3515 | FracBias=-0.2526 | NoneBias=0.0241 | FullBias=-0.0907
5.46s

=== Bootstrap 320/1000 ===

Chosen filter -> Eg_strong/Eg_weak >= 1.09, data_quantity >= 16 | CV acc=0.9522, CV bin acc=0.9770, n_rows(dedup)=1088 | OOB acc=0.9091, OOB bin acc=0.9688, n_rows_test(dedup)=352 |
OOB cameras: ['bartlett', 'glees', 'marcell_MN', 'oregon_yp', 'torgnon', 'underc', 'willowcreek']
OOB n=391 | RMSE=0.1885 | Bias=0.0063 | FracRMSE=0.3477 | FracBias=-0.2031 | NoneBias=0.0687 | FullBias=-0.0407
Aspect split eligible OOB rows (north/south facing fraction threshold = 0.75): 28 / 391
north_dominated OOB n=9 | RMSE=0.4911 | Bias=-0.3438 | FracRMSE=0.6259 | FracBias=-0.5985 | NoneBias=0.0000 | FullBias=-0.3246
south_dominated OOB n=19 | RMSE=0.1950 | Bias=-0.0447 | FracRMSE=0.8500 | FracBias=-0.8500 | NoneBias=0.0000 | FullBias=0.0000
Low-gradient eligible OOB rows (gradient_p84 <= 4.0): 102 / 391
low_gradient_p84 OOB n=102 | RMSE=0.1407 | Bias=0.0403 | FracRMSE=0.2893 | FracBias=-0.2538 | NoneBias=0.0720 | FullBias=-0.2420
5.84s

=== Bootstrap 321/1000 ===

Chosen filter -> Eg_strong/Eg_weak >= 1.09, data_quantity >= 16 | CV acc=0.9444, CV bin acc=0.9880, n_rows(dedup)=1170 | OOB acc=0.9138, OOB bin acc=0.9397, n_rows_test(dedup)=232 |
OOB cameras: ['bartlett', 'lacclair', 'marcell_MN', 'old_jack_pine', 'willowcreek']
OOB n=290 | RMSE=0.2138 | Bias=-0.0251 | FracRMSE=0.4080 | FracBias=-0.2069 | NoneBias=0.0399 | FullBias=-0.0380
Aspect split eligible OOB rows (north/south facing fraction threshold = 0.75): 17 / 290
north_dominated OOB n=10 | RMSE=0.5470 | Bias=-0.3771 | FracRMSE=0.7405 | FracBias=-0.7271 | NoneBias=0.0000 | FullBias=-0.2649
south_dominated OOB n=7 | RMSE=0.3213 | Bias=-0.1214 | FracRMSE=0.8500 | FracBias=-0.8500 | NoneBias=nan | FullBias=0.0000
Low-gradient eligible OOB rows (gradient_p84 <= 4.0): 42 / 290
low_gradient_p84 OOB n=42 | RMSE=0.1466 | Bias=-0.0382 | FracRMSE=0.3683 | FracBias=-0.2238 | NoneBias=0.0041 | FullBias=-0.0365
6.21s

=== Bootstrap 322/1000 ===

Chosen filter -> Eg_strong/Eg_weak >= 1.05, data_quantity >= 16 | CV acc=0.9304, CV bin acc=0.9652, n_rows(dedup)=1006 | OOB acc=0.9495, OOB bin acc=0.9924, n_rows_test(dedup)=396 |
OOB cameras: ['kenttarova', 'old_jack_pine', 'sodankyla_full', 'tammela', 'torgnon', 'underhill', 'wslcreek']
OOB n=437 | RMSE=0.1048 | Bias=0.0093 | FracRMSE=0.2257 | FracBias=0.0109 | NoneBias=0.0192 | FullBias=-0.0025
Aspect split eligible OOB rows (north/south facing fraction threshold = 0.75): 68 / 437
north_dominated OOB n=53 | RMSE=0.0595 | Bias=0.0159 | FracRMSE=0.1109 | FracBias=0.0572 | NoneBias=0.0274 | FullBias=0.0000
south_dominated OOB n=15 | RMSE=0.0221 | Bias=0.0087 | FracRMSE=0.0493 | FracBias=0.0433 | NoneBias=0.0000 | FullBias=0.0000
Low-gradient eligible OOB rows (gradient_p84 <= 4.0): 75 / 437
low_gradient_p84 OOB n=75 | RMSE=0.0907 | Bias=-0.0035 | FracRMSE=0.2403 | FracBias=-0.0955 | NoneBias=0.0142 | FullBias=0.0000
5.37s

=== Bootstrap 323/1000 ===

Chosen filter -> Eg_strong/Eg_weak >= 1.18, data_quantity >= 14 | CV acc=0.9438, CV bin acc=0.9762, n_rows(dedup)=1050 | OOB acc=0.9016, OOB bin acc=0.9699, n_rows_test(dedup)=366 |
OOB cameras: ['bartlett', 'kenttarova', 'lacclair', 'marcell_MN', 'oregon_yp', 'queens', 'underc', 'wslcreek']
OOB n=453 | RMSE=0.1386 | Bias=-0.0076 | FracRMSE=0.2875 | FracBias=-0.1364 | NoneBias=0.0359 | FullBias=-0.0129
Aspect split eligible OOB rows (north/south facing fraction threshold = 0.75): 76 / 453
north_dominated OOB n=54 | RMSE=0.1673 | Bias=-0.0297 | FracRMSE=0.3549 | FracBias=-0.1349 | NoneBias=0.0019 | FullBias=0.0000
south_dominated OOB n=22 | RMSE=0.1821 | Bias=-0.0327 | FracRMSE=0.4271 | FracBias=-0.1800 | NoneBias=0.0000 | FullBias=0.0000
Low-gradient eligible OOB rows (gradient_p84 <= 4.0): 106 / 453
low_gradient_p84 OOB n=106 | RMSE=0.1195 | Bias=0.0237 | FracRMSE=0.2696 | FracBias=-0.1988 | NoneBias=0.0478 | FullBias=0.0000
5.77s

=== Bootstrap 324/1000 ===

Chosen filter -> Eg_strong/Eg_weak >= 1.27, data_quantity >= 12 | CV acc=0.9062, CV bin acc=0.9674, n_rows(dedup)=768 | OOB acc=0.9435, OOB bin acc=0.9841, n_rows_test(dedup)=566 |
OOB cameras: ['bartlett', 'delta_junction', 'glees', 'lacclair', 'marcell_MN', 'old_jack_pine', 'oregon_yp', 'queens', 'sodankyla_full']
OOB n=672 | RMSE=0.1497 | Bias=-0.0026 | FracRMSE=0.3868 | FracBias=-0.0795 | NoneBias=0.0166 | FullBias=-0.0027
Aspect split eligible OOB rows (north/south facing fraction threshold = 0.75): 74 / 672
north_dominated OOB n=49 | RMSE=0.3055 | Bias=-0.0694 | FracRMSE=0.5522 | FracBias=-0.2268 | NoneBias=0.0000 | FullBias=0.0000
south_dominated OOB n=25 | RMSE=0.1700 | Bias=-0.0340 | FracRMSE=0.8500 | FracBias=-0.8500 | NoneBias=0.0000 | FullBias=0.0000
Low-gradient eligible OOB rows (gradient_p84 <= 4.0): 190 / 672
low_gradient_p84 OOB n=190 | RMSE=0.1237 | Bias=0.0107 | FracRMSE=0.3100 | FracBias=-0.0535 | NoneBias=0.0240 | FullBias=0.0000
4.94s

=== Bootstrap 325/1000 ===

Chosen filter -> Eg_strong/Eg_weak >= 1.05, data_quantity >= 9 | CV acc=0.9491, CV bin acc=0.9793, n_rows(dedup)=1061 | OOB acc=0.8554, OOB bin acc=0.9673, n_rows_test(dedup)=581 |
OOB cameras: ['bartlett', 'glees', 'lacclair', 'old_jack_pine', 'sodankyla_full', 'underc', 'underhill', 'varrio', 'willowcreek', 'wslcreek']
OOB n=670 | RMSE=0.1780 | Bias=-0.0033 | FracRMSE=0.3724 | FracBias=-0.1360 | NoneBias=0.0472 | FullBias=-0.0176
Aspect split eligible OOB rows (north/south facing fraction threshold = 0.75): 98 / 670
north_dominated OOB n=64 | RMSE=0.2195 | Bias=-0.0454 | FracRMSE=0.5757 | FracBias=-0.3687 | NoneBias=0.0220 | FullBias=-0.0227
south_dominated OOB n=34 | RMSE=0.2062 | Bias=-0.0500 | FracRMSE=0.8500 | FracBias=-0.8500 | NoneBias=0.0000 | FullBias=0.0000
Low-gradient eligible OOB rows (gradient_p84 <= 4.0): 76 / 670
low_gradient_p84 OOB n=76 | RMSE=0.1136 | Bias=-0.0133 | FracRMSE=0.3153 | FracBias=-0.1801 | NoneBias=0.0146 | FullBias=-0.0134
5.46s

=== Bootstrap 326/1000 ===

Chosen filter -> Eg_strong/Eg_weak >= 1.05, data_quantity >= 14 | CV acc=0.9113, CV bin acc=0.9619, n_rows(dedup)=1049 | OOB acc=0.9315, OOB bin acc=0.9932, n_rows_test(dedup)=292 |
OOB cameras: ['delta_junction', 'glees', 'queens', 'tammela', 'underhill', 'varrio']
OOB n=328 | RMSE=0.1157 | Bias=0.0118 | FracRMSE=0.2947 | FracBias=0.0117 | NoneBias=0.0249 | FullBias=-0.0001
Aspect split eligible OOB rows (north/south facing fraction threshold = 0.75): 78 / 328
north_dominated OOB n=58 | RMSE=0.1397 | Bias=-0.0135 | FracRMSE=0.2929 | FracBias=-0.1154 | NoneBias=0.0243 | FullBias=0.0000
south_dominated OOB n=20 | RMSE=0.0213 | Bias=0.0065 | FracRMSE=nan | FracBias=nan | NoneBias=0.0325 | FullBias=0.0000
Low-gradient eligible OOB rows (gradient_p84 <= 4.0): 24 / 328
low_gradient_p84 OOB n=24 | RMSE=0.1141 | Bias=-0.0157 | FracRMSE=0.1977 | FracBias=-0.0470 | NoneBias=0.0000 | FullBias=0.0000
5.48s

=== Bootstrap 327/1000 ===

Chosen filter -> Eg_strong/Eg_weak >= 1.21, data_quantity >= 13 | CV acc=0.9339, CV bin acc=0.9770, n_rows(dedup)=696 | OOB acc=0.9399, OOB bin acc=0.9945, n_rows_test(dedup)=366 |
OOB cameras: ['delta_junction', 'glees', 'old_jack_pine', 'oregon_yp', 'torgnon']
OOB n=432 | RMSE=0.1594 | Bias=0.0420 | FracRMSE=0.3016 | FracBias=0.0034 | NoneBias=0.0699 | FullBias=-0.0004
Aspect split eligible OOB rows (north/south facing fraction threshold = 0.75): 51 / 432
north_dominated OOB n=34 | RMSE=0.1883 | Bias=0.0030 | FracRMSE=0.3279 | FracBias=-0.0042 | NoneBias=0.0107 | FullBias=0.0000
south_dominated OOB n=17 | RMSE=0.0688 | Bias=0.0047 | FracRMSE=0.2011 | FracBias=-0.2011 | NoneBias=0.0939 | FullBias=0.0000
Low-gradient eligible OOB rows (gradient_p84 <= 4.0): 161 / 432
low_gradient_p84 OOB n=161 | RMSE=0.1497 | Bias=0.0530 | FracRMSE=0.2505 | FracBias=-0.0743 | NoneBias=0.0827 | FullBias=0.0000
5.02s

=== Bootstrap 328/1000 ===

Chosen filter -> Eg_strong/Eg_weak >= 1.05, data_quantity >= 15 | CV acc=0.8955, CV bin acc=0.9834, n_rows(dedup)=842 | OOB acc=0.8978, OOB bin acc=0.9622, n_rows_test(dedup)=450 |
OOB cameras: ['bartlett', 'hyytiala', 'kenttarova', 'marcell_MN', 'sodankyla_full', 'underc', 'underhill', 'wslcreek']
OOB n=497 | RMSE=0.1493 | Bias=-0.0200 | FracRMSE=0.3369 | FracBias=-0.1386 | NoneBias=0.0149 | FullBias=-0.0301
Aspect split eligible OOB rows (north/south facing fraction threshold = 0.75): 87 / 497
north_dominated OOB n=63 | RMSE=0.2168 | Bias=-0.0528 | FracRMSE=0.3634 | FracBias=-0.1446 | NoneBias=0.0017 | FullBias=-0.0436
south_dominated OOB n=24 | RMSE=0.2457 | Bias=-0.0672 | FracRMSE=0.5383 | FracBias=-0.3226 | NoneBias=0.0000 | FullBias=0.0000
Low-gradient eligible OOB rows (gradient_p84 <= 4.0): 36 / 497
low_gradient_p84 OOB n=36 | RMSE=0.0379 | Bias=0.0012 | FracRMSE=0.1053 | FracBias=-0.0315 | NoneBias=0.0080 | FullBias=0.0000
5.33s

=== Bootstrap 329/1000 ===

Chosen filter -> Eg_strong/Eg_weak >= 1.11, data_quantity >= 10 | CV acc=0.9442, CV bin acc=0.9596, n_rows(dedup)=1040 | OOB acc=0.8390, OOB bin acc=0.9564, n_rows_test(dedup)=528 |
OOB cameras: ['bartlett', 'glees', 'lacclair', 'old_jack_pine', 'sodankyla_full', 'tammela', 'torgnon', 'underc', 'varrio']
OOB n=613 | RMSE=0.1493 | Bias=-0.0137 | FracRMSE=0.3727 | FracBias=-0.1480 | NoneBias=0.0163 | FullBias=-0.0144
Aspect split eligible OOB rows (north/south facing fraction threshold = 0.75): 71 / 613
north_dominated OOB n=40 | RMSE=0.3193 | Bias=-0.1221 | FracRMSE=0.7660 | FracBias=-0.7574 | NoneBias=0.0000 | FullBias=-0.0773
south_dominated OOB n=31 | RMSE=0.1654 | Bias=-0.0388 | FracRMSE=0.6511 | FracBias=-0.6020 | NoneBias=0.0000 | FullBias=0.0000
Low-gradient eligible OOB rows (gradient_p84 <= 4.0): 71 / 613
low_gradient_p84 OOB n=71 | RMSE=0.0890 | Bias=-0.0092 | FracRMSE=0.2780 | FracBias=-0.1157 | NoneBias=0.0040 | FullBias=0.0000
5.52s

=== Bootstrap 330/1000 ===

Chosen filter -> Eg_strong/Eg_weak >= 1.05, data_quantity >= 16 | CV acc=0.9468, CV bin acc=0.9782, n_rows(dedup)=1146 | OOB acc=0.9083, OOB bin acc=0.9771, n_rows_test(dedup)=218 |
OOB cameras: ['bartlett', 'delta_junction', 'marcell_MN', 'underhill', 'varrio']
OOB n=263 | RMSE=0.1953 | Bias=-0.0254 | FracRMSE=0.4286 | FracBias=-0.1378 | NoneBias=0.0114 | FullBias=-0.0170
Aspect split eligible OOB rows (north/south facing fraction threshold = 0.75): 75 / 263
north_dominated OOB n=64 | RMSE=0.2664 | Bias=-0.0791 | FracRMSE=0.4673 | FracBias=-0.2403 | NoneBias=0.0000 | FullBias=-0.0606
south_dominated OOB n=11 | RMSE=0.3624 | Bias=-0.1545 | FracRMSE=0.8500 | FracBias=-0.8500 | NoneBias=0.0000 | FullBias=0.0000
Low-gradient eligible OOB rows (gradient_p84 <= 4.0): 22 / 263
low_gradient_p84 OOB n=22 | RMSE=0.1472 | Bias=-0.0129 | FracRMSE=0.2442 | FracBias=-0.0355 | NoneBias=0.0000 | FullBias=0.0000
5.82s

=== Bootstrap 331/1000 ===

Chosen filter -> Eg_strong/Eg_weak >= 1.24, data_quantity >= 16 | CV acc=0.9032, CV bin acc=0.9629, n_rows(dedup)=620 | OOB acc=0.9538, OOB bin acc=0.9885, n_rows_test(dedup)=433 |
OOB cameras: ['delta_junction', 'hyytiala', 'kenttarova', 'lacclair', 'old_jack_pine', 'sodankyla_full']
OOB n=526 | RMSE=0.1192 | Bias=0.0045 | FracRMSE=0.2841 | FracBias=0.0096 | NoneBias=0.0102 | FullBias=-0.0044
Aspect split eligible OOB rows (north/south facing fraction threshold = 0.75): 82 / 526
north_dominated OOB n=67 | RMSE=0.1453 | Bias=-0.0103 | FracRMSE=0.2803 | FracBias=-0.0383 | NoneBias=0.0000 | FullBias=0.0000
south_dominated OOB n=15 | RMSE=0.0221 | Bias=0.0087 | FracRMSE=0.0493 | FracBias=0.0433 | NoneBias=0.0000 | FullBias=0.0000
Low-gradient eligible OOB rows (gradient_p84 <= 4.0): 95 / 526
low_gradient_p84 OOB n=95 | RMSE=0.1093 | Bias=-0.0039 | FracRMSE=0.2505 | FracBias=-0.0399 | NoneBias=0.0063 | FullBias=0.0000
4.63s

=== Bootstrap 332/1000 ===

Chosen filter -> Eg_strong/Eg_weak >= 1.05, data_quantity >= 14 | CV acc=0.9480, CV bin acc=0.9807, n_rows(dedup)=1192 | OOB acc=0.8880, OOB bin acc=0.9807, n_rows_test(dedup)=259 |
OOB cameras: ['bartlett', 'queens', 'sodankyla_full', 'torgnon', 'underhill', 'varrio']
OOB n=275 | RMSE=0.1528 | Bias=-0.0205 | FracRMSE=0.5948 | FracBias=-0.4955 | NoneBias=0.0161 | FullBias=-0.0153
Aspect split eligible OOB rows (north/south facing fraction threshold = 0.75): 56 / 275
north_dominated OOB n=40 | RMSE=0.2564 | Bias=-0.0841 | FracRMSE=0.6885 | FracBias=-0.6687 | NoneBias=0.0068 | FullBias=-0.0603
south_dominated OOB n=16 | RMSE=0.3132 | Bias=-0.1283 | FracRMSE=0.7234 | FracBias=-0.6845 | NoneBias=0.0000 | FullBias=0.0000
Low-gradient eligible OOB rows (gradient_p84 <= 4.0): 30 / 275
low_gradient_p84 OOB n=30 | RMSE=0.0387 | Bias=0.0008 | FracRMSE=0.1371 | FracBias=-0.1371 | NoneBias=0.0124 | FullBias=0.0000
5.91s

=== Bootstrap 333/1000 ===

Chosen filter -> Eg_strong/Eg_weak >= 1.05, data_quantity >= 16 | CV acc=0.9278, CV bin acc=0.9840, n_rows(dedup)=997 | OOB acc=0.9506, OOB bin acc=0.9767, n_rows_test(dedup)=344 |
OOB cameras: ['glees', 'old_jack_pine', 'oregon_yp', 'torgnon', 'willowcreek']
OOB n=379 | RMSE=0.1717 | Bias=0.0360 | FracRMSE=0.2698 | FracBias=-0.1213 | NoneBias=0.0817 | FullBias=-0.0317
Aspect split eligible OOB rows (north/south facing fraction threshold = 0.75): 15 / 379
north_dominated OOB n=1 | RMSE=0.0000 | Bias=0.0000 | FracRMSE=nan | FracBias=nan | NoneBias=0.0000 | FullBias=nan
south_dominated OOB n=14 | RMSE=0.0284 | Bias=0.0107 | FracRMSE=nan | FracBias=nan | NoneBias=0.0500 | FullBias=0.0000
Low-gradient eligible OOB rows (gradient_p84 <= 4.0): 141 / 379
low_gradient_p84 OOB n=141 | RMSE=0.1497 | Bias=0.0448 | FracRMSE=0.2734 | FracBias=-0.2115 | NoneBias=0.0847 | FullBias=-0.0629
5.61s

=== Bootstrap 334/1000 ===

Chosen filter -> Eg_strong/Eg_weak >= 1.30, data_quantity >= 12 | CV acc=0.9503, CV bin acc=0.9617, n_rows(dedup)=784 | OOB acc=0.8270, OOB bin acc=0.9852, n_rows_test(dedup)=474 |
OOB cameras: ['bartlett', 'glees', 'kenttarova', 'old_jack_pine', 'sodankyla_full', 'torgnon', 'underc', 'varrio']
OOB n=541 | RMSE=0.1362 | Bias=-0.0058 | FracRMSE=0.3174 | FracBias=-0.0851 | NoneBias=0.0227 | FullBias=-0.0081
Aspect split eligible OOB rows (north/south facing fraction threshold = 0.75): 99 / 541
north_dominated OOB n=59 | RMSE=0.1857 | Bias=-0.0432 | FracRMSE=0.4300 | FracBias=-0.2316 | NoneBias=0.0000 | FullBias=0.0000
south_dominated OOB n=40 | RMSE=0.1464 | Bias=-0.0269 | FracRMSE=0.4140 | FracBias=-0.2153 | NoneBias=0.0000 | FullBias=0.0000
Low-gradient eligible OOB rows (gradient_p84 <= 4.0): 78 / 541
low_gradient_p84 OOB n=78 | RMSE=0.0925 | Bias=-0.0103 | FracRMSE=0.2640 | FracBias=-0.1136 | NoneBias=0.0054 | FullBias=0.0000
5.39s

=== Bootstrap 335/1000 ===

Chosen filter -> Eg_strong/Eg_weak >= 1.28, data_quantity >= 17 | CV acc=0.9135, CV bin acc=0.9843, n_rows(dedup)=636 | OOB acc=0.9866, OOB bin acc=0.9888, n_rows_test(dedup)=447 |
OOB cameras: ['bartlett', 'hyytiala', 'old_jack_pine', 'oregon_yp', 'sodankyla_full']
OOB n=487 | RMSE=0.1467 | Bias=0.0203 | FracRMSE=0.3469 | FracBias=-0.1555 | NoneBias=0.0581 | FullBias=-0.0264
Aspect split eligible OOB rows (north/south facing fraction threshold = 0.75): 19 / 487
north_dominated OOB n=13 | RMSE=0.3421 | Bias=-0.1596 | FracRMSE=0.7118 | FracBias=-0.7041 | NoneBias=0.0062 | FullBias=0.0000
south_dominated OOB n=6 | RMSE=0.3471 | Bias=-0.1454 | FracRMSE=0.8500 | FracBias=-0.8500 | NoneBias=0.0000 | FullBias=-0.0057
Low-gradient eligible OOB rows (gradient_p84 <= 4.0): 161 / 487
low_gradient_p84 OOB n=161 | RMSE=0.1482 | Bias=0.0692 | FracRMSE=0.2407 | FracBias=-0.1619 | NoneBias=0.1075 | FullBias=-0.0013
5.14s

=== Bootstrap 336/1000 ===

Chosen filter -> Eg_strong/Eg_weak >= 1.05, data_quantity >= 17 | CV acc=0.9483, CV bin acc=0.9756, n_rows(dedup)=1025 | OOB acc=0.9014, OOB bin acc=0.9830, n_rows_test(dedup)=294 |
OOB cameras: ['bartlett', 'sodankyla_full', 'tammela', 'underc', 'underhill', 'wslcreek']
OOB n=320 | RMSE=0.1717 | Bias=-0.0125 | FracRMSE=0.4328 | FracBias=-0.2050 | NoneBias=0.0254 | FullBias=-0.0158
Aspect split eligible OOB rows (north/south facing fraction threshold = 0.75): 45 / 320
north_dominated OOB n=35 | RMSE=0.2809 | Bias=-0.0951 | FracRMSE=0.5464 | FracBias=-0.3650 | NoneBias=0.0021 | FullBias=-0.0660
south_dominated OOB n=10 | RMSE=0.3801 | Bias=-0.1700 | FracRMSE=0.8500 | FracBias=-0.8500 | NoneBias=0.0000 | FullBias=0.0000
Low-gradient eligible OOB rows (gradient_p84 <= 4.0): 28 / 320
low_gradient_p84 OOB n=28 | RMSE=0.0301 | Bias=0.0063 | FracRMSE=0.0193 | FracBias=0.0193 | NoneBias=0.0121 | FullBias=0.0000
5.63s

=== Bootstrap 337/1000 ===

Chosen filter -> Eg_strong/Eg_weak >= 1.05, data_quantity >= 11 | CV acc=0.8967, CV bin acc=0.9590, n_rows(dedup)=1123 | OOB acc=0.9518, OOB bin acc=0.9807, n_rows_test(dedup)=415 |
OOB cameras: ['bartlett', 'kenttarova', 'marcell_MN', 'queens', 'sodankyla_full', 'underhill', 'varrio', 'wslcreek']
OOB n=457 | RMSE=0.1350 | Bias=-0.0118 | FracRMSE=0.3460 | FracBias=-0.1425 | NoneBias=0.0195 | FullBias=-0.0130
Aspect split eligible OOB rows (north/south facing fraction threshold = 0.75): 116 / 457
north_dominated OOB n=87 | RMSE=0.1898 | Bias=-0.0378 | FracRMSE=0.3778 | FracBias=-0.1522 | NoneBias=0.0120 | FullBias=-0.0263
south_dominated OOB n=29 | RMSE=0.2236 | Bias=-0.0553 | FracRMSE=0.5384 | FracBias=-0.3209 | NoneBias=0.0000 | FullBias=0.0000
Low-gradient eligible OOB rows (gradient_p84 <= 4.0): 39 / 457
low_gradient_p84 OOB n=39 | RMSE=0.0463 | Bias=0.0055 | FracRMSE=0.0898 | FracBias=-0.0185 | NoneBias=0.0159 | FullBias=0.0000
5.68s

=== Bootstrap 338/1000 ===

Chosen filter -> Eg_strong/Eg_weak >= 1.05, data_quantity >= 11 | CV acc=0.9407, CV bin acc=0.9868, n_rows(dedup)=1063 | OOB acc=0.8834, OOB bin acc=0.9446, n_rows_test(dedup)=343 |
OOB cameras: ['hyytiala', 'lacclair', 'underc', 'varrio', 'willowcreek', 'wslcreek']
OOB n=402 | RMSE=0.1609 | Bias=-0.0040 | FracRMSE=0.2478 | FracBias=-0.0617 | NoneBias=0.0413 | FullBias=-0.0342
Aspect split eligible OOB rows (north/south facing fraction threshold = 0.75): 49 / 402
north_dominated OOB n=42 | RMSE=0.0521 | Bias=0.0075 | FracRMSE=0.2387 | FracBias=0.1585 | NoneBias=0.0000 | FullBias=0.0000
south_dominated OOB n=7 | RMSE=0.0000 | Bias=0.0000 | FracRMSE=nan | FracBias=nan | NoneBias=nan | FullBias=0.0000
Low-gradient eligible OOB rows (gradient_p84 <= 4.0): 5 / 402
low_gradient_p84 OOB n=5 | RMSE=0.2338 | Bias=-0.0221 | FracRMSE=nan | FracBias=nan | NoneBias=0.1906 | FullBias=-0.1639
6.0s

=== Bootstrap 339/1000 ===

Chosen filter -> Eg_strong/Eg_weak >= 1.05, data_quantity >= 17 | CV acc=0.9059, CV bin acc=0.9943, n_rows(dedup)=882 | OOB acc=0.9351, OOB bin acc=0.9654, n_rows_test(dedup)=462 |
OOB cameras: ['bartlett', 'hyytiala', 'oregon_yp', 'tammela', 'underc', 'underhill', 'willowcreek', 'wslcreek']
OOB n=502 | RMSE=0.1836 | Bias=0.0071 | FracRMSE=0.3597 | FracBias=-0.2070 | NoneBias=0.0595 | FullBias=-0.0656
Aspect split eligible OOB rows (north/south facing fraction threshold = 0.75): 39 / 502
north_dominated OOB n=30 | RMSE=0.3025 | Bias=-0.1067 | FracRMSE=0.5276 | FracBias=-0.3431 | NoneBias=0.0339 | FullBias=-0.0772
south_dominated OOB n=9 | RMSE=0.4008 | Bias=-0.1918 | FracRMSE=0.8500 | FracBias=-0.8500 | NoneBias=0.0000 | FullBias=-0.0043
Low-gradient eligible OOB rows (gradient_p84 <= 4.0): 101 / 502
low_gradient_p84 OOB n=101 | RMSE=0.1544 | Bias=0.0702 | FracRMSE=0.2568 | FracBias=-0.2227 | NoneBias=0.1035 | FullBias=-0.2771
5.88s

=== Bootstrap 340/1000 ===

Chosen filter -> Eg_strong/Eg_weak >= 1.18, data_quantity >= 14 | CV acc=0.9072, CV bin acc=0.9739, n_rows(dedup)=959 | OOB acc=0.9132, OOB bin acc=0.9635, n_rows_test(dedup)=219 |
OOB cameras: ['bartlett', 'glees', 'hyytiala', 'kenttarova', 'queens']
OOB n=241 | RMSE=0.1278 | Bias=-0.0230 | FracRMSE=0.3004 | FracBias=-0.0986 | NoneBias=0.0083 | FullBias=-0.0437
Aspect split eligible OOB rows (north/south facing fraction threshold = 0.75): 66 / 241
north_dominated OOB n=33 | RMSE=0.1941 | Bias=-0.0489 | FracRMSE=0.3520 | FracBias=-0.1674 | NoneBias=0.0076 | FullBias=0.0000
south_dominated OOB n=33 | RMSE=0.1487 | Bias=-0.0221 | FracRMSE=0.4271 | FracBias=-0.1800 | NoneBias=0.0000 | FullBias=-0.0004
Low-gradient eligible OOB rows (gradient_p84 <= 4.0): 8 / 241
low_gradient_p84 OOB n=8 | RMSE=0.0300 | Bias=0.0150 | FracRMSE=0.0600 | FracBias=0.0600 | NoneBias=0.0000 | FullBias=0.0000
5.39s

=== Bootstrap 341/1000 ===

Chosen filter -> Eg_strong/Eg_weak >= 1.18, data_quantity >= 15 | CV acc=0.9396, CV bin acc=0.9894, n_rows(dedup)=662 | OOB acc=0.9296, OOB bin acc=0.9885, n_rows_test(dedup)=611 |
OOB cameras: ['delta_junction', 'glees', 'hyytiala', 'old_jack_pine', 'oregon_yp', 'sodankyla_full', 'torgnon', 'underc']
OOB n=691 | RMSE=0.1618 | Bias=0.0376 | FracRMSE=0.3475 | FracBias=0.0658 | NoneBias=0.0531 | FullBias=-0.0023
Aspect split eligible OOB rows (north/south facing fraction threshold = 0.75): 56 / 691
north_dominated OOB n=40 | RMSE=0.2153 | Bias=0.0272 | FracRMSE=0.4082 | FracBias=0.0853 | NoneBias=0.0083 | FullBias=0.0000
south_dominated OOB n=16 | RMSE=0.0000 | Bias=0.0000 | FracRMSE=nan | FracBias=nan | NoneBias=0.0000 | FullBias=0.0000
Low-gradient eligible OOB rows (gradient_p84 <= 4.0): 186 / 691
low_gradient_p84 OOB n=186 | RMSE=0.1690 | Bias=0.0619 | FracRMSE=0.3099 | FracBias=0.0138 | NoneBias=0.0836 | FullBias=0.0000
4.87s

=== Bootstrap 342/1000 ===

Chosen filter -> Eg_strong/Eg_weak >= 1.21, data_quantity >= 16 | CV acc=0.9367, CV bin acc=0.9930, n_rows(dedup)=711 | OOB acc=0.8976, OOB bin acc=0.9705, n_rows_test(dedup)=508 |
OOB cameras: ['bartlett', 'hyytiala', 'old_jack_pine', 'sodankyla_full', 'tammela', 'underc', 'willowcreek', 'wslcreek']
OOB n=550 | RMSE=0.1587 | Bias=-0.0124 | FracRMSE=0.3438 | FracBias=-0.1529 | NoneBias=0.0291 | FullBias=-0.0424
Aspect split eligible OOB rows (north/south facing fraction threshold = 0.75): 37 / 550
north_dominated OOB n=30 | RMSE=0.2072 | Bias=-0.0556 | FracRMSE=0.5077 | FracBias=-0.3339 | NoneBias=0.0000 | FullBias=0.0000
south_dominated OOB n=7 | RMSE=0.3241 | Bias=-0.1375 | FracRMSE=0.8500 | FracBias=-0.8500 | NoneBias=0.0000 | FullBias=-0.0225
Low-gradient eligible OOB rows (gradient_p84 <= 4.0): 69 / 550
low_gradient_p84 OOB n=69 | RMSE=0.1283 | Bias=-0.0253 | FracRMSE=0.3264 | FracBias=-0.2528 | NoneBias=0.0228 | FullBias=-0.0352
5.11s

=== Bootstrap 343/1000 ===

Chosen filter -> Eg_strong/Eg_weak >= 1.05, data_quantity >= 14 | CV acc=0.9426, CV bin acc=0.9837, n_rows(dedup)=1167 | OOB acc=0.9577, OOB bin acc=0.9739, n_rows_test(dedup)=307 |
OOB cameras: ['kenttarova', 'old_jack_pine', 'queens', 'tammela', 'torgnon', 'willowcreek']
OOB n=345 | RMSE=0.1561 | Bias=0.0104 | FracRMSE=0.2381 | FracBias=-0.0154 | NoneBias=0.0346 | FullBias=-0.0208
Aspect split eligible OOB rows (north/south facing fraction threshold = 0.75): 42 / 345
north_dominated OOB n=27 | RMSE=0.0204 | Bias=0.0081 | FracRMSE=0.0400 | FracBias=0.0314 | NoneBias=0.0000 | FullBias=0.0000
south_dominated OOB n=15 | RMSE=0.0639 | Bias=-0.0068 | FracRMSE=0.1238 | FracBias=-0.0256 | NoneBias=0.0000 | FullBias=0.0000
Low-gradient eligible OOB rows (gradient_p84 <= 4.0): 53 / 345
low_gradient_p84 OOB n=53 | RMSE=0.1347 | Bias=-0.0152 | FracRMSE=0.2946 | FracBias=-0.1320 | NoneBias=0.0158 | FullBias=-0.0196
5.96s

=== Bootstrap 344/1000 ===

Chosen filter -> Eg_strong/Eg_weak >= 1.05, data_quantity >= 15 | CV acc=0.8940, CV bin acc=0.9912, n_rows(dedup)=906 | OOB acc=0.9177, OOB bin acc=0.9626, n_rows_test(dedup)=401 |
OOB cameras: ['hyytiala', 'old_jack_pine', 'torgnon', 'underc', 'underhill', 'varrio', 'willowcreek']
OOB n=442 | RMSE=0.1661 | Bias=-0.0003 | FracRMSE=0.2799 | FracBias=-0.0795 | NoneBias=0.0427 | FullBias=-0.0448
Aspect split eligible OOB rows (north/south facing fraction threshold = 0.75): 30 / 442
north_dominated OOB n=25 | RMSE=0.0731 | Bias=0.0146 | FracRMSE=nan | FracBias=nan | NoneBias=0.0522 | FullBias=0.0000
south_dominated OOB n=5 | RMSE=0.0000 | Bias=0.0000 | FracRMSE=nan | FracBias=nan | NoneBias=0.0000 | FullBias=0.0000
Low-gradient eligible OOB rows (gradient_p84 <= 4.0): 44 / 442
low_gradient_p84 OOB n=44 | RMSE=0.1617 | Bias=-0.0405 | FracRMSE=0.3319 | FracBias=-0.2561 | NoneBias=0.0269 | FullBias=-0.0884
5.51s

=== Bootstrap 345/1000 ===

Chosen filter -> Eg_strong/Eg_weak >= 1.18, data_quantity >= 15 | CV acc=0.9229, CV bin acc=0.9692, n_rows(dedup)=778 | OOB acc=0.9688, OOB bin acc=0.9974, n_rows_test(dedup)=385 |
OOB cameras: ['bartlett', 'delta_junction', 'marcell_MN', 'oregon_yp', 'sodankyla_full']
OOB n=440 | RMSE=0.1393 | Bias=-0.0012 | FracRMSE=0.3535 | FracBias=-0.1077 | NoneBias=0.0241 | FullBias=-0.0045
Aspect split eligible OOB rows (north/south facing fraction threshold = 0.75): 52 / 440
north_dominated OOB n=46 | RMSE=0.2475 | Bias=-0.0581 | FracRMSE=0.4486 | FracBias=-0.1924 | NoneBias=0.0012 | FullBias=0.0000
south_dominated OOB n=6 | RMSE=0.3470 | Bias=-0.1417 | FracRMSE=0.8500 | FracBias=-0.8500 | NoneBias=0.0000 | FullBias=0.0000
Low-gradient eligible OOB rows (gradient_p84 <= 4.0): 148 / 440
low_gradient_p84 OOB n=148 | RMSE=0.1201 | Bias=0.0185 | FracRMSE=0.2719 | FracBias=-0.1016 | NoneBias=0.0403 | FullBias=0.0000
4.93s

=== Bootstrap 346/1000 ===

Chosen filter -> Eg_strong/Eg_weak >= 1.18, data_quantity >= 16 | CV acc=0.9385, CV bin acc=0.9906, n_rows(dedup)=960 | OOB acc=0.9631, OOB bin acc=0.9736, n_rows_test(dedup)=379 |
OOB cameras: ['hyytiala', 'oregon_yp', 'queens', 'tammela', 'willowcreek', 'wslcreek']
OOB n=398 | RMSE=0.1494 | Bias=0.0244 | FracRMSE=0.2340 | FracBias=-0.1475 | NoneBias=0.0607 | FullBias=-0.0613
Aspect split eligible OOB rows (north/south facing fraction threshold = 0.75): 21 / 398
north_dominated OOB n=19 | RMSE=0.0804 | Bias=0.0174 | FracRMSE=0.2477 | FracBias=0.1648 | NoneBias=0.0000 | FullBias=0.0000
south_dominated OOB n=2 | RMSE=0.0000 | Bias=0.0000 | FracRMSE=nan | FracBias=nan | NoneBias=nan | FullBias=0.0000
Low-gradient eligible OOB rows (gradient_p84 <= 4.0): 102 / 398
low_gradient_p84 OOB n=102 | RMSE=0.1496 | Bias=0.0603 | FracRMSE=0.2622 | FracBias=-0.2318 | NoneBias=0.0935 | FullBias=-0.2970
6.04s

=== Bootstrap 347/1000 ===

Chosen filter -> Eg_strong/Eg_weak >= 1.27, data_quantity >= 14 | CV acc=0.9589, CV bin acc=0.9866, n_rows(dedup)=1119 | OOB acc=0.9078, OOB bin acc=0.9741, n_rows_test(dedup)=347 |
OOB cameras: ['bartlett', 'delta_junction', 'glees', 'sodankyla_full', 'tammela', 'willowcreek']
OOB n=383 | RMSE=0.1689 | Bias=-0.0057 | FracRMSE=0.3724 | FracBias=-0.1075 | NoneBias=0.0330 | FullBias=-0.0224
Aspect split eligible OOB rows (north/south facing fraction threshold = 0.75): 66 / 383
north_dominated OOB n=45 | RMSE=0.2212 | Bias=-0.0797 | FracRMSE=0.3966 | FracBias=-0.2563 | NoneBias=0.0000 | FullBias=0.0000
south_dominated OOB n=21 | RMSE=0.1855 | Bias=-0.0405 | FracRMSE=0.8500 | FracBias=-0.8500 | NoneBias=0.0000 | FullBias=0.0000
Low-gradient eligible OOB rows (gradient_p84 <= 4.0): 56 / 383
low_gradient_p84 OOB n=56 | RMSE=0.1207 | Bias=-0.0192 | FracRMSE=0.2142 | FracBias=-0.1145 | NoneBias=0.0258 | FullBias=-0.0265
6.03s

=== Bootstrap 348/1000 ===

Chosen filter -> Eg_strong/Eg_weak >= 1.05, data_quantity >= 16 | CV acc=0.9433, CV bin acc=0.9800, n_rows(dedup)=1199 | OOB acc=0.9419, OOB bin acc=0.9871, n_rows_test(dedup)=155 |
OOB cameras: ['glees', 'tammela', 'underhill', 'wslcreek']
OOB n=158 | RMSE=0.1061 | Bias=0.0219 | FracRMSE=0.2317 | FracBias=0.1759 | NoneBias=0.0426 | FullBias=-0.0017
Aspect split eligible OOB rows (north/south facing fraction threshold = 0.75): 34 / 158
north_dominated OOB n=20 | RMSE=0.1165 | Bias=0.0358 | FracRMSE=0.2458 | FracBias=0.1635 | NoneBias=0.3880 | FullBias=0.0000
south_dominated OOB n=14 | RMSE=0.0140 | Bias=0.0041 | FracRMSE=nan | FracBias=nan | NoneBias=0.0192 | FullBias=0.0000
Low-gradient eligible OOB rows (gradient_p84 <= 4.0): 0 / 158
low_gradient_p84 OOB n=0 | RMSE=nan | Bias=nan | FracRMSE=nan | FracBias=nan | NoneBias=nan | FullBias=nan
6.34s

=== Bootstrap 349/1000 ===

Chosen filter -> Eg_strong/Eg_weak >= 1.18, data_quantity >= 9 | CV acc=0.9277, CV bin acc=0.9815, n_rows(dedup)=650 | OOB acc=0.9292, OOB bin acc=0.9870, n_rows_test(dedup)=537 |
OOB cameras: ['hyytiala', 'old_jack_pine', 'oregon_yp', 'sodankyla_full', 'underc', 'underhill']
OOB n=590 | RMSE=0.1460 | Bias=0.0393 | FracRMSE=0.2440 | FracBias=-0.0511 | NoneBias=0.0772 | FullBias=-0.0168
Aspect split eligible OOB rows (north/south facing fraction threshold = 0.75): 12 / 590
north_dominated OOB n=10 | RMSE=0.1566 | Bias=0.0587 | FracRMSE=nan | FracBias=nan | NoneBias=0.0978 | FullBias=0.0000
south_dominated OOB n=2 | RMSE=0.0000 | Bias=0.0000 | FracRMSE=nan | FracBias=nan | NoneBias=0.0000 | FullBias=nan
Low-gradient eligible OOB rows (gradient_p84 <= 4.0): 168 / 590
low_gradient_p84 OOB n=168 | RMSE=0.1504 | Bias=0.0666 | FracRMSE=0.2407 | FracBias=-0.1731 | NoneBias=0.1073 | FullBias=-0.0025
4.8s

=== Bootstrap 350/1000 ===

Chosen filter -> Eg_strong/Eg_weak >= 1.25, data_quantity >= 17 | CV acc=0.9409, CV bin acc=0.9814, n_rows(dedup)=914 | OOB acc=0.8537, OOB bin acc=0.9902, n_rows_test(dedup)=205 |
OOB cameras: ['delta_junction', 'kenttarova', 'lacclair', 'marcell_MN', 'wslcreek']
OOB n=281 | RMSE=0.1151 | Bias=-0.0081 | FracRMSE=0.2559 | FracBias=-0.0323 | NoneBias=0.0000 | FullBias=-0.0035
Aspect split eligible OOB rows (north/south facing fraction threshold = 0.75): 91 / 281
north_dominated OOB n=77 | RMSE=0.1265 | Bias=-0.0140 | FracRMSE=0.2547 | FracBias=-0.0568 | NoneBias=0.0000 | FullBias=0.0000
south_dominated OOB n=14 | RMSE=0.0163 | Bias=0.0050 | FracRMSE=0.0430 | FracBias=0.0350 | NoneBias=0.0000 | FullBias=0.0000
Low-gradient eligible OOB rows (gradient_p84 <= 4.0): 28 / 281
low_gradient_p84 OOB n=28 | RMSE=0.1206 | Bias=-0.0158 | FracRMSE=0.2127 | FracBias=-0.0493 | NoneBias=0.0000 | FullBias=0.0000
5.53s

=== Bootstrap 351/1000 ===

Chosen filter -> Eg_strong/Eg_weak >= 1.27, data_quantity >= 14 | CV acc=0.9015, CV bin acc=0.9910, n_rows(dedup)=1005 | OOB acc=0.9228, OOB bin acc=0.9703, n_rows_test(dedup)=337 |
OOB cameras: ['lacclair', 'old_jack_pine', 'tammela', 'underc', 'varrio', 'willowcreek']
OOB n=404 | RMSE=0.1646 | Bias=0.0023 | FracRMSE=0.3112 | FracBias=-0.0891 | NoneBias=0.0409 | FullBias=-0.0155
Aspect split eligible OOB rows (north/south facing fraction threshold = 0.75): 28 / 404
north_dominated OOB n=23 | RMSE=0.0000 | Bias=0.0000 | FracRMSE=nan | FracBias=nan | NoneBias=0.0000 | FullBias=0.0000
south_dominated OOB n=5 | RMSE=0.0000 | Bias=0.0000 | FracRMSE=nan | FracBias=nan | NoneBias=nan | FullBias=0.0000
Low-gradient eligible OOB rows (gradient_p84 <= 4.0): 44 / 404
low_gradient_p84 OOB n=44 | RMSE=0.1361 | Bias=-0.0302 | FracRMSE=0.3434 | FracBias=-0.2026 | NoneBias=0.0081 | FullBias=-0.0269
5.92s

=== Bootstrap 352/1000 ===

Chosen filter -> Eg_strong/Eg_weak >= 1.21, data_quantity >= 16 | CV acc=0.9587, CV bin acc=0.9826, n_rows(dedup)=920 | OOB acc=0.9123, OOB bin acc=0.9930, n_rows_test(dedup)=285 |
OOB cameras: ['lacclair', 'old_jack_pine', 'queens', 'sodankyla_full', 'underc']
OOB n=348 | RMSE=0.1471 | Bias=0.0091 | FracRMSE=0.3213 | FracBias=-0.0208 | NoneBias=0.0278 | FullBias=-0.0008
Aspect split eligible OOB rows (north/south facing fraction threshold = 0.75): 12 / 348
north_dominated OOB n=8 | RMSE=0.0000 | Bias=0.0000 | FracRMSE=nan | FracBias=nan | NoneBias=0.0000 | FullBias=0.0000
south_dominated OOB n=4 | RMSE=0.0000 | Bias=0.0000 | FracRMSE=nan | FracBias=nan | NoneBias=0.0000 | FullBias=0.0000
Low-gradient eligible OOB rows (gradient_p84 <= 4.0): 65 / 348
low_gradient_p84 OOB n=65 | RMSE=0.0979 | Bias=-0.0081 | FracRMSE=0.2876 | FracBias=-0.1055 | NoneBias=0.0058 | FullBias=0.0000
5.37s

=== Bootstrap 353/1000 ===

Chosen filter -> Eg_strong/Eg_weak >= 1.18, data_quantity >= 9 | CV acc=0.9432, CV bin acc=0.9813, n_rows(dedup)=1285 | OOB acc=0.9057, OOB bin acc=0.9770, n_rows_test(dedup)=435 |
OOB cameras: ['delta_junction', 'lacclair', 'marcell_MN', 'old_jack_pine', 'queens', 'tammela', 'underc', 'underhill', 'willowcreek']
OOB n=535 | RMSE=0.2037 | Bias=0.0183 | FracRMSE=0.4073 | FracBias=0.0218 | NoneBias=0.0373 | FullBias=-0.0041
Aspect split eligible OOB rows (north/south facing fraction threshold = 0.75): 42 / 535
north_dominated OOB n=38 | RMSE=0.2408 | Bias=-0.0288 | FracRMSE=0.4476 | FracBias=-0.0994 | NoneBias=0.0000 | FullBias=0.0000
south_dominated OOB n=4 | RMSE=0.0000 | Bias=0.0000 | FracRMSE=nan | FracBias=nan | NoneBias=0.0000 | FullBias=0.0000
Low-gradient eligible OOB rows (gradient_p84 <= 4.0): 67 / 535
low_gradient_p84 OOB n=67 | RMSE=0.1704 | Bias=-0.0062 | FracRMSE=0.3728 | FracBias=-0.0295 | NoneBias=0.0000 | FullBias=0.0000
6.37s

=== Bootstrap 354/1000 ===

Chosen filter -> Eg_strong/Eg_weak >= 1.14, data_quantity >= 16 | CV acc=0.9033, CV bin acc=0.9697, n_rows(dedup)=1024 | OOB acc=0.9404, OOB bin acc=0.9895, n_rows_test(dedup)=285 |
OOB cameras: ['lacclair', 'old_jack_pine', 'queens', 'sodankyla_full', 'torgnon', 'wslcreek']
OOB n=339 | RMSE=0.1024 | Bias=-0.0002 | FracRMSE=0.2716 | FracBias=-0.0795 | NoneBias=0.0202 | FullBias=-0.0020
Aspect split eligible OOB rows (north/south facing fraction threshold = 0.75): 32 / 339
north_dominated OOB n=26 | RMSE=0.0612 | Bias=0.0112 | FracRMSE=0.2207 | FracBias=0.1457 | NoneBias=0.0000 | FullBias=0.0000
south_dominated OOB n=6 | RMSE=0.0000 | Bias=0.0000 | FracRMSE=nan | FracBias=nan | NoneBias=0.0000 | FullBias=0.0000
Low-gradient eligible OOB rows (gradient_p84 <= 4.0): 65 / 339
low_gradient_p84 OOB n=65 | RMSE=0.1091 | Bias=-0.0121 | FracRMSE=0.3076 | FracBias=-0.2047 | NoneBias=0.0196 | FullBias=-0.0026
5.43s

=== Bootstrap 355/1000 ===

Chosen filter -> Eg_strong/Eg_weak >= 1.05, data_quantity >= 16 | CV acc=0.9407, CV bin acc=0.9831, n_rows(dedup)=1062 | OOB acc=0.9007, OOB bin acc=0.9362, n_rows_test(dedup)=141 |
OOB cameras: ['bartlett', 'lacclair', 'old_jack_pine', 'torgnon']
OOB n=197 | RMSE=0.2196 | Bias=-0.0428 | FracRMSE=0.4363 | FracBias=-0.2077 | NoneBias=0.0141 | FullBias=-0.0296
Aspect split eligible OOB rows (north/south facing fraction threshold = 0.75): 22 / 197
north_dominated OOB n=11 | RMSE=0.5443 | Bias=-0.3613 | FracRMSE=0.7455 | FracBias=-0.7351 | NoneBias=0.0000 | FullBias=-0.2949
south_dominated OOB n=11 | RMSE=0.3624 | Bias=-0.1545 | FracRMSE=0.8500 | FracBias=-0.8500 | NoneBias=0.0000 | FullBias=0.0000
Low-gradient eligible OOB rows (gradient_p84 <= 4.0): 39 / 197
low_gradient_p84 OOB n=39 | RMSE=0.1289 | Bias=-0.0268 | FracRMSE=0.3287 | FracBias=-0.1742 | NoneBias=0.0000 | FullBias=0.0000
5.67s

=== Bootstrap 356/1000 ===

Chosen filter -> Eg_strong/Eg_weak >= 1.05, data_quantity >= 16 | CV acc=0.9202, CV bin acc=0.9574, n_rows(dedup)=940 | OOB acc=0.9559, OOB bin acc=0.9962, n_rows_test(dedup)=521 |
OOB cameras: ['delta_junction', 'glees', 'marcell_MN', 'old_jack_pine', 'sodankyla_full', 'tammela', 'varrio']
OOB n=580 | RMSE=0.1135 | Bias=0.0035 | FracRMSE=0.3386 | FracBias=-0.0005 | NoneBias=0.0076 | FullBias=0.0000
Aspect split eligible OOB rows (north/south facing fraction threshold = 0.75): 76 / 580
north_dominated OOB n=59 | RMSE=0.1578 | Bias=-0.0189 | FracRMSE=0.3654 | FracBias=-0.1014 | NoneBias=0.0000 | FullBias=0.0000
south_dominated OOB n=17 | RMSE=0.0000 | Bias=0.0000 | FracRMSE=nan | FracBias=nan | NoneBias=0.0000 | FullBias=0.0000
Low-gradient eligible OOB rows (gradient_p84 <= 4.0): 89 / 580
low_gradient_p84 OOB n=89 | RMSE=0.1153 | Bias=-0.0098 | FracRMSE=0.2787 | FracBias=-0.0667 | NoneBias=0.0028 | FullBias=0.0000
5.3s

=== Bootstrap 357/1000 ===

Chosen filter -> Eg_strong/Eg_weak >= 1.20, data_quantity >= 10 | CV acc=0.9103, CV bin acc=0.9805, n_rows(dedup)=769 | OOB acc=0.9557, OOB bin acc=0.9879, n_rows_test(dedup)=497 |
OOB cameras: ['bartlett', 'delta_junction', 'hyytiala', 'kenttarova', 'old_jack_pine', 'oregon_yp', 'underhill']
OOB n=587 | RMSE=0.1544 | Bias=-0.0040 | FracRMSE=0.3493 | FracBias=-0.0606 | NoneBias=0.0128 | FullBias=-0.0103
Aspect split eligible OOB rows (north/south facing fraction threshold = 0.75): 90 / 587
north_dominated OOB n=71 | RMSE=0.2347 | Bias=-0.0497 | FracRMSE=0.4124 | FracBias=-0.1534 | NoneBias=0.0000 | FullBias=0.0000
south_dominated OOB n=19 | RMSE=0.1960 | Bias=-0.0379 | FracRMSE=0.4271 | FracBias=-0.1800 | NoneBias=0.0000 | FullBias=0.0000
Low-gradient eligible OOB rows (gradient_p84 <= 4.0): 171 / 587
low_gradient_p84 OOB n=171 | RMSE=0.1141 | Bias=-0.0029 | FracRMSE=0.2773 | FracBias=-0.1071 | NoneBias=0.0162 | FullBias=0.0000
5.05s

=== Bootstrap 358/1000 ===

Chosen filter -> Eg_strong/Eg_weak >= 1.05, data_quantity >= 15 | CV acc=0.9178, CV bin acc=0.9824, n_rows(dedup)=1022 | OOB acc=0.9560, OOB bin acc=0.9780, n_rows_test(dedup)=318 |
OOB cameras: ['lacclair', 'marcell_MN', 'sodankyla_full', 'underhill', 'varrio', 'willowcreek']
OOB n=359 | RMSE=0.1468 | Bias=0.0054 | FracRMSE=0.2521 | FracBias=-0.1301 | NoneBias=0.0516 | FullBias=-0.0178
Aspect split eligible OOB rows (north/south facing fraction threshold = 0.75): 40 / 359
north_dominated OOB n=33 | RMSE=0.0762 | Bias=0.0133 | FracRMSE=nan | FracBias=nan | NoneBias=0.0398 | FullBias=0.0000
south_dominated OOB n=7 | RMSE=0.0000 | Bias=0.0000 | FracRMSE=nan | FracBias=nan | NoneBias=0.0000 | FullBias=0.0000
Low-gradient eligible OOB rows (gradient_p84 <= 4.0): 32 / 359
low_gradient_p84 OOB n=32 | RMSE=0.1300 | Bias=0.0006 | FracRMSE=0.1918 | FracBias=-0.1918 | NoneBias=0.0549 | FullBias=-0.0383
5.48s

=== Bootstrap 359/1000 ===

Chosen filter -> Eg_strong/Eg_weak >= 1.09, data_quantity >= 16 | CV acc=0.9299, CV bin acc=0.9912, n_rows(dedup)=1141 | OOB acc=0.9274, OOB bin acc=0.9683, n_rows_test(dedup)=441 |
OOB cameras: ['bartlett', 'kenttarova', 'lacclair', 'old_jack_pine', 'queens', 'sodankyla_full', 'varrio', 'willowcreek']
OOB n=521 | RMSE=0.1615 | Bias=-0.0201 | FracRMSE=0.3245 | FracBias=-0.1553 | NoneBias=0.0255 | FullBias=-0.0317
Aspect split eligible OOB rows (north/south facing fraction threshold = 0.75): 87 / 521
north_dominated OOB n=63 | RMSE=0.2085 | Bias=-0.0541 | FracRMSE=0.3854 | FracBias=-0.1837 | NoneBias=0.0000 | FullBias=-0.0449
south_dominated OOB n=24 | RMSE=0.1751 | Bias=-0.0367 | FracRMSE=0.4290 | FracBias=-0.2200 | NoneBias=0.0000 | FullBias=0.0000
Low-gradient eligible OOB rows (gradient_p84 <= 4.0): 78 / 521
low_gradient_p84 OOB n=78 | RMSE=0.1282 | Bias=-0.0341 | FracRMSE=0.3167 | FracBias=-0.2236 | NoneBias=0.0085 | FullBias=-0.0389
5.89s

=== Bootstrap 360/1000 ===

Chosen filter -> Eg_strong/Eg_weak >= 1.11, data_quantity >= 16 | CV acc=0.9248, CV bin acc=0.9847, n_rows(dedup)=851 | OOB acc=0.9762, OOB bin acc=0.9827, n_rows_test(dedup)=463 |
OOB cameras: ['bartlett', 'hyytiala', 'old_jack_pine', 'oregon_yp', 'underhill', 'varrio', 'wslcreek']
OOB n=512 | RMSE=0.1455 | Bias=0.0049 | FracRMSE=0.3365 | FracBias=-0.1544 | NoneBias=0.0420 | FullBias=-0.0269
Aspect split eligible OOB rows (north/south facing fraction threshold = 0.75): 58 / 512
north_dominated OOB n=49 | RMSE=0.2292 | Bias=-0.0613 | FracRMSE=0.5076 | FracBias=-0.3258 | NoneBias=0.0213 | FullBias=-0.0447
south_dominated OOB n=9 | RMSE=0.2833 | Bias=-0.0944 | FracRMSE=0.8500 | FracBias=-0.8500 | NoneBias=nan | FullBias=0.0000
Low-gradient eligible OOB rows (gradient_p84 <= 4.0): 136 / 512
low_gradient_p84 OOB n=136 | RMSE=0.1353 | Bias=0.0370 | FracRMSE=0.2796 | FracBias=-0.2095 | NoneBias=0.0699 | FullBias=0.0000
5.52s

=== Bootstrap 361/1000 ===

Chosen filter -> Eg_strong/Eg_weak >= 1.05, data_quantity >= 16 | CV acc=0.9235, CV bin acc=0.9812, n_rows(dedup)=1385 | OOB acc=0.8533, OOB bin acc=0.9378, n_rows_test(dedup)=225 |
OOB cameras: ['bartlett', 'glees', 'kenttarova', 'lacclair', 'queens', 'torgnon', 'varrio']
OOB n=285 | RMSE=0.1436 | Bias=-0.0289 | FracRMSE=0.3269 | FracBias=-0.1605 | NoneBias=0.0119 | FullBias=-0.0231
Aspect split eligible OOB rows (north/south facing fraction threshold = 0.75): 98 / 285
north_dominated OOB n=58 | RMSE=0.2038 | Bias=-0.0534 | FracRMSE=0.3469 | FracBias=-0.1649 | NoneBias=0.0054 | FullBias=-0.0464
south_dominated OOB n=40 | RMSE=0.1908 | Bias=-0.0417 | FracRMSE=0.5383 | FracBias=-0.3246 | NoneBias=0.0057 | FullBias=-0.0030
Low-gradient eligible OOB rows (gradient_p84 <= 4.0): 8 / 285
low_gradient_p84 OOB n=8 | RMSE=0.0214 | Bias=0.0084 | FracRMSE=0.0427 | FracBias=0.0336 | NoneBias=0.0000 | FullBias=0.0000
6.64s

=== Bootstrap 362/1000 ===

Chosen filter -> Eg_strong/Eg_weak >= 1.18, data_quantity >= 9 | CV acc=0.9637, CV bin acc=0.9867, n_rows(dedup)=1131 | OOB acc=0.8448, OOB bin acc=0.9433, n_rows_test(dedup)=335 |
OOB cameras: ['delta_junction', 'glees', 'hyytiala', 'lacclair', 'torgnon', 'underc', 'willowcreek']
OOB n=412 | RMSE=0.2148 | Bias=0.0339 | FracRMSE=0.3473 | FracBias=0.0674 | NoneBias=0.0797 | FullBias=-0.0214
Aspect split eligible OOB rows (north/south facing fraction threshold = 0.75): 58 / 412
north_dominated OOB n=36 | RMSE=0.1658 | Bias=-0.0434 | FracRMSE=0.3000 | FracBias=-0.1421 | NoneBias=0.0000 | FullBias=0.0000
south_dominated OOB n=22 | RMSE=0.0320 | Bias=0.0095 | FracRMSE=0.0300 | FracBias=0.0300 | NoneBias=0.0597 | FullBias=0.0000
Low-gradient eligible OOB rows (gradient_p84 <= 4.0): 27 / 412
low_gradient_p84 OOB n=27 | RMSE=0.2322 | Bias=-0.0092 | FracRMSE=0.2164 | FracBias=-0.0734 | NoneBias=0.0944 | FullBias=-0.0672
5.88s

=== Bootstrap 363/1000 ===

Chosen filter -> Eg_strong/Eg_weak >= 1.18, data_quantity >= 13 | CV acc=0.9349, CV bin acc=0.9719, n_rows(dedup)=784 | OOB acc=0.9335, OOB bin acc=0.9877, n_rows_test(dedup)=571 |
OOB cameras: ['delta_junction', 'glees', 'hyytiala', 'lacclair', 'old_jack_pine', 'oregon_yp', 'tammela', 'underc']
OOB n=680 | RMSE=0.1546 | Bias=0.0342 | FracRMSE=0.3215 | FracBias=0.0350 | NoneBias=0.0515 | FullBias=-0.0018
Aspect split eligible OOB rows (north/south facing fraction threshold = 0.75): 53 / 680
north_dominated OOB n=36 | RMSE=0.1998 | Bias=0.0102 | FracRMSE=0.3591 | FracBias=0.0211 | NoneBias=0.0096 | FullBias=0.0000
south_dominated OOB n=17 | RMSE=0.0449 | Bias=0.0153 | FracRMSE=nan | FracBias=nan | NoneBias=0.0866 | FullBias=0.0000
Low-gradient eligible OOB rows (gradient_p84 <= 4.0): 161 / 680
low_gradient_p84 OOB n=161 | RMSE=0.1536 | Bias=0.0504 | FracRMSE=0.2714 | FracBias=-0.0524 | NoneBias=0.0754 | FullBias=0.0000
5.32s

=== Bootstrap 364/1000 ===

Chosen filter -> Eg_strong/Eg_weak >= 1.28, data_quantity >= 11 | CV acc=0.8648, CV bin acc=0.9290, n_rows(dedup)=747 | OOB acc=0.8898, OOB bin acc=0.9834, n_rows_test(dedup)=481 |
OOB cameras: ['bartlett', 'glees', 'hyytiala', 'kenttarova', 'sodankyla_full', 'tammela', 'torgnon', 'underhill', 'varrio']
OOB n=516 | RMSE=0.1066 | Bias=-0.0085 | FracRMSE=0.3130 | FracBias=-0.1319 | NoneBias=0.0148 | FullBias=-0.0159
Aspect split eligible OOB rows (north/south facing fraction threshold = 0.75): 106 / 516
north_dominated OOB n=64 | RMSE=0.1656 | Bias=-0.0311 | FracRMSE=0.3761 | FracBias=-0.1902 | NoneBias=0.0172 | FullBias=0.0000
south_dominated OOB n=42 | RMSE=0.1508 | Bias=-0.0302 | FracRMSE=0.4348 | FracBias=-0.2368 | NoneBias=0.0019 | FullBias=-0.0035
Low-gradient eligible OOB rows (gradient_p84 <= 4.0): 39 / 516
low_gradient_p84 OOB n=39 | RMSE=0.0457 | Bias=0.0081 | FracRMSE=0.0862 | FracBias=-0.0010 | NoneBias=0.0187 | FullBias=0.0000
4.77s

=== Bootstrap 365/1000 ===

Chosen filter -> Eg_strong/Eg_weak >= 1.05, data_quantity >= 16 | CV acc=0.9253, CV bin acc=0.9919, n_rows(dedup)=991 | OOB acc=0.9043, OOB bin acc=0.9478, n_rows_test(dedup)=345 |
OOB cameras: ['bartlett', 'hyytiala', 'kenttarova', 'sodankyla_full', 'willowcreek']
OOB n=372 | RMSE=0.1812 | Bias=-0.0265 | FracRMSE=0.3491 | FracBias=-0.1679 | NoneBias=0.0265 | FullBias=-0.0777
Aspect split eligible OOB rows (north/south facing fraction threshold = 0.75): 63 / 372
north_dominated OOB n=42 | RMSE=0.2394 | Bias=-0.0770 | FracRMSE=0.3490 | FracBias=-0.1661 | NoneBias=0.0038 | FullBias=-0.0854
south_dominated OOB n=21 | RMSE=0.2653 | Bias=-0.0890 | FracRMSE=0.5400 | FracBias=-0.3451 | NoneBias=0.0000 | FullBias=-0.0130
Low-gradient eligible OOB rows (gradient_p84 <= 4.0): 40 / 372
low_gradient_p84 OOB n=40 | RMSE=0.1101 | Bias=-0.0127 | FracRMSE=0.1704 | FracBias=-0.1028 | NoneBias=0.0286 | FullBias=-0.0413
5.7s

=== Bootstrap 366/1000 ===

Chosen filter -> Eg_strong/Eg_weak >= 1.05, data_quantity >= 16 | CV acc=0.9391, CV bin acc=0.9843, n_rows(dedup)=1018 | OOB acc=0.8875, OOB bin acc=0.9875, n_rows_test(dedup)=240 |
OOB cameras: ['delta_junction', 'old_jack_pine', 'torgnon', 'underc', 'underhill']
OOB n=302 | RMSE=0.2065 | Bias=0.0199 | FracRMSE=0.3775 | FracBias=0.0276 | NoneBias=0.0315 | FullBias=0.0000
Aspect split eligible OOB rows (north/south facing fraction threshold = 0.75): 36 / 302
north_dominated OOB n=35 | RMSE=0.2226 | Bias=-0.0215 | FracRMSE=0.3971 | FracBias=-0.0685 | NoneBias=0.0000 | FullBias=0.0000
south_dominated OOB n=1 | RMSE=0.0000 | Bias=0.0000 | FracRMSE=nan | FracBias=nan | NoneBias=nan | FullBias=0.0000
Low-gradient eligible OOB rows (gradient_p84 <= 4.0): 61 / 302
low_gradient_p84 OOB n=61 | RMSE=0.1511 | Bias=-0.0052 | FracRMSE=0.3155 | FracBias=-0.0228 | NoneBias=0.0000 | FullBias=0.0000
5.9s

=== Bootstrap 367/1000 ===

Chosen filter -> Eg_strong/Eg_weak >= 1.18, data_quantity >= 16 | CV acc=0.9459, CV bin acc=0.9913, n_rows(dedup)=1146 | OOB acc=0.9308, OOB bin acc=0.9654, n_rows_test(dedup)=318 |
OOB cameras: ['bartlett', 'lacclair', 'marcell_MN', 'old_jack_pine', 'tammela', 'willowcreek', 'wslcreek']
OOB n=377 | RMSE=0.1739 | Bias=-0.0126 | FracRMSE=0.3848 | FracBias=-0.1731 | NoneBias=0.0292 | FullBias=-0.0192
Aspect split eligible OOB rows (north/south facing fraction threshold = 0.75): 34 / 377
north_dominated OOB n=26 | RMSE=0.2604 | Bias=-0.0838 | FracRMSE=0.5937 | FracBias=-0.4360 | NoneBias=0.0000 | FullBias=0.0000
south_dominated OOB n=8 | RMSE=0.3005 | Bias=-0.1062 | FracRMSE=0.8500 | FracBias=-0.8500 | NoneBias=nan | FullBias=0.0000
Low-gradient eligible OOB rows (gradient_p84 <= 4.0): 41 / 377
low_gradient_p84 OOB n=41 | RMSE=0.1447 | Bias=-0.0386 | FracRMSE=0.3631 | FracBias=-0.2173 | NoneBias=0.0021 | FullBias=-0.0329
6.56s

=== Bootstrap 368/1000 ===

Chosen filter -> Eg_strong/Eg_weak >= 1.05, data_quantity >= 15 | CV acc=0.9043, CV bin acc=0.9743, n_rows(dedup)=857 | OOB acc=0.9480, OOB bin acc=0.9827, n_rows_test(dedup)=346 |
OOB cameras: ['hyytiala', 'kenttarova', 'marcell_MN', 'sodankyla_full', 'torgnon', 'underhill']
OOB n=369 | RMSE=0.0957 | Bias=-0.0033 | FracRMSE=0.1468 | FracBias=-0.0340 | NoneBias=0.0184 | FullBias=-0.0264
Aspect split eligible OOB rows (north/south facing fraction threshold = 0.75): 51 / 369
north_dominated OOB n=36 | RMSE=0.0684 | Bias=0.0174 | FracRMSE=0.0400 | FracBias=0.0314 | NoneBias=0.0388 | FullBias=-0.0036
south_dominated OOB n=15 | RMSE=0.0272 | Bias=-0.0011 | FracRMSE=0.0608 | FracBias=-0.0053 | NoneBias=0.0000 | FullBias=0.0000
Low-gradient eligible OOB rows (gradient_p84 <= 4.0): 36 / 369
low_gradient_p84 OOB n=36 | RMSE=0.0657 | Bias=0.0044 | FracRMSE=0.1490 | FracBias=-0.0873 | NoneBias=0.0248 | FullBias=0.0000
5.05s

=== Bootstrap 369/1000 ===

Chosen filter -> Eg_strong/Eg_weak >= 1.09, data_quantity >= 16 | CV acc=0.9175, CV bin acc=0.9772, n_rows(dedup)=1140 | OOB acc=0.9496, OOB bin acc=0.9856, n_rows_test(dedup)=139 |
OOB cameras: ['lacclair', 'queens', 'underhill', 'varrio', 'wslcreek']
OOB n=178 | RMSE=0.0937 | Bias=0.0037 | FracRMSE=0.2047 | FracBias=-0.0697 | NoneBias=0.0376 | FullBias=0.0000
Aspect split eligible OOB rows (north/south facing fraction threshold = 0.75): 49 / 178
north_dominated OOB n=42 | RMSE=0.0658 | Bias=0.0139 | FracRMSE=0.2202 | FracBias=0.1454 | NoneBias=0.0416 | FullBias=0.0000
south_dominated OOB n=7 | RMSE=0.0000 | Bias=0.0000 | FracRMSE=nan | FracBias=nan | NoneBias=nan | FullBias=0.0000
Low-gradient eligible OOB rows (gradient_p84 <= 4.0): 0 / 178
low_gradient_p84 OOB n=0 | RMSE=nan | Bias=nan | FracRMSE=nan | FracBias=nan | NoneBias=nan | FullBias=nan
5.82s

=== Bootstrap 370/1000 ===

Chosen filter -> Eg_strong/Eg_weak >= 1.05, data_quantity >= 13 | CV acc=0.9243, CV bin acc=0.9906, n_rows(dedup)=1175 | OOB acc=0.9290, OOB bin acc=0.9489, n_rows_test(dedup)=352 |
OOB cameras: ['bartlett', 'hyytiala', 'queens', 'tammela', 'underhill', 'varrio', 'willowcreek']
OOB n=367 | RMSE=0.1898 | Bias=-0.0169 | FracRMSE=0.6072 | FracBias=-0.5206 | NoneBias=0.0341 | FullBias=-0.0640
Aspect split eligible OOB rows (north/south facing fraction threshold = 0.75): 48 / 367
north_dominated OOB n=35 | RMSE=0.2757 | Bias=-0.1021 | FracRMSE=0.6186 | FracBias=-0.6108 | NoneBias=0.0312 | FullBias=-0.0642
south_dominated OOB n=13 | RMSE=0.3340 | Bias=-0.1362 | FracRMSE=0.8500 | FracBias=-0.8500 | NoneBias=0.0000 | FullBias=-0.0078
Low-gradient eligible OOB rows (gradient_p84 <= 4.0): 5 / 367
low_gradient_p84 OOB n=5 | RMSE=0.2549 | Bias=-0.0690 | FracRMSE=nan | FracBias=nan | NoneBias=0.1582 | FullBias=-0.2204
6.11s

=== Bootstrap 371/1000 ===

Chosen filter -> Eg_strong/Eg_weak >= 1.09, data_quantity >= 17 | CV acc=0.9197, CV bin acc=0.9741, n_rows(dedup)=772 | OOB acc=0.9446, OOB bin acc=0.9822, n_rows_test(dedup)=505 |
OOB cameras: ['hyytiala', 'lacclair', 'oregon_yp', 'queens', 'sodankyla_full', 'underc', 'willowcreek', 'wslcreek']
OOB n=569 | RMSE=0.1584 | Bias=0.0411 | FracRMSE=0.2378 | FracBias=-0.0469 | NoneBias=0.0851 | FullBias=-0.0198
Aspect split eligible OOB rows (north/south facing fraction threshold = 0.75): 32 / 569
north_dominated OOB n=27 | RMSE=0.0895 | Bias=0.0188 | FracRMSE=0.3252 | FracBias=0.2198 | NoneBias=0.0135 | FullBias=0.0000
south_dominated OOB n=5 | RMSE=0.0000 | Bias=0.0000 | FracRMSE=nan | FracBias=nan | NoneBias=0.0000 | FullBias=0.0000
Low-gradient eligible OOB rows (gradient_p84 <= 4.0): 129 / 569
low_gradient_p84 OOB n=129 | RMSE=0.1747 | Bias=0.0963 | FracRMSE=0.2136 | FracBias=-0.1693 | NoneBias=0.1387 | FullBias=-0.0301
5.28s

=== Bootstrap 372/1000 ===

Chosen filter -> Eg_strong/Eg_weak >= 1.07, data_quantity >= 14 | CV acc=0.9495, CV bin acc=0.9828, n_rows(dedup)=930 | OOB acc=0.9116, OOB bin acc=0.9600, n_rows_test(dedup)=475 |
OOB cameras: ['bartlett', 'delta_junction', 'glees', 'hyytiala', 'kenttarova', 'lacclair', 'sodankyla_full', 'willowcreek']
OOB n=562 | RMSE=0.1585 | Bias=-0.0124 | FracRMSE=0.3212 | FracBias=-0.0956 | NoneBias=0.0233 | FullBias=-0.0280
Aspect split eligible OOB rows (north/south facing fraction threshold = 0.75): 114 / 562
north_dominated OOB n=76 | RMSE=0.2084 | Bias=-0.0587 | FracRMSE=0.3309 | FracBias=-0.1633 | NoneBias=0.0000 | FullBias=-0.0343
south_dominated OOB n=38 | RMSE=0.1953 | Bias=-0.0433 | FracRMSE=0.5383 | FracBias=-0.3294 | NoneBias=0.0000 | FullBias=0.0000
Low-gradient eligible OOB rows (gradient_p84 <= 4.0): 64 / 562
low_gradient_p84 OOB n=64 | RMSE=0.1093 | Bias=-0.0163 | FracRMSE=0.1940 | FracBias=-0.0871 | NoneBias=0.0197 | FullBias=-0.0237
5.41s

=== Bootstrap 373/1000 ===

Chosen filter -> Eg_strong/Eg_weak >= 1.14, data_quantity >= 17 | CV acc=0.9277, CV bin acc=0.9706, n_rows(dedup)=954 | OOB acc=0.9284, OOB bin acc=0.9708, n_rows_test(dedup)=377 |
OOB cameras: ['bartlett', 'delta_junction', 'lacclair', 'old_jack_pine', 'sodankyla_full', 'tammela', 'torgnon']
OOB n=460 | RMSE=0.1723 | Bias=-0.0108 | FracRMSE=0.4019 | FracBias=-0.0641 | NoneBias=0.0077 | FullBias=-0.0147
Aspect split eligible OOB rows (north/south facing fraction threshold = 0.75): 58 / 460
north_dominated OOB n=49 | RMSE=0.3405 | Bias=-0.1032 | FracRMSE=0.5128 | FracBias=-0.2182 | NoneBias=0.0000 | FullBias=-0.1176
south_dominated OOB n=9 | RMSE=0.2833 | Bias=-0.0944 | FracRMSE=0.8500 | FracBias=-0.8500 | NoneBias=0.0000 | FullBias=0.0000
Low-gradient eligible OOB rows (gradient_p84 <= 4.0): 85 / 460
low_gradient_p84 OOB n=85 | RMSE=0.1264 | Bias=-0.0028 | FracRMSE=0.3114 | FracBias=-0.0185 | NoneBias=0.0006 | FullBias=0.0000
5.52s

=== Bootstrap 374/1000 ===

Chosen filter -> Eg_strong/Eg_weak >= 1.18, data_quantity >= 14 | CV acc=0.8940, CV bin acc=0.9481, n_rows(dedup)=887 | OOB acc=0.9253, OOB bin acc=0.9831, n_rows_test(dedup)=415 |
OOB cameras: ['delta_junction', 'glees', 'hyytiala', 'kenttarova', 'lacclair', 'queens', 'tammela', 'varrio']
OOB n=497 | RMSE=0.0902 | Bias=0.0008 | FracRMSE=0.2518 | FracBias=0.0109 | NoneBias=0.0059 | FullBias=-0.0065
Aspect split eligible OOB rows (north/south facing fraction threshold = 0.75): 117 / 497
north_dominated OOB n=84 | RMSE=0.1231 | Bias=-0.0075 | FracRMSE=0.2660 | FracBias=-0.0369 | NoneBias=0.0014 | FullBias=0.0000
south_dominated OOB n=33 | RMSE=0.0149 | Bias=0.0039 | FracRMSE=0.0493 | FracBias=0.0433 | NoneBias=0.0000 | FullBias=0.0000
Low-gradient eligible OOB rows (gradient_p84 <= 4.0): 32 / 497
low_gradient_p84 OOB n=32 | RMSE=0.1192 | Bias=0.0018 | FracRMSE=0.2132 | FracBias=0.0059 | NoneBias=0.0000 | FullBias=0.0000
5.26s

=== Bootstrap 375/1000 ===

Chosen filter -> Eg_strong/Eg_weak >= 1.05, data_quantity >= 16 | CV acc=0.9356, CV bin acc=0.9813, n_rows(dedup)=1072 | OOB acc=0.9144, OOB bin acc=0.9805, n_rows_test(dedup)=257 |
OOB cameras: ['bartlett', 'oregon_yp', 'torgnon', 'underc', 'underhill', 'wslcreek']
OOB n=297 | RMSE=0.1962 | Bias=0.0025 | FracRMSE=0.3733 | FracBias=-0.2126 | NoneBias=0.0683 | FullBias=-0.0317
Aspect split eligible OOB rows (north/south facing fraction threshold = 0.75): 40 / 297
north_dominated OOB n=30 | RMSE=0.3029 | Bias=-0.1062 | FracRMSE=0.5308 | FracBias=-0.3384 | NoneBias=0.0265 | FullBias=-0.0762
south_dominated OOB n=10 | RMSE=0.3801 | Bias=-0.1700 | FracRMSE=0.8500 | FracBias=-0.8500 | NoneBias=0.0000 | FullBias=0.0000
Low-gradient eligible OOB rows (gradient_p84 <= 4.0): 98 / 297
low_gradient_p84 OOB n=98 | RMSE=0.1400 | Bias=0.0485 | FracRMSE=0.2883 | FracBias=-0.2491 | NoneBias=0.0749 | FullBias=nan
6.04s

=== Bootstrap 376/1000 ===

Chosen filter -> Eg_strong/Eg_weak >= 1.05, data_quantity >= 11 | CV acc=0.9343, CV bin acc=0.9743, n_rows(dedup)=1050 | OOB acc=0.9078, OOB bin acc=0.9681, n_rows_test(dedup)=282 |
OOB cameras: ['old_jack_pine', 'queens', 'tammela', 'torgnon', 'underc', 'underhill']
OOB n=318 | RMSE=0.1760 | Bias=0.0077 | FracRMSE=0.2987 | FracBias=-0.0350 | NoneBias=0.0363 | FullBias=-0.0231
Aspect split eligible OOB rows (north/south facing fraction threshold = 0.75): 8 / 318
north_dominated OOB n=3 | RMSE=0.2390 | Bias=0.1380 | FracRMSE=nan | FracBias=nan | NoneBias=0.4140 | FullBias=0.0000
south_dominated OOB n=5 | RMSE=0.1096 | Bias=-0.0490 | FracRMSE=0.2450 | FracBias=-0.2450 | NoneBias=0.0000 | FullBias=0.0000
Low-gradient eligible OOB rows (gradient_p84 <= 4.0): 42 / 318
low_gradient_p84 OOB n=42 | RMSE=0.1259 | Bias=-0.0262 | FracRMSE=0.3327 | FracBias=-0.1917 | NoneBias=0.0018 | FullBias=0.0000
5.54s

=== Bootstrap 377/1000 ===

Chosen filter -> Eg_strong/Eg_weak >= 1.05, data_quantity >= 16 | CV acc=0.8791, CV bin acc=0.9649, n_rows(dedup)=769 | OOB acc=0.9401, OOB bin acc=0.9800, n_rows_test(dedup)=451 |
OOB cameras: ['bartlett', 'glees', 'kenttarova', 'lacclair', 'oregon_yp', 'sodankyla_full', 'tammela']
OOB n=523 | RMSE=0.1360 | Bias=0.0076 | FracRMSE=0.2862 | FracBias=-0.1686 | NoneBias=0.0592 | FullBias=-0.0265
Aspect split eligible OOB rows (north/south facing fraction threshold = 0.75): 81 / 523
north_dominated OOB n=45 | RMSE=0.2275 | Bias=-0.0647 | FracRMSE=0.3364 | FracBias=-0.1595 | NoneBias=0.0181 | FullBias=-0.0748
south_dominated OOB n=36 | RMSE=0.2024 | Bias=-0.0466 | FracRMSE=0.5386 | FracBias=-0.3345 | NoneBias=0.0157 | FullBias=-0.0057
Low-gradient eligible OOB rows (gradient_p84 <= 4.0): 134 / 523
low_gradient_p84 OOB n=134 | RMSE=0.1391 | Bias=0.0750 | FracRMSE=0.2019 | FracBias=-0.1579 | NoneBias=0.1102 | FullBias=0.0000
5.04s

=== Bootstrap 378/1000 ===

Chosen filter -> Eg_strong/Eg_weak >= 1.05, data_quantity >= 9 | CV acc=0.9476, CV bin acc=0.9813, n_rows(dedup)=1337 | OOB acc=0.7727, OOB bin acc=0.9045, n_rows_test(dedup)=220 |
OOB cameras: ['bartlett', 'delta_junction', 'lacclair', 'torgnon', 'underc', 'wslcreek']
OOB n=311 | RMSE=0.2370 | Bias=-0.0428 | FracRMSE=0.4105 | FracBias=-0.1457 | NoneBias=0.0243 | FullBias=-0.0335
Aspect split eligible OOB rows (north/south facing fraction threshold = 0.75): 81 / 311
north_dominated OOB n=66 | RMSE=0.3021 | Bias=-0.0930 | FracRMSE=0.4928 | FracBias=-0.2468 | NoneBias=0.0000 | FullBias=-0.0590
south_dominated OOB n=15 | RMSE=0.3223 | Bias=-0.1357 | FracRMSE=0.7206 | FracBias=-0.6786 | NoneBias=0.0000 | FullBias=0.0000
Low-gradient eligible OOB rows (gradient_p84 <= 4.0): 23 / 311
low_gradient_p84 OOB n=23 | RMSE=0.1506 | Bias=-0.0093 | FracRMSE=0.2554 | FracBias=-0.0268 | NoneBias=0.0000 | FullBias=0.0000
6.47s

=== Bootstrap 379/1000 ===

Chosen filter -> Eg_strong/Eg_weak >= 1.05, data_quantity >= 16 | CV acc=0.9090, CV bin acc=0.9871, n_rows(dedup)=1088 | OOB acc=0.9369, OOB bin acc=0.9670, n_rows_test(dedup)=333 |
OOB cameras: ['bartlett', 'marcell_MN', 'oregon_yp', 'torgnon', 'varrio', 'willowcreek']
OOB n=365 | RMSE=0.1886 | Bias=0.0020 | FracRMSE=0.4058 | FracBias=-0.3187 | NoneBias=0.0731 | FullBias=-0.0550
Aspect split eligible OOB rows (north/south facing fraction threshold = 0.75): 42 / 365
north_dominated OOB n=30 | RMSE=0.2909 | Bias=-0.1170 | FracRMSE=0.6472 | FracBias=-0.6396 | NoneBias=0.0000 | FullBias=-0.0884
south_dominated OOB n=12 | RMSE=0.3482 | Bias=-0.1499 | FracRMSE=0.8500 | FracBias=-0.8500 | NoneBias=0.0000 | FullBias=-0.0109
Low-gradient eligible OOB rows (gradient_p84 <= 4.0): 102 / 365
low_gradient_p84 OOB n=102 | RMSE=0.1468 | Bias=0.0622 | FracRMSE=0.2589 | FracBias=-0.2292 | NoneBias=0.0951 | FullBias=-0.2877
5.97s

=== Bootstrap 380/1000 ===

Chosen filter -> Eg_strong/Eg_weak >= 1.11, data_quantity >= 17 | CV acc=0.9500, CV bin acc=0.9917, n_rows(dedup)=1081 | OOB acc=0.9123, OOB bin acc=0.9474, n_rows_test(dedup)=342 |
OOB cameras: ['bartlett', 'delta_junction', 'hyytiala', 'lacclair', 'old_jack_pine', 'willowcreek']
OOB n=424 | RMSE=0.1967 | Bias=-0.0190 | FracRMSE=0.3778 | FracBias=-0.1235 | NoneBias=0.0220 | FullBias=-0.0394
Aspect split eligible OOB rows (north/south facing fraction threshold = 0.75): 50 / 424
north_dominated OOB n=43 | RMSE=0.3370 | Bias=-0.1321 | FracRMSE=0.4760 | FracBias=-0.2741 | NoneBias=0.0000 | FullBias=-0.1229
south_dominated OOB n=7 | RMSE=0.3213 | Bias=-0.1214 | FracRMSE=0.8500 | FracBias=-0.8500 | NoneBias=nan | FullBias=0.0000
Low-gradient eligible OOB rows (gradient_p84 <= 4.0): 62 / 424
low_gradient_p84 OOB n=62 | RMSE=0.1411 | Bias=-0.0299 | FracRMSE=0.3046 | FracBias=-0.1295 | NoneBias=0.0001 | FullBias=-0.0108
6.25s

=== Bootstrap 381/1000 ===

Chosen filter -> Eg_strong/Eg_weak >= 1.05, data_quantity >= 16 | CV acc=0.9180, CV bin acc=0.9677, n_rows(dedup)=1208 | OOB acc=0.9419, OOB bin acc=0.9935, n_rows_test(dedup)=155 |
OOB cameras: ['marcell_MN', 'queens', 'torgnon', 'underhill', 'varrio']
OOB n=164 | RMSE=0.0948 | Bias=0.0030 | FracRMSE=0.2947 | FracBias=-0.1756 | NoneBias=0.0267 | FullBias=-0.0048
Aspect split eligible OOB rows (north/south facing fraction threshold = 0.75): 27 / 164
north_dominated OOB n=22 | RMSE=0.0658 | Bias=0.0140 | FracRMSE=nan | FracBias=nan | NoneBias=0.0441 | FullBias=0.0000
south_dominated OOB n=5 | RMSE=0.0000 | Bias=0.0000 | FracRMSE=nan | FracBias=nan | NoneBias=nan | FullBias=0.0000
Low-gradient eligible OOB rows (gradient_p84 <= 4.0): 0 / 164
low_gradient_p84 OOB n=0 | RMSE=nan | Bias=nan | FracRMSE=nan | FracBias=nan | NoneBias=nan | FullBias=nan
5.97s

=== Bootstrap 382/1000 ===

Chosen filter -> Eg_strong/Eg_weak >= 1.18, data_quantity >= 16 | CV acc=0.8959, CV bin acc=0.9708, n_rows(dedup)=788 | OOB acc=0.9203, OOB bin acc=0.9874, n_rows_test(dedup)=477 |
OOB cameras: ['bartlett', 'glees', 'hyytiala', 'oregon_yp', 'queens', 'sodankyla_full', 'varrio']
OOB n=506 | RMSE=0.1246 | Bias=0.0141 | FracRMSE=0.3397 | FracBias=-0.2623 | NoneBias=0.0592 | FullBias=-0.0279
Aspect split eligible OOB rows (north/south facing fraction threshold = 0.75): 56 / 506
north_dominated OOB n=33 | RMSE=0.1880 | Bias=-0.0542 | FracRMSE=0.6225 | FracBias=-0.6163 | NoneBias=0.0052 | FullBias=0.0000
south_dominated OOB n=23 | RMSE=0.1799 | Bias=-0.0381 | FracRMSE=0.8500 | FracBias=-0.8500 | NoneBias=0.0256 | FullBias=-0.0071
Low-gradient eligible OOB rows (gradient_p84 <= 4.0): 126 / 506
low_gradient_p84 OOB n=126 | RMSE=0.1460 | Bias=0.0827 | FracRMSE=0.2177 | FracBias=-0.1899 | NoneBias=0.1178 | FullBias=0.0000
5.07s

=== Bootstrap 383/1000 ===

Chosen filter -> Eg_strong/Eg_weak >= 1.28, data_quantity >= 14 | CV acc=0.9399, CV bin acc=0.9926, n_rows(dedup)=949 | OOB acc=0.9436, OOB bin acc=0.9681, n_rows_test(dedup)=408 |
OOB cameras: ['hyytiala', 'kenttarova', 'lacclair', 'oregon_yp', 'torgnon', 'varrio', 'willowcreek']
OOB n=476 | RMSE=0.1395 | Bias=0.0130 | FracRMSE=0.1877 | FracBias=-0.1049 | NoneBias=0.0590 | FullBias=-0.0385
Aspect split eligible OOB rows (north/south facing fraction threshold = 0.75): 68 / 476
north_dominated OOB n=49 | RMSE=0.0226 | Bias=0.0069 | FracRMSE=0.0400 | FracBias=0.0314 | NoneBias=0.0107 | FullBias=0.0000
south_dominated OOB n=19 | RMSE=0.1106 | Bias=-0.0202 | FracRMSE=0.2410 | FracBias=-0.0957 | NoneBias=0.0000 | FullBias=0.0000
Low-gradient eligible OOB rows (gradient_p84 <= 4.0): 111 / 476
low_gradient_p84 OOB n=111 | RMSE=0.1397 | Bias=0.0562 | FracRMSE=0.2361 | FracBias=-0.1771 | NoneBias=0.0887 | FullBias=-0.1024
5.9s

=== Bootstrap 384/1000 ===

Chosen filter -> Eg_strong/Eg_weak >= 1.05, data_quantity >= 14 | CV acc=0.9607, CV bin acc=0.9764, n_rows(dedup)=1144 | OOB acc=0.8927, OOB bin acc=0.9909, n_rows_test(dedup)=550 |
OOB cameras: ['glees', 'lacclair', 'oregon_yp', 'sodankyla_full', 'tammela', 'underc', 'varrio', 'wslcreek']
OOB n=622 | RMSE=0.1134 | Bias=0.0208 | FracRMSE=0.2556 | FracBias=-0.0715 | NoneBias=0.0549 | FullBias=-0.0040
Aspect split eligible OOB rows (north/south facing fraction threshold = 0.75): 72 / 622
north_dominated OOB n=49 | RMSE=0.0646 | Bias=0.0088 | FracRMSE=0.3196 | FracBias=0.2158 | NoneBias=0.0000 | FullBias=0.0000
south_dominated OOB n=23 | RMSE=0.0196 | Bias=0.0058 | FracRMSE=nan | FracBias=nan | NoneBias=0.0332 | FullBias=0.0000
Low-gradient eligible OOB rows (gradient_p84 <= 4.0): 128 / 622
low_gradient_p84 OOB n=128 | RMSE=0.1368 | Bias=0.0551 | FracRMSE=0.2586 | FracBias=-0.2210 | NoneBias=0.0877 | FullBias=0.0000
5.73s

=== Bootstrap 385/1000 ===

Chosen filter -> Eg_strong/Eg_weak >= 1.05, data_quantity >= 16 | CV acc=0.9347, CV bin acc=0.9851, n_rows(dedup)=873 | OOB acc=0.9483, OOB bin acc=0.9742, n_rows_test(dedup)=387 |
OOB cameras: ['bartlett', 'delta_junction', 'old_jack_pine', 'oregon_yp', 'torgnon', 'willowcreek']
OOB n=458 | RMSE=0.1977 | Bias=-0.0029 | FracRMSE=0.3724 | FracBias=-0.1105 | NoneBias=0.0372 | FullBias=-0.0384
Aspect split eligible OOB rows (north/south facing fraction threshold = 0.75): 52 / 458
north_dominated OOB n=43 | RMSE=0.3146 | Bias=-0.1055 | FracRMSE=0.4427 | FracBias=-0.2025 | NoneBias=0.0008 | FullBias=-0.1320
south_dominated OOB n=9 | RMSE=0.4007 | Bias=-0.1889 | FracRMSE=0.8500 | FracBias=-0.8500 | NoneBias=0.0000 | FullBias=0.0000
Low-gradient eligible OOB rows (gradient_p84 <= 4.0): 163 / 458
low_gradient_p84 OOB n=163 | RMSE=0.1228 | Bias=0.0079 | FracRMSE=0.2766 | FracBias=-0.1256 | NoneBias=0.0333 | FullBias=-0.0077
5.37s

=== Bootstrap 386/1000 ===

Chosen filter -> Eg_strong/Eg_weak >= 1.07, data_quantity >= 17 | CV acc=0.9373, CV bin acc=0.9861, n_rows(dedup)=1005 | OOB acc=0.9193, OOB bin acc=0.9481, n_rows_test(dedup)=347 |
OOB cameras: ['bartlett', 'hyytiala', 'kenttarova', 'lacclair', 'sodankyla_full', 'willowcreek']
OOB n=401 | RMSE=0.1729 | Bias=-0.0241 | FracRMSE=0.3609 | FracBias=-0.1940 | NoneBias=0.0233 | FullBias=-0.0494
Aspect split eligible OOB rows (north/south facing fraction threshold = 0.75): 63 / 401
north_dominated OOB n=41 | RMSE=0.2645 | Bias=-0.0845 | FracRMSE=0.4130 | FracBias=-0.2098 | NoneBias=0.0000 | FullBias=-0.0751
south_dominated OOB n=22 | RMSE=0.2566 | Bias=-0.0741 | FracRMSE=0.6018 | FracBias=-0.4075 | NoneBias=0.0000 | FullBias=0.0000
Low-gradient eligible OOB rows (gradient_p84 <= 4.0): 39 / 401
low_gradient_p84 OOB n=39 | RMSE=0.0868 | Bias=-0.0118 | FracRMSE=0.1509 | FracBias=-0.0724 | NoneBias=0.0162 | FullBias=-0.0346
5.66s

=== Bootstrap 387/1000 ===

Chosen filter -> Eg_strong/Eg_weak >= 1.10, data_quantity >= 16 | CV acc=0.9462, CV bin acc=0.9846, n_rows(dedup)=1040 | OOB acc=0.8879, OOB bin acc=0.9346, n_rows_test(dedup)=107 |
OOB cameras: ['marcell_MN', 'torgnon', 'willowcreek']
OOB n=110 | RMSE=0.2273 | Bias=0.0057 | FracRMSE=0.3107 | FracBias=-0.1912 | NoneBias=0.0953 | FullBias=-0.0683
Aspect split eligible OOB rows (north/south facing fraction threshold = 0.75): 1 / 110
north_dominated OOB n=0 | RMSE=nan | Bias=nan | FracRMSE=nan | FracBias=nan | NoneBias=nan | FullBias=nan
south_dominated OOB n=1 | RMSE=0.0000 | Bias=0.0000 | FracRMSE=nan | FracBias=nan | NoneBias=nan | FullBias=0.0000
Low-gradient eligible OOB rows (gradient_p84 <= 4.0): 4 / 110
low_gradient_p84 OOB n=4 | RMSE=0.3148 | Bias=-0.0568 | FracRMSE=nan | FracBias=nan | NoneBias=0.2114 | FullBias=-0.3249
5.89s

=== Bootstrap 388/1000 ===

Chosen filter -> Eg_strong/Eg_weak >= 1.18, data_quantity >= 14 | CV acc=0.9476, CV bin acc=0.9899, n_rows(dedup)=1087 | OOB acc=0.8744, OOB bin acc=0.9523, n_rows_test(dedup)=398 |
OOB cameras: ['glees', 'hyytiala', 'marcell_MN', 'torgnon', 'underc', 'varrio', 'willowcreek', 'wslcreek']
OOB n=424 | RMSE=0.1580 | Bias=-0.0020 | FracRMSE=0.2693 | FracBias=-0.0526 | NoneBias=0.0584 | FullBias=-0.0446
Aspect split eligible OOB rows (north/south facing fraction threshold = 0.75): 62 / 424
north_dominated OOB n=40 | RMSE=0.0533 | Bias=0.0079 | FracRMSE=0.2383 | FracBias=0.1582 | NoneBias=0.0000 | FullBias=0.0000
south_dominated OOB n=22 | RMSE=0.0994 | Bias=-0.0084 | FracRMSE=0.4318 | FracBias=-0.4318 | NoneBias=0.0827 | FullBias=0.0000
Low-gradient eligible OOB rows (gradient_p84 <= 4.0): 5 / 424
low_gradient_p84 OOB n=5 | RMSE=0.2833 | Bias=-0.0666 | FracRMSE=nan | FracBias=nan | NoneBias=0.1892 | FullBias=-0.2372
5.91s

=== Bootstrap 389/1000 ===

Chosen filter -> Eg_strong/Eg_weak >= 1.18, data_quantity >= 17 | CV acc=0.9269, CV bin acc=0.9793, n_rows(dedup)=917 | OOB acc=0.9683, OOB bin acc=0.9864, n_rows_test(dedup)=221 |
OOB cameras: ['hyytiala', 'lacclair', 'tammela', 'varrio']
OOB n=256 | RMSE=0.0616 | Bias=-0.0089 | FracRMSE=0.2061 | FracBias=-0.1263 | NoneBias=0.0038 | FullBias=-0.0174
Aspect split eligible OOB rows (north/south facing fraction threshold = 0.75): 26 / 256
north_dominated OOB n=21 | RMSE=0.0000 | Bias=0.0000 | FracRMSE=nan | FracBias=nan | NoneBias=0.0000 | FullBias=0.0000
south_dominated OOB n=5 | RMSE=0.0000 | Bias=0.0000 | FracRMSE=nan | FracBias=nan | NoneBias=nan | FullBias=0.0000
Low-gradient eligible OOB rows (gradient_p84 <= 4.0): 0 / 256
low_gradient_p84 OOB n=0 | RMSE=nan | Bias=nan | FracRMSE=nan | FracBias=nan | NoneBias=nan | FullBias=nan
5.48s

=== Bootstrap 390/1000 ===

Chosen filter -> Eg_strong/Eg_weak >= 1.05, data_quantity >= 16 | CV acc=0.9083, CV bin acc=0.9725, n_rows(dedup)=1199 | OOB acc=0.9521, OOB bin acc=0.9681, n_rows_test(dedup)=313 |
OOB cameras: ['bartlett', 'hyytiala', 'oregon_yp', 'queens', 'torgnon', 'wslcreek']
OOB n=340 | RMSE=0.1609 | Bias=0.0063 | FracRMSE=0.3740 | FracBias=-0.2598 | NoneBias=0.0595 | FullBias=-0.0719
Aspect split eligible OOB rows (north/south facing fraction threshold = 0.75): 39 / 340
north_dominated OOB n=28 | RMSE=0.2924 | Bias=-0.1108 | FracRMSE=0.4924 | FracBias=-0.3151 | NoneBias=0.0000 | FullBias=-0.0764
south_dominated OOB n=11 | RMSE=0.3641 | Bias=-0.1649 | FracRMSE=0.8500 | FracBias=-0.8500 | NoneBias=0.0000 | FullBias=-0.0142
Low-gradient eligible OOB rows (gradient_p84 <= 4.0): 98 / 340
low_gradient_p84 OOB n=98 | RMSE=0.1506 | Bias=0.0848 | FracRMSE=0.2402 | FracBias=-0.2096 | NoneBias=0.1109 | FullBias=nan
6.06s

=== Bootstrap 391/1000 ===

Chosen filter -> Eg_strong/Eg_weak >= 1.18, data_quantity >= 14 | CV acc=0.9296, CV bin acc=0.9739, n_rows(dedup)=767 | OOB acc=0.9110, OOB bin acc=0.9852, n_rows_test(dedup)=472 |
OOB cameras: ['delta_junction', 'glees', 'hyytiala', 'marcell_MN', 'sodankyla_full', 'tammela', 'wslcreek']
OOB n=509 | RMSE=0.1028 | Bias=-0.0006 | FracRMSE=0.3041 | FracBias=-0.0380 | NoneBias=0.0160 | FullBias=-0.0125
Aspect split eligible OOB rows (north/south facing fraction threshold = 0.75): 75 / 509
north_dominated OOB n=57 | RMSE=0.1428 | Bias=-0.0278 | FracRMSE=0.2990 | FracBias=-0.1217 | NoneBias=0.0000 | FullBias=0.0000
south_dominated OOB n=18 | RMSE=0.0271 | Bias=0.0082 | FracRMSE=nan | FracBias=nan | NoneBias=0.0371 | FullBias=0.0000
Low-gradient eligible OOB rows (gradient_p84 <= 4.0): 52 / 509
low_gradient_p84 OOB n=52 | RMSE=0.0990 | Bias=-0.0180 | FracRMSE=0.2205 | FracBias=-0.1368 | NoneBias=0.0140 | FullBias=0.0000
5.11s

=== Bootstrap 392/1000 ===

Chosen filter -> Eg_strong/Eg_weak >= 1.05, data_quantity >= 17 | CV acc=0.9419, CV bin acc=0.9681, n_rows(dedup)=1221 | OOB acc=0.9036, OOB bin acc=0.9839, n_rows_test(dedup)=249 |
OOB cameras: ['delta_junction', 'kenttarova', 'lacclair', 'torgnon', 'underhill', 'varrio', 'wslcreek']
OOB n=332 | RMSE=0.1222 | Bias=-0.0014 | FracRMSE=0.2643 | FracBias=-0.0203 | NoneBias=0.0112 | FullBias=-0.0019
Aspect split eligible OOB rows (north/south facing fraction threshold = 0.75): 117 / 332
north_dominated OOB n=99 | RMSE=0.1199 | Bias=-0.0066 | FracRMSE=0.2736 | FracBias=-0.0351 | NoneBias=0.0004 | FullBias=0.0000
south_dominated OOB n=18 | RMSE=0.0143 | Bias=0.0039 | FracRMSE=0.0430 | FracBias=0.0350 | NoneBias=0.0000 | FullBias=0.0000
Low-gradient eligible OOB rows (gradient_p84 <= 4.0): 28 / 332
low_gradient_p84 OOB n=28 | RMSE=0.1310 | Bias=-0.0032 | FracRMSE=0.2311 | FracBias=-0.0099 | NoneBias=0.0000 | FullBias=0.0000
6.26s

=== Bootstrap 393/1000 ===

Chosen filter -> Eg_strong/Eg_weak >= 1.05, data_quantity >= 13 | CV acc=0.9456, CV bin acc=0.9899, n_rows(dedup)=1287 | OOB acc=0.8376, OOB bin acc=0.9373, n_rows_test(dedup)=271 |
OOB cameras: ['glees', 'kenttarova', 'underc', 'underhill', 'willowcreek', 'wslcreek']
OOB n=305 | RMSE=0.2041 | Bias=0.0262 | FracRMSE=0.2028 | FracBias=0.0383 | NoneBias=0.1078 | FullBias=-0.0304
Aspect split eligible OOB rows (north/south facing fraction threshold = 0.75): 78 / 305
north_dominated OOB n=48 | RMSE=0.0928 | Bias=0.0228 | FracRMSE=0.1439 | FracBias=0.0687 | NoneBias=0.0596 | FullBias=0.0000
south_dominated OOB n=30 | RMSE=0.0206 | Bias=0.0070 | FracRMSE=0.0493 | FracBias=0.0433 | NoneBias=0.0114 | FullBias=0.0000
Low-gradient eligible OOB rows (gradient_p84 <= 4.0): 13 / 305
low_gradient_p84 OOB n=13 | RMSE=0.1647 | Bias=0.0185 | FracRMSE=0.0600 | FracBias=0.0600 | NoneBias=0.0845 | FullBias=-0.0773
6.35s

=== Bootstrap 394/1000 ===

Chosen filter -> Eg_strong/Eg_weak >= 1.09, data_quantity >= 17 | CV acc=0.9504, CV bin acc=0.9735, n_rows(dedup)=907 | OOB acc=0.8598, OOB bin acc=0.9811, n_rows_test(dedup)=264 |
OOB cameras: ['glees', 'lacclair', 'marcell_MN', 'sodankyla_full', 'underc']
OOB n=313 | RMSE=0.1133 | Bias=0.0002 | FracRMSE=0.2598 | FracBias=-0.0914 | NoneBias=0.0319 | FullBias=-0.0062
Aspect split eligible OOB rows (north/south facing fraction threshold = 0.75): 23 / 313
north_dominated OOB n=8 | RMSE=0.0000 | Bias=0.0000 | FracRMSE=nan | FracBias=nan | NoneBias=0.0000 | FullBias=0.0000
south_dominated OOB n=15 | RMSE=0.0000 | Bias=0.0000 | FracRMSE=nan | FracBias=nan | NoneBias=0.0000 | FullBias=0.0000
Low-gradient eligible OOB rows (gradient_p84 <= 4.0): 28 / 313
low_gradient_p84 OOB n=28 | RMSE=0.0603 | Bias=0.0047 | FracRMSE=0.1746 | FracBias=-0.1746 | NoneBias=0.0235 | FullBias=0.0000
5.39s

=== Bootstrap 395/1000 ===

Chosen filter -> Eg_strong/Eg_weak >= 1.15, data_quantity >= 11 | CV acc=0.8921, CV bin acc=0.9862, n_rows(dedup)=871 | OOB acc=0.9569, OOB bin acc=0.9801, n_rows_test(dedup)=603 |
OOB cameras: ['bartlett', 'delta_junction', 'hyytiala', 'old_jack_pine', 'oregon_yp', 'queens', 'tammela', 'willowcreek', 'wslcreek']
OOB n=678 | RMSE=0.1645 | Bias=-0.0047 | FracRMSE=0.3864 | FracBias=-0.0826 | NoneBias=0.0158 | FullBias=-0.0206
Aspect split eligible OOB rows (north/south facing fraction threshold = 0.75): 70 / 678
north_dominated OOB n=62 | RMSE=0.2862 | Bias=-0.0834 | FracRMSE=0.4761 | FracBias=-0.2174 | NoneBias=0.0000 | FullBias=-0.0509
south_dominated OOB n=8 | RMSE=0.3005 | Bias=-0.1062 | FracRMSE=0.8500 | FracBias=-0.8500 | NoneBias=nan | FullBias=0.0000
Low-gradient eligible OOB rows (gradient_p84 <= 4.0): 166 / 678
low_gradient_p84 OOB n=166 | RMSE=0.1136 | Bias=-0.0107 | FracRMSE=0.2957 | FracBias=-0.1357 | NoneBias=0.0098 | FullBias=-0.0015
5.59s

=== Bootstrap 396/1000 ===

Chosen filter -> Eg_strong/Eg_weak >= 1.05, data_quantity >= 12 | CV acc=0.9149, CV bin acc=0.9542, n_rows(dedup)=1069 | OOB acc=0.9401, OOB bin acc=0.9842, n_rows_test(dedup)=634 |
OOB cameras: ['delta_junction', 'glees', 'hyytiala', 'kenttarova', 'lacclair', 'marcell_MN', 'oregon_yp', 'sodankyla_full', 'torgnon', 'underhill']
OOB n=737 | RMSE=0.1242 | Bias=0.0236 | FracRMSE=0.2232 | FracBias=-0.0402 | NoneBias=0.0590 | FullBias=-0.0103
Aspect split eligible OOB rows (north/south facing fraction threshold = 0.75): 108 / 737
north_dominated OOB n=73 | RMSE=0.1183 | Bias=0.0069 | FracRMSE=0.2160 | FracBias=-0.0164 | NoneBias=0.0295 | FullBias=0.0000
south_dominated OOB n=35 | RMSE=0.0593 | Bias=-0.0016 | FracRMSE=0.1655 | FracBias=-0.0553 | NoneBias=0.0205 | FullBias=0.0000
Low-gradient eligible OOB rows (gradient_p84 <= 4.0): 160 / 737
low_gradient_p84 OOB n=160 | RMSE=0.1436 | Bias=0.0706 | FracRMSE=0.1930 | FracBias=-0.0667 | NoneBias=0.1084 | FullBias=0.0000
5.41s

=== Bootstrap 397/1000 ===

Chosen filter -> Eg_strong/Eg_weak >= 1.18, data_quantity >= 14 | CV acc=0.9577, CV bin acc=0.9742, n_rows(dedup)=970 | OOB acc=0.8694, OOB bin acc=0.9806, n_rows_test(dedup)=360 |
OOB cameras: ['bartlett', 'delta_junction', 'glees', 'kenttarova', 'sodankyla_full', 'torgnon', 'underc']
OOB n=427 | RMSE=0.1463 | Bias=-0.0054 | FracRMSE=0.3121 | FracBias=-0.0539 | NoneBias=0.0204 | FullBias=-0.0081
Aspect split eligible OOB rows (north/south facing fraction threshold = 0.75): 107 / 427
north_dominated OOB n=72 | RMSE=0.1892 | Bias=-0.0436 | FracRMSE=0.3503 | FracBias=-0.1495 | NoneBias=0.0000 | FullBias=0.0000
south_dominated OOB n=35 | RMSE=0.1524 | Bias=-0.0288 | FracRMSE=0.4033 | FracBias=-0.2017 | NoneBias=0.0000 | FullBias=0.0000
Low-gradient eligible OOB rows (gradient_p84 <= 4.0): 60 / 427
low_gradient_p84 OOB n=60 | RMSE=0.0870 | Bias=-0.0034 | FracRMSE=0.1964 | FracBias=-0.0344 | NoneBias=0.0069 | FullBias=0.0000
5.56s

=== Bootstrap 398/1000 ===

Chosen filter -> Eg_strong/Eg_weak >= 1.06, data_quantity >= 13 | CV acc=0.9494, CV bin acc=0.9913, n_rows(dedup)=1266 | OOB acc=0.9095, OOB bin acc=0.9300, n_rows_test(dedup)=243 |
OOB cameras: ['bartlett', 'hyytiala', 'marcell_MN', 'torgnon', 'underhill', 'willowcreek']
OOB n=255 | RMSE=0.2305 | Bias=-0.0266 | FracRMSE=0.5624 | FracBias=-0.4710 | NoneBias=0.0502 | FullBias=-0.0962
Aspect split eligible OOB rows (north/south facing fraction threshold = 0.75): 24 / 255
north_dominated OOB n=13 | RMSE=0.4460 | Bias=-0.2677 | FracRMSE=0.6091 | FracBias=-0.6001 | NoneBias=0.0992 | FullBias=-0.2296
south_dominated OOB n=11 | RMSE=0.3860 | Bias=-0.1966 | FracRMSE=0.7391 | FracBias=-0.7133 | NoneBias=0.0000 | FullBias=-0.0038
Low-gradient eligible OOB rows (gradient_p84 <= 4.0): 4 / 255
low_gradient_p84 OOB n=4 | RMSE=0.2778 | Bias=-0.0707 | FracRMSE=nan | FracBias=nan | NoneBias=0.1669 | FullBias=-0.3084
6.11s

=== Bootstrap 399/1000 ===

Chosen filter -> Eg_strong/Eg_weak >= 1.05, data_quantity >= 16 | CV acc=0.8994, CV bin acc=0.9839, n_rows(dedup)=994 | OOB acc=0.9617, OOB bin acc=0.9882, n_rows_test(dedup)=339 |
OOB cameras: ['hyytiala', 'oregon_yp', 'queens', 'torgnon', 'underhill', 'varrio']
OOB n=362 | RMSE=0.1273 | Bias=0.0417 | FracRMSE=0.1871 | FracBias=-0.1549 | NoneBias=0.0782 | FullBias=-0.0281
Aspect split eligible OOB rows (north/south facing fraction threshold = 0.75): 28 / 362
north_dominated OOB n=23 | RMSE=0.0675 | Bias=0.0149 | FracRMSE=nan | FracBias=nan | NoneBias=0.0429 | FullBias=0.0000
south_dominated OOB n=5 | RMSE=0.0000 | Bias=0.0000 | FracRMSE=nan | FracBias=nan | NoneBias=nan | FullBias=0.0000
Low-gradient eligible OOB rows (gradient_p84 <= 4.0): 98 / 362
low_gradient_p84 OOB n=98 | RMSE=0.1614 | Bias=0.1037 | FracRMSE=0.2162 | FracBias=-0.1858 | NoneBias=0.1294 | FullBias=nan
5.77s

=== Bootstrap 400/1000 ===

Chosen filter -> Eg_strong/Eg_weak >= 1.06, data_quantity >= 15 | CV acc=0.9216, CV bin acc=0.9560, n_rows(dedup)=931 | OOB acc=0.9076, OOB bin acc=0.9720, n_rows_test(dedup)=357 |
OOB cameras: ['bartlett', 'kenttarova', 'marcell_MN', 'old_jack_pine', 'underc', 'varrio']
OOB n=424 | RMSE=0.1754 | Bias=-0.0150 | FracRMSE=0.3589 | FracBias=-0.0968 | NoneBias=0.0187 | FullBias=-0.0177
Aspect split eligible OOB rows (north/south facing fraction threshold = 0.75): 81 / 424
north_dominated OOB n=58 | RMSE=0.2437 | Bias=-0.0667 | FracRMSE=0.4169 | FracBias=-0.2029 | NoneBias=0.0000 | FullBias=-0.0558
south_dominated OOB n=23 | RMSE=0.2513 | Bias=-0.0683 | FracRMSE=0.5389 | FracBias=-0.3140 | NoneBias=0.0000 | FullBias=0.0000
Low-gradient eligible OOB rows (gradient_p84 <= 4.0): 47 / 424
low_gradient_p84 OOB n=47 | RMSE=0.1159 | Bias=-0.0163 | FracRMSE=0.2810 | FracBias=-0.0956 | NoneBias=0.0000 | FullBias=0.0000
5.26s

=== Bootstrap 401/1000 ===

Chosen filter -> Eg_strong/Eg_weak >= 1.25, data_quantity >= 10 | CV acc=0.9555, CV bin acc=0.9809, n_rows(dedup)=1258 | OOB acc=0.8889, OOB bin acc=0.9731, n_rows_test(dedup)=297 |
OOB cameras: ['bartlett', 'delta_junction', 'oregon_yp', 'queens', 'torgnon', 'underc']
OOB n=364 | RMSE=0.1763 | Bias=-0.0094 | FracRMSE=0.3496 | FracBias=-0.1303 | NoneBias=0.0367 | FullBias=-0.0226
Aspect split eligible OOB rows (north/south facing fraction threshold = 0.75): 50 / 364
north_dominated OOB n=41 | RMSE=0.2749 | Bias=-0.0986 | FracRMSE=0.4544 | FracBias=-0.2725 | NoneBias=0.0031 | FullBias=0.0000
south_dominated OOB n=9 | RMSE=0.3112 | Bias=-0.1374 | FracRMSE=0.6602 | FracBias=-0.6182 | NoneBias=nan | FullBias=0.0000
Low-gradient eligible OOB rows (gradient_p84 <= 4.0): 122 / 364
low_gradient_p84 OOB n=122 | RMSE=0.1191 | Bias=0.0160 | FracRMSE=0.2531 | FracBias=-0.1518 | NoneBias=0.0443 | FullBias=0.0000
6.16s

=== Bootstrap 402/1000 ===

Chosen filter -> Eg_strong/Eg_weak >= 1.09, data_quantity >= 17 | CV acc=0.8894, CV bin acc=0.9576, n_rows(dedup)=850 | OOB acc=0.9613, OOB bin acc=0.9892, n_rows_test(dedup)=465 |
OOB cameras: ['delta_junction', 'glees', 'lacclair', 'old_jack_pine', 'oregon_yp', 'underhill', 'varrio', 'wslcreek']
OOB n=566 | RMSE=0.1523 | Bias=0.0362 | FracRMSE=0.3083 | FracBias=0.0147 | NoneBias=0.0703 | FullBias=-0.0009
Aspect split eligible OOB rows (north/south facing fraction threshold = 0.75): 93 / 566
north_dominated OOB n=75 | RMSE=0.1514 | Bias=0.0169 | FracRMSE=0.3466 | FracBias=0.0568 | NoneBias=0.0251 | FullBias=0.0000
south_dominated OOB n=18 | RMSE=0.0267 | Bias=0.0089 | FracRMSE=nan | FracBias=nan | NoneBias=0.0533 | FullBias=0.0000
Low-gradient eligible OOB rows (gradient_p84 <= 4.0): 155 / 566
low_gradient_p84 OOB n=155 | RMSE=0.1631 | Bias=0.0669 | FracRMSE=0.2632 | FracBias=-0.0479 | NoneBias=0.0948 | FullBias=0.0000
5.25s

=== Bootstrap 403/1000 ===

Chosen filter -> Eg_strong/Eg_weak >= 1.05, data_quantity >= 17 | CV acc=0.9512, CV bin acc=0.9897, n_rows(dedup)=1066 | OOB acc=0.9122, OOB bin acc=0.9656, n_rows_test(dedup)=262 |
OOB cameras: ['lacclair', 'old_jack_pine', 'underc', 'underhill', 'willowcreek', 'wslcreek']
OOB n=327 | RMSE=0.1944 | Bias=0.0171 | FracRMSE=0.2934 | FracBias=-0.0338 | NoneBias=0.0696 | FullBias=-0.0162
Aspect split eligible OOB rows (north/south facing fraction threshold = 0.75): 25 / 327
north_dominated OOB n=22 | RMSE=0.1149 | Bias=0.0337 | FracRMSE=0.2645 | FracBias=0.1767 | NoneBias=0.3878 | FullBias=0.0000
south_dominated OOB n=3 | RMSE=0.0000 | Bias=0.0000 | FracRMSE=nan | FracBias=nan | NoneBias=nan | FullBias=0.0000
Low-gradient eligible OOB rows (gradient_p84 <= 4.0): 42 / 327
low_gradient_p84 OOB n=42 | RMSE=0.1454 | Bias=-0.0198 | FracRMSE=0.3569 | FracBias=-0.2021 | NoneBias=0.0179 | FullBias=-0.0305
5.86s

=== Bootstrap 404/1000 ===

Chosen filter -> Eg_strong/Eg_weak >= 1.06, data_quantity >= 16 | CV acc=0.9261, CV bin acc=0.9792, n_rows(dedup)=1056 | OOB acc=0.9106, OOB bin acc=0.9735, n_rows_test(dedup)=302 |
OOB cameras: ['bartlett', 'glees', 'oregon_yp', 'queens', 'underc', 'wslcreek']
OOB n=342 | RMSE=0.1770 | Bias=0.0072 | FracRMSE=0.3669 | FracBias=-0.2016 | NoneBias=0.0694 | FullBias=-0.0246
Aspect split eligible OOB rows (north/south facing fraction threshold = 0.75): 51 / 342
north_dominated OOB n=28 | RMSE=0.3085 | Bias=-0.1151 | FracRMSE=0.5265 | FracBias=-0.3300 | NoneBias=0.0000 | FullBias=-0.0786
south_dominated OOB n=23 | RMSE=0.2507 | Bias=-0.0739 | FracRMSE=0.8500 | FracBias=-0.8500 | NoneBias=0.0000 | FullBias=0.0000
Low-gradient eligible OOB rows (gradient_p84 <= 4.0): 98 / 342
low_gradient_p84 OOB n=98 | RMSE=0.1506 | Bias=0.0657 | FracRMSE=0.2752 | FracBias=-0.2336 | NoneBias=0.0923 | FullBias=nan
5.84s

=== Bootstrap 405/1000 ===

Chosen filter -> Eg_strong/Eg_weak >= 1.05, data_quantity >= 13 | CV acc=0.8671, CV bin acc=0.9801, n_rows(dedup)=1257 | OOB acc=0.9136, OOB bin acc=0.9773, n_rows_test(dedup)=440 |
OOB cameras: ['glees', 'old_jack_pine', 'queens', 'tammela', 'torgnon', 'underc', 'underhill', 'varrio', 'wslcreek']
OOB n=484 | RMSE=0.1461 | Bias=0.0089 | FracRMSE=0.2981 | FracBias=-0.0284 | NoneBias=0.0373 | FullBias=-0.0101
Aspect split eligible OOB rows (north/south facing fraction threshold = 0.75): 67 / 484
north_dominated OOB n=43 | RMSE=0.0852 | Bias=0.0179 | FracRMSE=0.2702 | FracBias=0.1808 | NoneBias=0.0583 | FullBias=0.0000
south_dominated OOB n=24 | RMSE=0.0536 | Bias=-0.0094 | FracRMSE=0.2603 | FracBias=-0.2603 | NoneBias=0.0086 | FullBias=0.0000
Low-gradient eligible OOB rows (gradient_p84 <= 4.0): 42 / 484
low_gradient_p84 OOB n=42 | RMSE=0.1289 | Bias=-0.0280 | FracRMSE=0.3407 | FracBias=-0.2027 | NoneBias=0.0016 | FullBias=0.0000
6.38s

=== Bootstrap 406/1000 ===

Chosen filter -> Eg_strong/Eg_weak >= 1.18, data_quantity >= 16 | CV acc=0.9132, CV bin acc=0.9706, n_rows(dedup)=783 | OOB acc=0.9549, OOB bin acc=0.9972, n_rows_test(dedup)=355 |
OOB cameras: ['delta_junction', 'marcell_MN', 'old_jack_pine', 'tammela', 'underhill', 'varrio']
OOB n=411 | RMSE=0.1189 | Bias=-0.0041 | FracRMSE=0.3113 | FracBias=-0.0570 | NoneBias=0.0083 | FullBias=-0.0024
Aspect split eligible OOB rows (north/south facing fraction threshold = 0.75): 58 / 411
north_dominated OOB n=55 | RMSE=0.1483 | Bias=-0.0221 | FracRMSE=0.3045 | FracBias=-0.1500 | NoneBias=0.0218 | FullBias=0.0000
south_dominated OOB n=3 | RMSE=0.0000 | Bias=0.0000 | FracRMSE=nan | FracBias=nan | NoneBias=nan | FullBias=0.0000
Low-gradient eligible OOB rows (gradient_p84 <= 4.0): 59 / 411
low_gradient_p84 OOB n=59 | RMSE=0.1376 | Bias=-0.0346 | FracRMSE=0.2815 | FracBias=-0.1483 | NoneBias=0.0029 | FullBias=-0.0041
5.17s

=== Bootstrap 407/1000 ===

Chosen filter -> Eg_strong/Eg_weak >= 1.06, data_quantity >= 16 | CV acc=0.9164, CV bin acc=0.9706, n_rows(dedup)=1053 | OOB acc=0.9578, OOB bin acc=0.9953, n_rows_test(dedup)=427 |
OOB cameras: ['glees', 'oregon_yp', 'queens', 'sodankyla_full', 'tammela', 'underhill', 'wslcreek']
OOB n=448 | RMSE=0.1114 | Bias=0.0302 | FracRMSE=0.2271 | FracBias=-0.1435 | NoneBias=0.0612 | FullBias=-0.0025
Aspect split eligible OOB rows (north/south facing fraction threshold = 0.75): 43 / 448
north_dominated OOB n=27 | RMSE=0.1031 | Bias=0.0281 | FracRMSE=0.2740 | FracBias=0.1835 | NoneBias=0.0655 | FullBias=0.0000
south_dominated OOB n=16 | RMSE=0.0263 | Bias=0.0093 | FracRMSE=nan | FracBias=nan | NoneBias=0.0371 | FullBias=0.0000
Low-gradient eligible OOB rows (gradient_p84 <= 4.0): 126 / 448
low_gradient_p84 OOB n=126 | RMSE=0.1415 | Bias=0.0653 | FracRMSE=0.2475 | FracBias=-0.2112 | NoneBias=0.0983 | FullBias=0.0000
5.49s

=== Bootstrap 408/1000 ===

Chosen filter -> Eg_strong/Eg_weak >= 1.25, data_quantity >= 16 | CV acc=0.8620, CV bin acc=0.9613, n_rows(dedup)=594 | OOB acc=0.9820, OOB bin acc=0.9928, n_rows_test(dedup)=557 |
OOB cameras: ['hyytiala', 'lacclair', 'marcell_MN', 'old_jack_pine', 'oregon_yp', 'sodankyla_full', 'tammela']
OOB n=624 | RMSE=0.1182 | Bias=0.0242 | FracRMSE=0.2463 | FracBias=-0.1051 | NoneBias=0.0584 | FullBias=-0.0175
Aspect split eligible OOB rows (north/south facing fraction threshold = 0.75): 12 / 624
north_dominated OOB n=9 | RMSE=0.0253 | Bias=0.0084 | FracRMSE=nan | FracBias=nan | NoneBias=0.0152 | FullBias=0.0000
south_dominated OOB n=3 | RMSE=0.0000 | Bias=0.0000 | FracRMSE=nan | FracBias=nan | NoneBias=0.0000 | FullBias=0.0000
Low-gradient eligible OOB rows (gradient_p84 <= 4.0): 163 / 624
low_gradient_p84 OOB n=163 | RMSE=0.1549 | Bias=0.0779 | FracRMSE=0.2258 | FracBias=-0.1608 | NoneBias=0.1206 | FullBias=-0.0039
4.85s

=== Bootstrap 409/1000 ===

Chosen filter -> Eg_strong/Eg_weak >= 1.14, data_quantity >= 9 | CV acc=0.9389, CV bin acc=0.9794, n_rows(dedup)=1261 | OOB acc=0.9316, OOB bin acc=0.9772, n_rows_test(dedup)=395 |
OOB cameras: ['bartlett', 'glees', 'marcell_MN', 'oregon_yp', 'underhill', 'varrio', 'wslcreek']
OOB n=431 | RMSE=0.1527 | Bias=0.0003 | FracRMSE=0.3786 | FracBias=-0.2723 | NoneBias=0.0554 | FullBias=-0.0188
Aspect split eligible OOB rows (north/south facing fraction threshold = 0.75): 84 / 431
north_dominated OOB n=56 | RMSE=0.2457 | Bias=-0.0715 | FracRMSE=0.5754 | FracBias=-0.4186 | NoneBias=0.0153 | FullBias=-0.0411
south_dominated OOB n=28 | RMSE=0.1609 | Bias=-0.0322 | FracRMSE=0.8500 | FracBias=-0.8500 | NoneBias=0.0000 | FullBias=-0.0023
Low-gradient eligible OOB rows (gradient_p84 <= 4.0): 100 / 431
low_gradient_p84 OOB n=100 | RMSE=0.1367 | Bias=0.0483 | FracRMSE=0.2855 | FracBias=-0.2479 | NoneBias=0.0748 | FullBias=0.0000
6.43s

=== Bootstrap 410/1000 ===

Chosen filter -> Eg_strong/Eg_weak >= 1.28, data_quantity >= 11 | CV acc=0.9451, CV bin acc=0.9854, n_rows(dedup)=820 | OOB acc=0.8805, OOB bin acc=0.9690, n_rows_test(dedup)=226 |
OOB cameras: ['delta_junction', 'kenttarova', 'marcell_MN', 'torgnon', 'willowcreek']
OOB n=278 | RMSE=0.1785 | Bias=0.0049 | FracRMSE=0.2522 | FracBias=-0.0058 | NoneBias=0.0506 | FullBias=-0.0275
Aspect split eligible OOB rows (north/south facing fraction threshold = 0.75): 75 / 278
north_dominated OOB n=59 | RMSE=0.1329 | Bias=-0.0253 | FracRMSE=0.2342 | FracBias=-0.0787 | NoneBias=0.0000 | FullBias=0.0000
south_dominated OOB n=16 | RMSE=0.0703 | Bias=-0.0089 | FracRMSE=0.1406 | FracBias=-0.0358 | NoneBias=0.0000 | FullBias=0.0000
Low-gradient eligible OOB rows (gradient_p84 <= 4.0): 36 / 278
low_gradient_p84 OOB n=36 | RMSE=0.1479 | Bias=-0.0225 | FracRMSE=0.1965 | FracBias=-0.0713 | NoneBias=0.0341 | FullBias=-0.0477
5.23s

=== Bootstrap 411/1000 ===

Chosen filter -> Eg_strong/Eg_weak >= 1.15, data_quantity >= 16 | CV acc=0.9514, CV bin acc=0.9874, n_rows(dedup)=1028 | OOB acc=0.9159, OOB bin acc=0.9657, n_rows_test(dedup)=321 |
OOB cameras: ['kenttarova', 'old_jack_pine', 'underc', 'varrio', 'willowcreek']
OOB n=376 | RMSE=0.1710 | Bias=0.0082 | FracRMSE=0.2683 | FracBias=-0.0288 | NoneBias=0.0462 | FullBias=-0.0172
Aspect split eligible OOB rows (north/south facing fraction threshold = 0.75): 62 / 376
north_dominated OOB n=47 | RMSE=0.0154 | Bias=0.0047 | FracRMSE=0.0400 | FracBias=0.0314 | NoneBias=0.0000 | FullBias=0.0000
south_dominated OOB n=15 | RMSE=0.0221 | Bias=0.0087 | FracRMSE=0.0493 | FracBias=0.0433 | NoneBias=0.0000 | FullBias=0.0000
Low-gradient eligible OOB rows (gradient_p84 <= 4.0): 49 / 376
low_gradient_p84 OOB n=49 | RMSE=0.1400 | Bias=-0.0242 | FracRMSE=0.3181 | FracBias=-0.1470 | NoneBias=0.0103 | FullBias=-0.0259
6.06s

=== Bootstrap 412/1000 ===

Chosen filter -> Eg_strong/Eg_weak >= 1.18, data_quantity >= 16 | CV acc=0.9266, CV bin acc=0.9940, n_rows(dedup)=831 | OOB acc=0.9125, OOB bin acc=0.9549, n_rows_test(dedup)=377 |
OOB cameras: ['bartlett', 'hyytiala', 'kenttarova', 'tammela', 'underc', 'varrio', 'willowcreek']
OOB n=418 | RMSE=0.1640 | Bias=-0.0124 | FracRMSE=0.3137 | FracBias=-0.1154 | NoneBias=0.0277 | FullBias=-0.0406
Aspect split eligible OOB rows (north/south facing fraction threshold = 0.75): 73 / 418
north_dominated OOB n=53 | RMSE=0.1720 | Bias=-0.0361 | FracRMSE=0.3960 | FracBias=-0.1914 | NoneBias=0.0000 | FullBias=0.0000
south_dominated OOB n=20 | RMSE=0.1910 | Bias=-0.0360 | FracRMSE=0.4271 | FracBias=-0.1800 | NoneBias=0.0000 | FullBias=0.0000
Low-gradient eligible OOB rows (gradient_p84 <= 4.0): 12 / 418
low_gradient_p84 OOB n=12 | RMSE=0.1155 | Bias=-0.0146 | FracRMSE=0.0600 | FracBias=0.0600 | NoneBias=0.0298 | FullBias=-0.1185
5.45s

=== Bootstrap 413/1000 ===

Chosen filter -> Eg_strong/Eg_weak >= 1.20, data_quantity >= 9 | CV acc=0.8942, CV bin acc=0.9890, n_rows(dedup)=1002 | OOB acc=0.9418, OOB bin acc=0.9821, n_rows_test(dedup)=447 |
OOB cameras: ['glees', 'old_jack_pine', 'oregon_yp', 'torgnon', 'underhill', 'varrio', 'willowcreek']
OOB n=491 | RMSE=0.1714 | Bias=0.0329 | FracRMSE=0.2589 | FracBias=-0.1315 | NoneBias=0.0886 | FullBias=-0.0232
Aspect split eligible OOB rows (north/south facing fraction threshold = 0.75): 51 / 491
north_dominated OOB n=27 | RMSE=0.1253 | Bias=0.0241 | FracRMSE=nan | FracBias=nan | NoneBias=0.0723 | FullBias=0.0000
south_dominated OOB n=24 | RMSE=0.0456 | Bias=0.0047 | FracRMSE=0.1366 | FracBias=-0.1366 | NoneBias=0.0621 | FullBias=0.0000
Low-gradient eligible OOB rows (gradient_p84 <= 4.0): 144 / 491
low_gradient_p84 OOB n=144 | RMSE=0.1579 | Bias=0.0438 | FracRMSE=0.2753 | FracBias=-0.2236 | NoneBias=0.0879 | FullBias=-0.0777
5.7s

=== Bootstrap 414/1000 ===

Chosen filter -> Eg_strong/Eg_weak >= 1.18, data_quantity >= 13 | CV acc=0.9168, CV bin acc=0.9749, n_rows(dedup)=997 | OOB acc=0.9732, OOB bin acc=0.9844, n_rows_test(dedup)=448 |
OOB cameras: ['hyytiala', 'old_jack_pine', 'oregon_yp', 'tammela', 'underhill', 'wslcreek']
OOB n=487 | RMSE=0.1257 | Bias=0.0182 | FracRMSE=0.2790 | FracBias=-0.0835 | NoneBias=0.0410 | FullBias=-0.0160
Aspect split eligible OOB rows (north/south facing fraction threshold = 0.75): 25 / 487
north_dominated OOB n=22 | RMSE=0.0847 | Bias=0.0244 | FracRMSE=0.2201 | FracBias=0.1453 | NoneBias=0.1235 | FullBias=0.0000
south_dominated OOB n=3 | RMSE=0.0000 | Bias=0.0000 | FracRMSE=nan | FracBias=nan | NoneBias=0.0000 | FullBias=0.0000
Low-gradient eligible OOB rows (gradient_p84 <= 4.0): 138 / 487
low_gradient_p84 OOB n=138 | RMSE=0.1362 | Bias=0.0387 | FracRMSE=0.2747 | FracBias=-0.1956 | NoneBias=0.0703 | FullBias=0.0000
6.14s

=== Bootstrap 415/1000 ===

Chosen filter -> Eg_strong/Eg_weak >= 1.28, data_quantity >= 16 | CV acc=0.8996, CV bin acc=0.9797, n_rows(dedup)=787 | OOB acc=0.9545, OOB bin acc=0.9773, n_rows_test(dedup)=352 |
OOB cameras: ['hyytiala', 'kenttarova', 'lacclair', 'old_jack_pine', 'torgnon', 'varrio', 'wslcreek']
OOB n=423 | RMSE=0.0978 | Bias=-0.0052 | FracRMSE=0.2248 | FracBias=-0.0354 | NoneBias=0.0121 | FullBias=-0.0143
Aspect split eligible OOB rows (north/south facing fraction threshold = 0.75): 83 / 423
north_dominated OOB n=64 | RMSE=0.0375 | Bias=0.0084 | FracRMSE=0.0974 | FracBias=0.0524 | NoneBias=0.0069 | FullBias=0.0000
south_dominated OOB n=19 | RMSE=0.0181 | Bias=0.0063 | FracRMSE=0.0455 | FracBias=0.0400 | NoneBias=0.0000 | FullBias=0.0000
Low-gradient eligible OOB rows (gradient_p84 <= 4.0): 45 / 423
low_gradient_p84 OOB n=45 | RMSE=0.1239 | Bias=-0.0222 | FracRMSE=0.2873 | FracBias=-0.1518 | NoneBias=0.0104 | FullBias=-0.0067
5.45s

=== Bootstrap 416/1000 ===

Chosen filter -> Eg_strong/Eg_weak >= 1.05, data_quantity >= 10 | CV acc=0.9671, CV bin acc=0.9773, n_rows(dedup)=1366 | OOB acc=0.8080, OOB bin acc=0.9640, n_rows_test(dedup)=250 |
OOB cameras: ['delta_junction', 'glees', 'kenttarova', 'underc']
OOB n=314 | RMSE=0.1729 | Bias=0.0023 | FracRMSE=0.2975 | FracBias=0.0109 | NoneBias=0.0261 | FullBias=-0.0190
Aspect split eligible OOB rows (north/south facing fraction threshold = 0.75): 93 / 314
north_dominated OOB n=63 | RMSE=0.1490 | Bias=-0.0174 | FracRMSE=0.2714 | FracBias=-0.0578 | NoneBias=0.0000 | FullBias=0.0000
south_dominated OOB n=30 | RMSE=0.0156 | Bias=0.0043 | FracRMSE=0.0493 | FracBias=0.0433 | NoneBias=0.0000 | FullBias=0.0000
Low-gradient eligible OOB rows (gradient_p84 <= 4.0): 32 / 314
low_gradient_p84 OOB n=32 | RMSE=0.1207 | Bias=-0.0100 | FracRMSE=0.2159 | FracBias=-0.0319 | NoneBias=0.0000 | FullBias=0.0000
6.84s

=== Bootstrap 417/1000 ===

Chosen filter -> Eg_strong/Eg_weak >= 1.18, data_quantity >= 9 | CV acc=0.9425, CV bin acc=0.9799, n_rows(dedup)=1043 | OOB acc=0.8985, OOB bin acc=0.9846, n_rows_test(dedup)=325 |
OOB cameras: ['glees', 'lacclair', 'oregon_yp', 'tammela', 'torgnon', 'underc']
OOB n=388 | RMSE=0.1448 | Bias=0.0320 | FracRMSE=0.2710 | FracBias=-0.0662 | NoneBias=0.0705 | FullBias=-0.0058
Aspect split eligible OOB rows (north/south facing fraction threshold = 0.75): 26 / 388
north_dominated OOB n=4 | RMSE=0.0000 | Bias=0.0000 | FracRMSE=nan | FracBias=nan | NoneBias=0.0000 | FullBias=0.0000
south_dominated OOB n=22 | RMSE=0.0368 | Bias=0.0019 | FracRMSE=0.1255 | FracBias=-0.1255 | NoneBias=0.0554 | FullBias=0.0000
Low-gradient eligible OOB rows (gradient_p84 <= 4.0): 99 / 388
low_gradient_p84 OOB n=99 | RMSE=0.1489 | Bias=0.0586 | FracRMSE=0.2821 | FracBias=-0.2382 | NoneBias=0.0847 | FullBias=nan
5.93s

=== Bootstrap 418/1000 ===

Chosen filter -> Eg_strong/Eg_weak >= 1.18, data_quantity >= 17 | CV acc=0.9375, CV bin acc=0.9834, n_rows(dedup)=784 | OOB acc=0.9233, OOB bin acc=0.9735, n_rows_test(dedup)=378 |
OOB cameras: ['lacclair', 'old_jack_pine', 'sodankyla_full', 'tammela', 'underc', 'willowcreek']
OOB n=440 | RMSE=0.1659 | Bias=0.0088 | FracRMSE=0.3247 | FracBias=-0.0574 | NoneBias=0.0384 | FullBias=-0.0123
Aspect split eligible OOB rows (north/south facing fraction threshold = 0.75): 11 / 440
north_dominated OOB n=8 | RMSE=0.0000 | Bias=0.0000 | FracRMSE=nan | FracBias=nan | NoneBias=0.0000 | FullBias=0.0000
south_dominated OOB n=3 | RMSE=0.0000 | Bias=0.0000 | FracRMSE=nan | FracBias=nan | NoneBias=0.0000 | FullBias=0.0000
Low-gradient eligible OOB rows (gradient_p84 <= 4.0): 68 / 440
low_gradient_p84 OOB n=68 | RMSE=0.1182 | Bias=-0.0115 | FracRMSE=0.3577 | FracBias=-0.1753 | NoneBias=0.0129 | FullBias=-0.0092
5.29s

=== Bootstrap 419/1000 ===

Chosen filter -> Eg_strong/Eg_weak >= 1.05, data_quantity >= 16 | CV acc=0.9603, CV bin acc=0.9798, n_rows(dedup)=1336 | OOB acc=0.9043, OOB bin acc=0.9950, n_rows_test(dedup)=397 |
OOB cameras: ['glees', 'old_jack_pine', 'queens', 'sodankyla_full', 'torgnon', 'varrio', 'wslcreek']
OOB n=427 | RMSE=0.0986 | Bias=0.0061 | FracRMSE=0.3110 | FracBias=-0.0555 | NoneBias=0.0228 | FullBias=-0.0006
Aspect split eligible OOB rows (north/south facing fraction threshold = 0.75): 64 / 427
north_dominated OOB n=44 | RMSE=0.0549 | Bias=0.0078 | FracRMSE=0.2577 | FracBias=0.1719 | NoneBias=0.0000 | FullBias=0.0000
south_dominated OOB n=20 | RMSE=0.0056 | Bias=0.0013 | FracRMSE=nan | FracBias=nan | NoneBias=0.0063 | FullBias=0.0000
Low-gradient eligible OOB rows (gradient_p84 <= 4.0): 67 / 427
low_gradient_p84 OOB n=67 | RMSE=0.1144 | Bias=-0.0185 | FracRMSE=0.3424 | FracBias=-0.2130 | NoneBias=0.0067 | FullBias=0.0000
6.66s

=== Bootstrap 420/1000 ===

Chosen filter -> Eg_strong/Eg_weak >= 1.05, data_quantity >= 10 | CV acc=0.9636, CV bin acc=0.9888, n_rows(dedup)=1072 | OOB acc=0.8931, OOB bin acc=0.9719, n_rows_test(dedup)=533 |
OOB cameras: ['delta_junction', 'glees', 'oregon_yp', 'sodankyla_full', 'torgnon', 'underc', 'underhill', 'willowcreek']
OOB n=599 | RMSE=0.1842 | Bias=0.0345 | FracRMSE=0.2868 | FracBias=-0.0084 | NoneBias=0.0808 | FullBias=-0.0226
Aspect split eligible OOB rows (north/south facing fraction threshold = 0.75): 67 / 599
north_dominated OOB n=45 | RMSE=0.1623 | Bias=-0.0001 | FracRMSE=0.2797 | FracBias=-0.0626 | NoneBias=0.0327 | FullBias=0.0000
south_dominated OOB n=22 | RMSE=0.0294 | Bias=-0.0011 | FracRMSE=0.1203 | FracBias=-0.1203 | NoneBias=0.0190 | FullBias=0.0000
Low-gradient eligible OOB rows (gradient_p84 <= 4.0): 155 / 599
low_gradient_p84 OOB n=155 | RMSE=0.1443 | Bias=0.0477 | FracRMSE=0.2287 | FracBias=-0.1052 | NoneBias=0.0848 | FullBias=-0.0201
5.58s

=== Bootstrap 421/1000 ===

Chosen filter -> Eg_strong/Eg_weak >= 1.18, data_quantity >= 14 | CV acc=0.9265, CV bin acc=0.9807, n_rows(dedup)=776 | OOB acc=0.9061, OOB bin acc=0.9812, n_rows_test(dedup)=426 |
OOB cameras: ['glees', 'lacclair', 'old_jack_pine', 'sodankyla_full', 'tammela', 'willowcreek', 'wslcreek']
OOB n=481 | RMSE=0.1517 | Bias=0.0096 | FracRMSE=0.3082 | FracBias=-0.0471 | NoneBias=0.0462 | FullBias=-0.0166
Aspect split eligible OOB rows (north/south facing fraction threshold = 0.75): 46 / 481
north_dominated OOB n=26 | RMSE=0.0976 | Bias=0.0183 | FracRMSE=0.3518 | FracBias=0.2385 | NoneBias=0.0000 | FullBias=0.0000
south_dominated OOB n=20 | RMSE=0.0341 | Bias=0.0102 | FracRMSE=nan | FracBias=nan | NoneBias=0.0510 | FullBias=0.0000
Low-gradient eligible OOB rows (gradient_p84 <= 4.0): 72 / 481
low_gradient_p84 OOB n=72 | RMSE=0.1469 | Bias=-0.0182 | FracRMSE=0.3285 | FracBias=-0.2436 | NoneBias=0.0319 | FullBias=-0.0326
5.09s

=== Bootstrap 422/1000 ===

Chosen filter -> Eg_strong/Eg_weak >= 1.05, data_quantity >= 9 | CV acc=0.9082, CV bin acc=0.9527, n_rows(dedup)=1078 | OOB acc=0.9101, OOB bin acc=0.9494, n_rows_test(dedup)=356 |
OOB cameras: ['bartlett', 'hyytiala', 'kenttarova', 'lacclair', 'marcell_MN', 'tammela', 'wslcreek']
OOB n=423 | RMSE=0.1381 | Bias=-0.0286 | FracRMSE=0.3548 | FracBias=-0.1767 | NoneBias=0.0002 | FullBias=-0.0249
Aspect split eligible OOB rows (north/south facing fraction threshold = 0.75): 85 / 423
north_dominated OOB n=60 | RMSE=0.2604 | Bias=-0.0739 | FracRMSE=0.4125 | FracBias=-0.1860 | NoneBias=0.0000 | FullBias=-0.0494
south_dominated OOB n=25 | RMSE=0.2410 | Bias=-0.0628 | FracRMSE=0.5389 | FracBias=-0.3140 | NoneBias=0.0000 | FullBias=0.0000
Low-gradient eligible OOB rows (gradient_p84 <= 4.0): 9 / 423
low_gradient_p84 OOB n=9 | RMSE=0.0283 | Bias=0.0133 | FracRMSE=0.0600 | FracBias=0.0600 | NoneBias=0.0000 | FullBias=0.0000
5.54s

=== Bootstrap 423/1000 ===

Chosen filter -> Eg_strong/Eg_weak >= 1.05, data_quantity >= 13 | CV acc=0.9313, CV bin acc=0.9789, n_rows(dedup)=1324 | OOB acc=0.8908, OOB bin acc=0.9664, n_rows_test(dedup)=238 |
OOB cameras: ['marcell_MN', 'old_jack_pine', 'torgnon', 'underc', 'underhill']
OOB n=276 | RMSE=0.1906 | Bias=0.0006 | FracRMSE=0.3170 | FracBias=-0.0699 | NoneBias=0.0416 | FullBias=-0.0210
Aspect split eligible OOB rows (north/south facing fraction threshold = 0.75): 6 / 276
north_dominated OOB n=3 | RMSE=0.0947 | Bias=0.0547 | FracRMSE=nan | FracBias=nan | NoneBias=0.1640 | FullBias=0.0000
south_dominated OOB n=3 | RMSE=0.1375 | Bias=-0.0794 | FracRMSE=0.2381 | FracBias=-0.2381 | NoneBias=0.0000 | FullBias=0.0000
Low-gradient eligible OOB rows (gradient_p84 <= 4.0): 41 / 276
low_gradient_p84 OOB n=41 | RMSE=0.1271 | Bias=-0.0283 | FracRMSE=0.3323 | FracBias=-0.1933 | NoneBias=0.0000 | FullBias=0.0000
6.38s

=== Bootstrap 424/1000 ===

Chosen filter -> Eg_strong/Eg_weak >= 1.28, data_quantity >= 12 | CV acc=0.9318, CV bin acc=0.9890, n_rows(dedup)=821 | OOB acc=0.9245, OOB bin acc=0.9779, n_rows_test(dedup)=543 |
OOB cameras: ['glees', 'hyytiala', 'kenttarova', 'marcell_MN', 'oregon_yp', 'sodankyla_full', 'willowcreek']
OOB n=582 | RMSE=0.1373 | Bias=0.0111 | FracRMSE=0.1972 | FracBias=-0.1177 | NoneBias=0.0577 | FullBias=-0.0422
Aspect split eligible OOB rows (north/south facing fraction threshold = 0.75): 61 / 582
north_dominated OOB n=32 | RMSE=0.0350 | Bias=0.0072 | FracRMSE=0.0400 | FracBias=0.0313 | NoneBias=0.0153 | FullBias=-0.0094
south_dominated OOB n=29 | RMSE=0.0384 | Bias=0.0007 | FracRMSE=0.0782 | FracBias=-0.0170 | NoneBias=0.0244 | FullBias=-0.0052
Low-gradient eligible OOB rows (gradient_p84 <= 4.0): 141 / 582
low_gradient_p84 OOB n=141 | RMSE=0.1346 | Bias=0.0446 | FracRMSE=0.2395 | FracBias=-0.1983 | NoneBias=0.0836 | FullBias=-0.0367
5.38s

=== Bootstrap 425/1000 ===

Chosen filter -> Eg_strong/Eg_weak >= 1.05, data_quantity >= 16 | CV acc=0.9252, CV bin acc=0.9744, n_rows(dedup)=976 | OOB acc=0.9320, OOB bin acc=0.9684, n_rows_test(dedup)=412 |
OOB cameras: ['bartlett', 'glees', 'marcell_MN', 'old_jack_pine', 'tammela', 'torgnon', 'varrio', 'willowcreek']
OOB n=447 | RMSE=0.1711 | Bias=-0.0153 | FracRMSE=0.4318 | FracBias=-0.2251 | NoneBias=0.0288 | FullBias=-0.0318
Aspect split eligible OOB rows (north/south facing fraction threshold = 0.75): 54 / 447
north_dominated OOB n=29 | RMSE=0.2886 | Bias=-0.1169 | FracRMSE=0.6381 | FracBias=-0.6276 | NoneBias=0.0000 | FullBias=-0.0837
south_dominated OOB n=25 | RMSE=0.2404 | Bias=-0.0680 | FracRMSE=0.8500 | FracBias=-0.8500 | NoneBias=0.0000 | FullBias=0.0000
Low-gradient eligible OOB rows (gradient_p84 <= 4.0): 43 / 447
low_gradient_p84 OOB n=43 | RMSE=0.1512 | Bias=-0.0372 | FracRMSE=0.3562 | FracBias=-0.2353 | NoneBias=0.0133 | FullBias=-0.0550
5.59s

=== Bootstrap 426/1000 ===

Chosen filter -> Eg_strong/Eg_weak >= 1.07, data_quantity >= 13 | CV acc=0.9282, CV bin acc=0.9747, n_rows(dedup)=1225 | OOB acc=0.8427, OOB bin acc=0.9476, n_rows_test(dedup)=286 |
OOB cameras: ['bartlett', 'glees', 'kenttarova', 'tammela', 'underc', 'wslcreek']
OOB n=328 | RMSE=0.1848 | Bias=-0.0293 | FracRMSE=0.3660 | FracBias=-0.1416 | NoneBias=0.0168 | FullBias=-0.0343
Aspect split eligible OOB rows (north/south facing fraction threshold = 0.75): 91 / 328
north_dominated OOB n=54 | RMSE=0.2645 | Bias=-0.0789 | FracRMSE=0.4206 | FracBias=-0.1974 | NoneBias=0.0000 | FullBias=-0.0513
south_dominated OOB n=37 | RMSE=0.1981 | Bias=-0.0424 | FracRMSE=0.5389 | FracBias=-0.3140 | NoneBias=0.0000 | FullBias=0.0000
Low-gradient eligible OOB rows (gradient_p84 <= 4.0): 9 / 328
low_gradient_p84 OOB n=9 | RMSE=0.0283 | Bias=0.0133 | FracRMSE=0.0600 | FracBias=0.0600 | NoneBias=0.0000 | FullBias=0.0000
6.14s

=== Bootstrap 427/1000 ===

Chosen filter -> Eg_strong/Eg_weak >= 1.05, data_quantity >= 16 | CV acc=0.9668, CV bin acc=0.9919, n_rows(dedup)=1355 | OOB acc=0.8871, OOB bin acc=0.9685, n_rows_test(dedup)=381 |
OOB cameras: ['marcell_MN', 'sodankyla_full', 'tammela', 'underc', 'underhill', 'willowcreek', 'wslcreek']
OOB n=403 | RMSE=0.1573 | Bias=0.0064 | FracRMSE=0.2751 | FracBias=-0.0653 | NoneBias=0.0446 | FullBias=-0.0242
Aspect split eligible OOB rows (north/south facing fraction threshold = 0.75): 28 / 403
north_dominated OOB n=26 | RMSE=0.1014 | Bias=0.0273 | FracRMSE=0.2409 | FracBias=0.1600 | NoneBias=0.0778 | FullBias=0.0000
south_dominated OOB n=2 | RMSE=0.0000 | Bias=0.0000 | FracRMSE=nan | FracBias=nan | NoneBias=0.0000 | FullBias=0.0000
Low-gradient eligible OOB rows (gradient_p84 <= 4.0): 32 / 403
low_gradient_p84 OOB n=32 | RMSE=0.1266 | Bias=-0.0080 | FracRMSE=0.2240 | FracBias=-0.2240 | NoneBias=0.0429 | FullBias=-0.0423
6.72s

=== Bootstrap 428/1000 ===

Chosen filter -> Eg_strong/Eg_weak >= 1.11, data_quantity >= 17 | CV acc=0.9037, CV bin acc=0.9748, n_rows(dedup)=914 | OOB acc=0.9310, OOB bin acc=0.9655, n_rows_test(dedup)=319 |
OOB cameras: ['bartlett', 'hyytiala', 'kenttarova', 'marcell_MN', 'old_jack_pine']
OOB n=360 | RMSE=0.1542 | Bias=-0.0299 | FracRMSE=0.3345 | FracBias=-0.1195 | NoneBias=0.0059 | FullBias=-0.0568
Aspect split eligible OOB rows (north/south facing fraction threshold = 0.75): 49 / 360
north_dominated OOB n=33 | RMSE=0.3064 | Bias=-0.1117 | FracRMSE=0.4162 | FracBias=-0.2129 | NoneBias=0.0004 | FullBias=-0.1042
south_dominated OOB n=16 | RMSE=0.2130 | Bias=-0.0491 | FracRMSE=0.4920 | FracBias=-0.2600 | NoneBias=0.0000 | FullBias=-0.0005
Low-gradient eligible OOB rows (gradient_p84 <= 4.0): 44 / 360
low_gradient_p84 OOB n=44 | RMSE=0.1236 | Bias=-0.0295 | FracRMSE=0.3262 | FracBias=-0.2014 | NoneBias=0.0044 | FullBias=-0.0211
5.63s

=== Bootstrap 429/1000 ===

Chosen filter -> Eg_strong/Eg_weak >= 1.05, data_quantity >= 16 | CV acc=0.9355, CV bin acc=0.9725, n_rows(dedup)=1271 | OOB acc=0.8434, OOB bin acc=0.9277, n_rows_test(dedup)=166 |
OOB cameras: ['bartlett', 'lacclair', 'marcell_MN', 'torgnon', 'underhill', 'varrio']
OOB n=212 | RMSE=0.1911 | Bias=-0.0435 | FracRMSE=0.4956 | FracBias=-0.3903 | NoneBias=0.0185 | FullBias=-0.0229
Aspect split eligible OOB rows (north/south facing fraction threshold = 0.75): 47 / 212
north_dominated OOB n=33 | RMSE=0.3182 | Bias=-0.1221 | FracRMSE=0.7323 | FracBias=-0.7248 | NoneBias=0.0000 | FullBias=-0.0884
south_dominated OOB n=14 | RMSE=0.3213 | Bias=-0.1214 | FracRMSE=0.8500 | FracBias=-0.8500 | NoneBias=0.0000 | FullBias=0.0000
Low-gradient eligible OOB rows (gradient_p84 <= 4.0): 0 / 212
low_gradient_p84 OOB n=0 | RMSE=nan | Bias=nan | FracRMSE=nan | FracBias=nan | NoneBias=nan | FullBias=nan
6.16s

=== Bootstrap 430/1000 ===

Chosen filter -> Eg_strong/Eg_weak >= 1.18, data_quantity >= 17 | CV acc=0.9574, CV bin acc=0.9841, n_rows(dedup)=1198 | OOB acc=0.8909, OOB bin acc=0.9709, n_rows_test(dedup)=275 |
OOB cameras: ['bartlett', 'delta_junction', 'kenttarova', 'marcell_MN', 'queens', 'willowcreek', 'wslcreek']
OOB n=329 | RMSE=0.1802 | Bias=-0.0095 | FracRMSE=0.3165 | FracBias=-0.0673 | NoneBias=0.0370 | FullBias=-0.0234
Aspect split eligible OOB rows (north/south facing fraction threshold = 0.75): 100 / 329
north_dominated OOB n=82 | RMSE=0.1803 | Bias=-0.0404 | FracRMSE=0.3481 | FracBias=-0.1506 | NoneBias=0.0000 | FullBias=0.0000
south_dominated OOB n=18 | RMSE=0.2009 | Bias=-0.0433 | FracRMSE=0.4920 | FracBias=-0.2600 | NoneBias=0.0000 | FullBias=0.0000
Low-gradient eligible OOB rows (gradient_p84 <= 4.0): 32 / 329
low_gradient_p84 OOB n=32 | RMSE=0.1299 | Bias=-0.0269 | FracRMSE=0.2107 | FracBias=-0.0708 | NoneBias=0.0155 | FullBias=-0.0425
6.54s

=== Bootstrap 431/1000 ===

Chosen filter -> Eg_strong/Eg_weak >= 1.05, data_quantity >= 17 | CV acc=0.9370, CV bin acc=0.9820, n_rows(dedup)=778 | OOB acc=0.8961, OOB bin acc=0.9805, n_rows_test(dedup)=462 |
OOB cameras: ['glees', 'hyytiala', 'kenttarova', 'old_jack_pine', 'sodankyla_full', 'underhill', 'wslcreek']
OOB n=501 | RMSE=0.1050 | Bias=0.0017 | FracRMSE=0.2354 | FracBias=-0.0305 | NoneBias=0.0194 | FullBias=-0.0146
Aspect split eligible OOB rows (north/south facing fraction threshold = 0.75): 76 / 501
north_dominated OOB n=51 | RMSE=0.0627 | Bias=0.0160 | FracRMSE=0.1138 | FracBias=0.0617 | NoneBias=0.0293 | FullBias=0.0000
south_dominated OOB n=25 | RMSE=0.0140 | Bias=0.0044 | FracRMSE=0.0430 | FracBias=0.0350 | NoneBias=0.0055 | FullBias=0.0000
Low-gradient eligible OOB rows (gradient_p84 <= 4.0): 73 / 501
low_gradient_p84 OOB n=73 | RMSE=0.1058 | Bias=-0.0142 | FracRMSE=0.3285 | FracBias=-0.1884 | NoneBias=0.0083 | FullBias=-0.0028
5.16s

=== Bootstrap 432/1000 ===

Chosen filter -> Eg_strong/Eg_weak >= 1.05, data_quantity >= 17 | CV acc=0.9263, CV bin acc=0.9670, n_rows(dedup)=1031 | OOB acc=0.9447, OOB bin acc=0.9749, n_rows_test(dedup)=398 |
OOB cameras: ['hyytiala', 'kenttarova', 'lacclair', 'marcell_MN', 'oregon_yp', 'queens', 'wslcreek']
OOB n=465 | RMSE=0.1042 | Bias=0.0176 | FracRMSE=0.1835 | FracBias=-0.0866 | NoneBias=0.0535 | FullBias=-0.0181
Aspect split eligible OOB rows (north/south facing fraction threshold = 0.75): 61 / 465
north_dominated OOB n=46 | RMSE=0.0518 | Bias=0.0138 | FracRMSE=0.1134 | FracBias=0.0615 | NoneBias=0.0204 | FullBias=0.0000
south_dominated OOB n=15 | RMSE=0.0157 | Bias=0.0047 | FracRMSE=0.0430 | FracBias=0.0350 | NoneBias=0.0000 | FullBias=0.0000
Low-gradient eligible OOB rows (gradient_p84 <= 4.0): 104 / 465
low_gradient_p84 OOB n=104 | RMSE=0.1529 | Bias=0.0821 | FracRMSE=0.2359 | FracBias=-0.1803 | NoneBias=0.1093 | FullBias=0.0000
5.91s

=== Bootstrap 433/1000 ===

Chosen filter -> Eg_strong/Eg_weak >= 1.27, data_quantity >= 15 | CV acc=0.8828, CV bin acc=0.9741, n_rows(dedup)=657 | OOB acc=0.9649, OOB bin acc=0.9876, n_rows_test(dedup)=485 |
OOB cameras: ['glees', 'hyytiala', 'kenttarova', 'old_jack_pine', 'oregon_yp', 'varrio']
OOB n=544 | RMSE=0.1222 | Bias=0.0303 | FracRMSE=0.2038 | FracBias=-0.0658 | NoneBias=0.0739 | FullBias=-0.0222
Aspect split eligible OOB rows (north/south facing fraction threshold = 0.75): 76 / 544
north_dominated OOB n=47 | RMSE=0.0334 | Bias=0.0118 | FracRMSE=0.0400 | FracBias=0.0314 | NoneBias=0.0305 | FullBias=-0.0000
south_dominated OOB n=29 | RMSE=0.0458 | Bias=0.0139 | FracRMSE=0.0385 | FracBias=0.0143 | NoneBias=0.0600 | FullBias=0.0000
Low-gradient eligible OOB rows (gradient_p84 <= 4.0): 144 / 544
low_gradient_p84 OOB n=144 | RMSE=0.1519 | Bias=0.0705 | FracRMSE=0.2340 | FracBias=-0.1666 | NoneBias=0.1108 | FullBias=-0.0133
5.0s

=== Bootstrap 434/1000 ===

Chosen filter -> Eg_strong/Eg_weak >= 1.09, data_quantity >= 17 | CV acc=0.9208, CV bin acc=0.9754, n_rows(dedup)=934 | OOB acc=0.9524, OOB bin acc=0.9762, n_rows_test(dedup)=294 |
OOB cameras: ['marcell_MN', 'queens', 'sodankyla_full', 'tammela', 'willowcreek']
OOB n=299 | RMSE=0.1479 | Bias=-0.0010 | FracRMSE=0.3114 | FracBias=-0.2424 | NoneBias=0.0349 | FullBias=-0.0381
Aspect split eligible OOB rows (north/south facing fraction threshold = 0.75): 8 / 299
north_dominated OOB n=6 | RMSE=0.0000 | Bias=0.0000 | FracRMSE=nan | FracBias=nan | NoneBias=0.0000 | FullBias=0.0000
south_dominated OOB n=2 | RMSE=0.0000 | Bias=0.0000 | FracRMSE=nan | FracBias=nan | NoneBias=0.0000 | FullBias=0.0000
Low-gradient eligible OOB rows (gradient_p84 <= 4.0): 32 / 299
low_gradient_p84 OOB n=32 | RMSE=0.1412 | Bias=-0.0039 | FracRMSE=0.2525 | FracBias=-0.2525 | NoneBias=0.0573 | FullBias=-0.0458
5.48s

=== Bootstrap 435/1000 ===

Chosen filter -> Eg_strong/Eg_weak >= 1.18, data_quantity >= 16 | CV acc=0.9374, CV bin acc=0.9752, n_rows(dedup)=846 | OOB acc=0.9167, OOB bin acc=0.9818, n_rows_test(dedup)=384 |
OOB cameras: ['delta_junction', 'hyytiala', 'lacclair', 'old_jack_pine', 'torgnon', 'underc', 'varrio']
OOB n=479 | RMSE=0.1617 | Bias=0.0084 | FracRMSE=0.3765 | FracBias=0.0119 | NoneBias=0.0149 | FullBias=0.0000
Aspect split eligible OOB rows (north/south facing fraction threshold = 0.75): 61 / 479
north_dominated OOB n=55 | RMSE=0.1921 | Bias=-0.0057 | FracRMSE=0.4295 | FracBias=-0.0285 | NoneBias=0.0000 | FullBias=0.0000
south_dominated OOB n=6 | RMSE=0.0000 | Bias=0.0000 | FracRMSE=nan | FracBias=nan | NoneBias=nan | FullBias=0.0000
Low-gradient eligible OOB rows (gradient_p84 <= 4.0): 59 / 479
low_gradient_p84 OOB n=59 | RMSE=0.1720 | Bias=0.0070 | FracRMSE=0.3531 | FracBias=0.0294 | NoneBias=0.0000 | FullBias=0.0000
5.52s

=== Bootstrap 436/1000 ===

Chosen filter -> Eg_strong/Eg_weak >= 1.07, data_quantity >= 17 | CV acc=0.9546, CV bin acc=0.9819, n_rows(dedup)=1102 | OOB acc=0.9097, OOB bin acc=0.9900, n_rows_test(dedup)=299 |
OOB cameras: ['kenttarova', 'queens', 'sodankyla_full', 'tammela', 'underc']
OOB n=330 | RMSE=0.1041 | Bias=0.0013 | FracRMSE=0.2213 | FracBias=-0.0372 | NoneBias=0.0156 | FullBias=-0.0068
Aspect split eligible OOB rows (north/south facing fraction threshold = 0.75): 44 / 330
north_dominated OOB n=31 | RMSE=0.0189 | Bias=0.0068 | FracRMSE=0.0430 | FracBias=0.0350 | NoneBias=0.0000 | FullBias=0.0000
south_dominated OOB n=13 | RMSE=0.0169 | Bias=0.0054 | FracRMSE=0.0430 | FracBias=0.0350 | NoneBias=0.0000 | FullBias=0.0000
Low-gradient eligible OOB rows (gradient_p84 <= 4.0): 35 / 330
low_gradient_p84 OOB n=35 | RMSE=0.0371 | Bias=0.0026 | FracRMSE=0.1031 | FracBias=-0.0364 | NoneBias=0.0097 | FullBias=0.0000
6.29s

=== Bootstrap 437/1000 ===

Chosen filter -> Eg_strong/Eg_weak >= 1.09, data_quantity >= 11 | CV acc=0.9636, CV bin acc=0.9847, n_rows(dedup)=1374 | OOB acc=0.8978, OOB bin acc=0.9724, n_rows_test(dedup)=362 |
OOB cameras: ['delta_junction', 'glees', 'lacclair', 'marcell_MN', 'old_jack_pine', 'underhill', 'willowcreek']
OOB n=449 | RMSE=0.1896 | Bias=0.0155 | FracRMSE=0.3342 | FracBias=-0.0223 | NoneBias=0.0542 | FullBias=-0.0098
Aspect split eligible OOB rows (north/south facing fraction threshold = 0.75): 59 / 449
north_dominated OOB n=40 | RMSE=0.1996 | Bias=-0.0283 | FracRMSE=0.3512 | FracBias=-0.1470 | NoneBias=0.0304 | FullBias=0.0000
south_dominated OOB n=19 | RMSE=0.0000 | Bias=0.0000 | FracRMSE=nan | FracBias=nan | NoneBias=0.0000 | FullBias=0.0000
Low-gradient eligible OOB rows (gradient_p84 <= 4.0): 68 / 449
low_gradient_p84 OOB n=68 | RMSE=0.1514 | Bias=-0.0223 | FracRMSE=0.2992 | FracBias=-0.1342 | NoneBias=0.0146 | FullBias=-0.0092
6.63s

=== Bootstrap 438/1000 ===

Chosen filter -> Eg_strong/Eg_weak >= 1.05, data_quantity >= 11 | CV acc=0.9345, CV bin acc=0.9756, n_rows(dedup)=1313 | OOB acc=0.9146, OOB bin acc=0.9786, n_rows_test(dedup)=281 |
OOB cameras: ['delta_junction', 'hyytiala', 'lacclair', 'marcell_MN', 'queens', 'torgnon', 'underhill']
OOB n=350 | RMSE=0.1386 | Bias=0.0031 | FracRMSE=0.3012 | FracBias=-0.0298 | NoneBias=0.0207 | FullBias=-0.0081
Aspect split eligible OOB rows (north/south facing fraction threshold = 0.75): 46 / 350
north_dominated OOB n=39 | RMSE=0.1853 | Bias=-0.0286 | FracRMSE=0.3267 | FracBias=-0.1385 | NoneBias=0.0271 | FullBias=0.0000
south_dominated OOB n=7 | RMSE=0.0966 | Bias=-0.0365 | FracRMSE=0.2556 | FracBias=-0.2556 | NoneBias=0.0000 | FullBias=0.0000
Low-gradient eligible OOB rows (gradient_p84 <= 4.0): 23 / 350
low_gradient_p84 OOB n=23 | RMSE=0.1332 | Bias=-0.0268 | FracRMSE=0.2258 | FracBias=-0.0772 | NoneBias=0.0000 | FullBias=0.0000
6.24s

=== Bootstrap 439/1000 ===

Chosen filter -> Eg_strong/Eg_weak >= 1.05, data_quantity >= 17 | CV acc=0.8767, CV bin acc=0.9698, n_rows(dedup)=827 | OOB acc=0.9562, OOB bin acc=0.9841, n_rows_test(dedup)=502 |
OOB cameras: ['hyytiala', 'kenttarova', 'lacclair', 'marcell_MN', 'oregon_yp', 'sodankyla_full', 'torgnon', 'wslcreek']
OOB n=571 | RMSE=0.1185 | Bias=0.0248 | FracRMSE=0.1757 | FracBias=-0.0872 | NoneBias=0.0767 | FullBias=-0.0334
Aspect split eligible OOB rows (north/south facing fraction threshold = 0.75): 68 / 571
north_dominated OOB n=52 | RMSE=0.0634 | Bias=0.0076 | FracRMSE=0.1165 | FracBias=0.0523 | NoneBias=0.0394 | FullBias=-0.0139
south_dominated OOB n=16 | RMSE=0.0152 | Bias=0.0044 | FracRMSE=0.0430 | FracBias=0.0350 | NoneBias=0.0000 | FullBias=0.0000
Low-gradient eligible OOB rows (gradient_p84 <= 4.0): 132 / 571
low_gradient_p84 OOB n=132 | RMSE=0.1515 | Bias=0.0954 | FracRMSE=0.1894 | FracBias=-0.1523 | NoneBias=0.1334 | FullBias=-0.0013
5.47s

=== Bootstrap 440/1000 ===

Chosen filter -> Eg_strong/Eg_weak >= 1.05, data_quantity >= 17 | CV acc=0.9151, CV bin acc=0.9656, n_rows(dedup)=930 | OOB acc=0.9412, OOB bin acc=0.9890, n_rows_test(dedup)=272 |
OOB cameras: ['glees', 'kenttarova', 'lacclair', 'tammela', 'varrio', 'wslcreek']
OOB n=326 | RMSE=0.0612 | Bias=0.0045 | FracRMSE=0.1540 | FracBias=0.0107 | NoneBias=0.0142 | FullBias=-0.0020
Aspect split eligible OOB rows (north/south facing fraction threshold = 0.75): 93 / 326
north_dominated OOB n=64 | RMSE=0.0507 | Bias=0.0098 | FracRMSE=0.1422 | FracBias=0.0722 | NoneBias=0.0041 | FullBias=0.0000
south_dominated OOB n=29 | RMSE=0.0138 | Bias=0.0043 | FracRMSE=0.0430 | FracBias=0.0350 | NoneBias=0.0092 | FullBias=0.0000
Low-gradient eligible OOB rows (gradient_p84 <= 4.0): 7 / 326
low_gradient_p84 OOB n=7 | RMSE=0.0227 | Bias=0.0086 | FracRMSE=0.0600 | FracBias=0.0600 | NoneBias=0.0000 | FullBias=0.0000
5.79s

=== Bootstrap 441/1000 ===

Chosen filter -> Eg_strong/Eg_weak >= 1.18, data_quantity >= 14 | CV acc=0.9444, CV bin acc=0.9697, n_rows(dedup)=792 | OOB acc=0.9158, OOB bin acc=0.9876, n_rows_test(dedup)=404 |
OOB cameras: ['delta_junction', 'glees', 'hyytiala', 'sodankyla_full', 'torgnon', 'varrio']
OOB n=442 | RMSE=0.0921 | Bias=-0.0009 | FracRMSE=0.3098 | FracBias=-0.0176 | NoneBias=0.0067 | FullBias=-0.0056
Aspect split eligible OOB rows (north/south facing fraction threshold = 0.75): 82 / 442
north_dominated OOB n=61 | RMSE=0.1395 | Bias=-0.0209 | FracRMSE=0.3286 | FracBias=-0.1158 | NoneBias=0.0000 | FullBias=0.0000
south_dominated OOB n=21 | RMSE=0.0674 | Bias=-0.0147 | FracRMSE=0.3090 | FracBias=-0.3090 | NoneBias=0.0000 | FullBias=0.0000
Low-gradient eligible OOB rows (gradient_p84 <= 4.0): 53 / 442
low_gradient_p84 OOB n=53 | RMSE=0.0933 | Bias=-0.0031 | FracRMSE=0.2160 | FracBias=-0.0406 | NoneBias=0.0097 | FullBias=0.0000
5.08s

=== Bootstrap 442/1000 ===

Chosen filter -> Eg_strong/Eg_weak >= 1.26, data_quantity >= 13 | CV acc=0.9588, CV bin acc=0.9921, n_rows(dedup)=1019 | OOB acc=0.8595, OOB bin acc=0.9298, n_rows_test(dedup)=299 |
OOB cameras: ['bartlett', 'delta_junction', 'lacclair', 'old_jack_pine', 'torgnon', 'underc', 'willowcreek']
OOB n=397 | RMSE=0.2607 | Bias=-0.0048 | FracRMSE=0.4870 | FracBias=-0.0863 | NoneBias=0.0449 | FullBias=-0.0147
Aspect split eligible OOB rows (north/south facing fraction threshold = 0.75): 51 / 397
north_dominated OOB n=42 | RMSE=0.3716 | Bias=-0.0833 | FracRMSE=0.6218 | FracBias=-0.2333 | NoneBias=0.0000 | FullBias=0.0000
south_dominated OOB n=9 | RMSE=0.4299 | Bias=-0.2022 | FracRMSE=0.9120 | FracBias=-0.9100 | NoneBias=nan | FullBias=0.0000
Low-gradient eligible OOB rows (gradient_p84 <= 4.0): 66 / 397
low_gradient_p84 OOB n=66 | RMSE=0.2105 | Bias=0.0152 | FracRMSE=0.4571 | FracBias=0.0714 | NoneBias=0.0000 | FullBias=0.0000
5.92s

=== Bootstrap 443/1000 ===

Chosen filter -> Eg_strong/Eg_weak >= 1.30, data_quantity >= 9 | CV acc=0.9197, CV bin acc=0.9868, n_rows(dedup)=1059 | OOB acc=0.8571, OOB bin acc=0.9627, n_rows_test(dedup)=322 |
OOB cameras: ['delta_junction', 'glees', 'hyytiala', 'kenttarova', 'underc', 'underhill']
OOB n=383 | RMSE=0.1447 | Bias=0.0071 | FracRMSE=0.2725 | FracBias=0.0161 | NoneBias=0.0247 | FullBias=-0.0135
Aspect split eligible OOB rows (north/south facing fraction threshold = 0.75): 94 / 383
north_dominated OOB n=63 | RMSE=0.1389 | Bias=-0.0156 | FracRMSE=0.2485 | FracBias=-0.0625 | NoneBias=0.0104 | FullBias=0.0000
south_dominated OOB n=31 | RMSE=0.0153 | Bias=0.0042 | FracRMSE=0.0493 | FracBias=0.0433 | NoneBias=0.0000 | FullBias=0.0000
Low-gradient eligible OOB rows (gradient_p84 <= 4.0): 32 / 383
low_gradient_p84 OOB n=32 | RMSE=0.1129 | Bias=-0.0109 | FracRMSE=0.2020 | FracBias=-0.0349 | NoneBias=0.0000 | FullBias=0.0000
5.82s

=== Bootstrap 444/1000 ===

Chosen filter -> Eg_strong/Eg_weak >= 1.18, data_quantity >= 16 | CV acc=0.8779, CV bin acc=0.9842, n_rows(dedup)=696 | OOB acc=0.9573, OOB bin acc=0.9744, n_rows_test(dedup)=468 |
OOB cameras: ['hyytiala', 'kenttarova', 'old_jack_pine', 'queens', 'tammela', 'varrio', 'willowcreek', 'wslcreek']
OOB n=513 | RMSE=0.1327 | Bias=-0.0036 | FracRMSE=0.2267 | FracBias=-0.0357 | NoneBias=0.0250 | FullBias=-0.0344
Aspect split eligible OOB rows (north/south facing fraction threshold = 0.75): 82 / 513
north_dominated OOB n=65 | RMSE=0.0419 | Bias=0.0084 | FracRMSE=0.1101 | FracBias=0.0569 | NoneBias=0.0051 | FullBias=-0.0007
south_dominated OOB n=17 | RMSE=0.0212 | Bias=0.0004 | FracRMSE=0.0506 | FracBias=0.0023 | NoneBias=0.0000 | FullBias=0.0000
Low-gradient eligible OOB rows (gradient_p84 <= 4.0): 49 / 513
low_gradient_p84 OOB n=49 | RMSE=0.1531 | Bias=-0.0381 | FracRMSE=0.3016 | FracBias=-0.1977 | NoneBias=0.0211 | FullBias=-0.0750
5.03s

=== Bootstrap 445/1000 ===

Chosen filter -> Eg_strong/Eg_weak >= 1.25, data_quantity >= 16 | CV acc=0.9409, CV bin acc=0.9858, n_rows(dedup)=913 | OOB acc=0.9394, OOB bin acc=0.9667, n_rows_test(dedup)=330 |
OOB cameras: ['bartlett', 'glees', 'marcell_MN', 'old_jack_pine', 'underhill', 'varrio', 'willowcreek']
OOB n=363 | RMSE=0.1763 | Bias=-0.0177 | FracRMSE=0.4060 | FracBias=-0.2254 | NoneBias=0.0396 | FullBias=-0.0338
Aspect split eligible OOB rows (north/south facing fraction threshold = 0.75): 49 / 363
north_dominated OOB n=28 | RMSE=0.2132 | Bias=-0.0584 | FracRMSE=0.6361 | FracBias=-0.6265 | NoneBias=0.0304 | FullBias=0.0000
south_dominated OOB n=21 | RMSE=0.1860 | Bias=-0.0434 | FracRMSE=0.8500 | FracBias=-0.8500 | NoneBias=0.0000 | FullBias=-0.0036
Low-gradient eligible OOB rows (gradient_p84 <= 4.0): 41 / 363
low_gradient_p84 OOB n=41 | RMSE=0.1744 | Bias=-0.0547 | FracRMSE=0.3857 | FracBias=-0.2880 | NoneBias=0.0133 | FullBias=-0.0847
5.73s

=== Bootstrap 446/1000 ===

Chosen filter -> Eg_strong/Eg_weak >= 1.05, data_quantity >= 17 | CV acc=0.9237, CV bin acc=0.9715, n_rows(dedup)=878 | OOB acc=0.9465, OOB bin acc=0.9944, n_rows_test(dedup)=355 |
OOB cameras: ['kenttarova', 'oregon_yp', 'sodankyla_full', 'underc']
OOB n=401 | RMSE=0.1331 | Bias=0.0314 | FracRMSE=0.2149 | FracBias=-0.0666 | NoneBias=0.0686 | FullBias=-0.0064
Aspect split eligible OOB rows (north/south facing fraction threshold = 0.75): 44 / 401
north_dominated OOB n=32 | RMSE=0.0295 | Bias=0.0106 | FracRMSE=0.0430 | FracBias=0.0350 | NoneBias=0.0118 | FullBias=0.0000
south_dominated OOB n=12 | RMSE=0.0176 | Bias=0.0058 | FracRMSE=0.0430 | FracBias=0.0350 | NoneBias=0.0000 | FullBias=0.0000
Low-gradient eligible OOB rows (gradient_p84 <= 4.0): 132 / 401
low_gradient_p84 OOB n=132 | RMSE=0.1442 | Bias=0.0650 | FracRMSE=0.2387 | FracBias=-0.1737 | NoneBias=0.0974 | FullBias=0.0000
5.18s

=== Bootstrap 447/1000 ===

Chosen filter -> Eg_strong/Eg_weak >= 1.28, data_quantity >= 14 | CV acc=0.9393, CV bin acc=0.9728, n_rows(dedup)=956 | OOB acc=0.8864, OOB bin acc=0.9935, n_rows_test(dedup)=308 |
OOB cameras: ['bartlett', 'glees', 'sodankyla_full', 'tammela', 'torgnon', 'varrio']
OOB n=322 | RMSE=0.0958 | Bias=-0.0102 | FracRMSE=0.5308 | FracBias=-0.4130 | NoneBias=0.0072 | FullBias=-0.0048
Aspect split eligible OOB rows (north/south facing fraction threshold = 0.75): 59 / 322
north_dominated OOB n=33 | RMSE=0.2011 | Bias=-0.0583 | FracRMSE=0.6669 | FracBias=-0.6415 | NoneBias=0.0000 | FullBias=0.0000
south_dominated OOB n=26 | RMSE=0.1786 | Bias=-0.0453 | FracRMSE=0.6439 | FracBias=-0.5883 | NoneBias=0.0000 | FullBias=0.0000
Low-gradient eligible OOB rows (gradient_p84 <= 4.0): 30 / 322
low_gradient_p84 OOB n=30 | RMSE=0.0407 | Bias=0.0020 | FracRMSE=0.1241 | FracBias=-0.1241 | NoneBias=0.0142 | FullBias=0.0000
5.55s

=== Bootstrap 448/1000 ===

Chosen filter -> Eg_strong/Eg_weak >= 1.13, data_quantity >= 16 | CV acc=0.9438, CV bin acc=0.9738, n_rows(dedup)=1032 | OOB acc=0.8875, OOB bin acc=0.9792, n_rows_test(dedup)=240 |
OOB cameras: ['bartlett', 'delta_junction', 'glees', 'queens', 'tammela', 'wslcreek']
OOB n=277 | RMSE=0.1605 | Bias=-0.0226 | FracRMSE=0.3795 | FracBias=-0.1073 | NoneBias=0.0005 | FullBias=-0.0183
Aspect split eligible OOB rows (north/south facing fraction threshold = 0.75): 79 / 277
north_dominated OOB n=59 | RMSE=0.2687 | Bias=-0.0877 | FracRMSE=0.4236 | FracBias=-0.2218 | NoneBias=0.0000 | FullBias=-0.0560
south_dominated OOB n=20 | RMSE=0.1901 | Bias=-0.0425 | FracRMSE=0.8500 | FracBias=-0.8500 | NoneBias=0.0000 | FullBias=0.0000
Low-gradient eligible OOB rows (gradient_p84 <= 4.0): 22 / 277
low_gradient_p84 OOB n=22 | RMSE=0.1377 | Bias=-0.0264 | FracRMSE=0.2284 | FracBias=-0.0726 | NoneBias=0.0000 | FullBias=0.0000
5.86s

=== Bootstrap 449/1000 ===

Chosen filter -> Eg_strong/Eg_weak >= 1.18, data_quantity >= 16 | CV acc=0.9031, CV bin acc=0.9758, n_rows(dedup)=949 | OOB acc=0.9528, OOB bin acc=0.9871, n_rows_test(dedup)=233 |
OOB cameras: ['kenttarova', 'lacclair', 'old_jack_pine', 'tammela', 'torgnon']
OOB n=298 | RMSE=0.1035 | Bias=-0.0063 | FracRMSE=0.2256 | FracBias=-0.0557 | NoneBias=0.0108 | FullBias=-0.0085
Aspect split eligible OOB rows (north/south facing fraction threshold = 0.75): 44 / 298
north_dominated OOB n=29 | RMSE=0.0227 | Bias=0.0097 | FracRMSE=0.0400 | FracBias=0.0314 | NoneBias=0.0088 | FullBias=0.0000
south_dominated OOB n=15 | RMSE=0.0164 | Bias=0.0034 | FracRMSE=0.0368 | FracBias=0.0170 | NoneBias=0.0000 | FullBias=0.0000
Low-gradient eligible OOB rows (gradient_p84 <= 4.0): 45 / 298
low_gradient_p84 OOB n=45 | RMSE=0.1244 | Bias=-0.0276 | FracRMSE=0.2866 | FracBias=-0.1726 | NoneBias=0.0098 | FullBias=-0.0126
5.61s

=== Bootstrap 450/1000 ===

Chosen filter -> Eg_strong/Eg_weak >= 1.26, data_quantity >= 14 | CV acc=0.9524, CV bin acc=0.9827, n_rows(dedup)=925 | OOB acc=0.9515, OOB bin acc=0.9976, n_rows_test(dedup)=412 |
OOB cameras: ['delta_junction', 'glees', 'old_jack_pine', 'oregon_yp', 'tammela', 'torgnon']
OOB n=478 | RMSE=0.1402 | Bias=0.0089 | FracRMSE=0.3324 | FracBias=-0.0346 | NoneBias=0.0226 | FullBias=0.0000
Aspect split eligible OOB rows (north/south facing fraction threshold = 0.75): 51 / 478
north_dominated OOB n=34 | RMSE=0.2124 | Bias=-0.0182 | FracRMSE=0.3735 | FracBias=-0.0563 | NoneBias=0.0000 | FullBias=0.0000
south_dominated OOB n=17 | RMSE=0.0564 | Bias=-0.0137 | FracRMSE=0.2324 | FracBias=-0.2324 | NoneBias=0.0000 | FullBias=0.0000
Low-gradient eligible OOB rows (gradient_p84 <= 4.0): 160 / 478
low_gradient_p84 OOB n=160 | RMSE=0.1233 | Bias=0.0050 | FracRMSE=0.2883 | FracBias=-0.1137 | NoneBias=0.0270 | FullBias=0.0000
5.54s

=== Bootstrap 451/1000 ===

Chosen filter -> Eg_strong/Eg_weak >= 1.18, data_quantity >= 16 | CV acc=0.9153, CV bin acc=0.9857, n_rows(dedup)=838 | OOB acc=0.9469, OOB bin acc=0.9719, n_rows_test(dedup)=320 |
OOB cameras: ['glees', 'old_jack_pine', 'tammela', 'varrio', 'willowcreek']
OOB n=345 | RMSE=0.1509 | Bias=0.0052 | FracRMSE=0.3246 | FracBias=-0.0758 | NoneBias=0.0358 | FullBias=-0.0191
Aspect split eligible OOB rows (north/south facing fraction threshold = 0.75): 36 / 345
north_dominated OOB n=20 | RMSE=0.0000 | Bias=0.0000 | FracRMSE=nan | FracBias=nan | NoneBias=0.0000 | FullBias=0.0000
south_dominated OOB n=16 | RMSE=0.0000 | Bias=0.0000 | FracRMSE=nan | FracBias=nan | NoneBias=0.0000 | FullBias=0.0000
Low-gradient eligible OOB rows (gradient_p84 <= 4.0): 41 / 345
low_gradient_p84 OOB n=41 | RMSE=0.1497 | Bias=-0.0330 | FracRMSE=0.3447 | FracBias=-0.2201 | NoneBias=0.0159 | FullBias=-0.0433
5.44s

=== Bootstrap 452/1000 ===

Chosen filter -> Eg_strong/Eg_weak >= 1.22, data_quantity >= 9 | CV acc=0.9219, CV bin acc=0.9497, n_rows(dedup)=755 | OOB acc=0.8998, OOB bin acc=0.9823, n_rows_test(dedup)=509 |
OOB cameras: ['delta_junction', 'glees', 'hyytiala', 'marcell_MN', 'sodankyla_full', 'tammela', 'underc']
OOB n=560 | RMSE=0.1242 | Bias=0.0139 | FracRMSE=0.3117 | FracBias=0.0442 | NoneBias=0.0251 | FullBias=-0.0052
Aspect split eligible OOB rows (north/south facing fraction threshold = 0.75): 58 / 560
north_dominated OOB n=40 | RMSE=0.1750 | Bias=-0.0223 | FracRMSE=0.3336 | FracBias=-0.0830 | NoneBias=0.0012 | FullBias=0.0000
south_dominated OOB n=18 | RMSE=0.0275 | Bias=0.0086 | FracRMSE=nan | FracBias=nan | NoneBias=0.0389 | FullBias=0.0000
Low-gradient eligible OOB rows (gradient_p84 <= 4.0): 52 / 560
low_gradient_p84 OOB n=52 | RMSE=0.1043 | Bias=0.0071 | FracRMSE=0.2232 | FracBias=-0.0040 | NoneBias=0.0193 | FullBias=0.0000
4.83s

=== Bootstrap 453/1000 ===

Chosen filter -> Eg_strong/Eg_weak >= 1.05, data_quantity >= 16 | CV acc=0.9251, CV bin acc=0.9642, n_rows(dedup)=894 | OOB acc=0.9652, OOB bin acc=0.9957, n_rows_test(dedup)=230 |
OOB cameras: ['marcell_MN', 'old_jack_pine', 'torgnon', 'varrio']
OOB n=258 | RMSE=0.1136 | Bias=0.0035 | FracRMSE=0.3112 | FracBias=-0.0365 | NoneBias=0.0159 | FullBias=-0.0005
Aspect split eligible OOB rows (north/south facing fraction threshold = 0.75): 24 / 258
north_dominated OOB n=20 | RMSE=0.0000 | Bias=0.0000 | FracRMSE=nan | FracBias=nan | NoneBias=0.0000 | FullBias=0.0000
south_dominated OOB n=4 | RMSE=0.0000 | Bias=0.0000 | FracRMSE=nan | FracBias=nan | NoneBias=nan | FullBias=0.0000
Low-gradient eligible OOB rows (gradient_p84 <= 4.0): 39 / 258
low_gradient_p84 OOB n=39 | RMSE=0.1219 | Bias=-0.0222 | FracRMSE=0.3075 | FracBias=-0.1707 | NoneBias=0.0064 | FullBias=0.0000
5.3s

=== Bootstrap 454/1000 ===

Chosen filter -> Eg_strong/Eg_weak >= 1.06, data_quantity >= 10 | CV acc=0.9230, CV bin acc=0.9620, n_rows(dedup)=1026 | OOB acc=0.9401, OOB bin acc=0.9974, n_rows_test(dedup)=384 |
OOB cameras: ['delta_junction', 'marcell_MN', 'old_jack_pine', 'oregon_yp', 'torgnon']
OOB n=455 | RMSE=0.1521 | Bias=0.0225 | FracRMSE=0.3270 | FracBias=-0.0052 | NoneBias=0.0385 | FullBias=0.0000
Aspect split eligible OOB rows (north/south facing fraction threshold = 0.75): 38 / 455
north_dominated OOB n=35 | RMSE=0.2040 | Bias=0.0010 | FracRMSE=0.3629 | FracBias=-0.0050 | NoneBias=0.0059 | FullBias=0.0000
south_dominated OOB n=3 | RMSE=0.1818 | Bias=-0.1050 | FracRMSE=0.3149 | FracBias=-0.3149 | NoneBias=nan | FullBias=0.0000
Low-gradient eligible OOB rows (gradient_p84 <= 4.0): 163 / 455
low_gradient_p84 OOB n=163 | RMSE=0.1384 | Bias=0.0324 | FracRMSE=0.2756 | FracBias=-0.0768 | NoneBias=0.0558 | FullBias=0.0000
5.5s

=== Bootstrap 455/1000 ===

Chosen filter -> Eg_strong/Eg_weak >= 1.05, data_quantity >= 17 | CV acc=0.9267, CV bin acc=0.9762, n_rows(dedup)=1009 | OOB acc=0.9563, OOB bin acc=0.9938, n_rows_test(dedup)=320 |
OOB cameras: ['kenttarova', 'lacclair', 'old_jack_pine', 'sodankyla_full', 'wslcreek']
OOB n=388 | RMSE=0.0998 | Bias=-0.0030 | FracRMSE=0.2380 | FracBias=-0.0489 | NoneBias=0.0125 | FullBias=-0.0047
Aspect split eligible OOB rows (north/south facing fraction threshold = 0.75): 66 / 388
north_dominated OOB n=51 | RMSE=0.0483 | Bias=0.0102 | FracRMSE=0.1220 | FracBias=0.0648 | NoneBias=0.0000 | FullBias=0.0000
south_dominated OOB n=15 | RMSE=0.0157 | Bias=0.0047 | FracRMSE=0.0430 | FracBias=0.0350 | NoneBias=0.0000 | FullBias=0.0000
Low-gradient eligible OOB rows (gradient_p84 <= 4.0): 73 / 388
low_gradient_p84 OOB n=73 | RMSE=0.1068 | Bias=-0.0157 | FracRMSE=0.3322 | FracBias=-0.1926 | NoneBias=0.0068 | FullBias=-0.0034
5.58s

=== Bootstrap 456/1000 ===

Chosen filter -> Eg_strong/Eg_weak >= 1.05, data_quantity >= 11 | CV acc=0.9419, CV bin acc=0.9770, n_rows(dedup)=1394 | OOB acc=0.9098, OOB bin acc=0.9799, n_rows_test(dedup)=399 |
OOB cameras: ['bartlett', 'delta_junction', 'marcell_MN', 'old_jack_pine', 'queens', 'tammela', 'underhill', 'wslcreek']
OOB n=464 | RMSE=0.1893 | Bias=-0.0079 | FracRMSE=0.4218 | FracBias=-0.0661 | NoneBias=0.0144 | FullBias=-0.0133
Aspect split eligible OOB rows (north/south facing fraction threshold = 0.75): 77 / 464
north_dominated OOB n=65 | RMSE=0.2976 | Bias=-0.0874 | FracRMSE=0.4910 | FracBias=-0.2278 | NoneBias=0.0000 | FullBias=-0.0584
south_dominated OOB n=12 | RMSE=0.3470 | Bias=-0.1417 | FracRMSE=0.8500 | FracBias=-0.8500 | NoneBias=0.0000 | FullBias=0.0000
Low-gradient eligible OOB rows (gradient_p84 <= 4.0): 65 / 464
low_gradient_p84 OOB n=65 | RMSE=0.1370 | Bias=-0.0114 | FracRMSE=0.2952 | FracBias=-0.0527 | NoneBias=0.0000 | FullBias=0.0000
6.35s

=== Bootstrap 457/1000 ===

Chosen filter -> Eg_strong/Eg_weak >= 1.05, data_quantity >= 13 | CV acc=0.9260, CV bin acc=0.9732, n_rows(dedup)=1270 | OOB acc=0.8225, OOB bin acc=0.9610, n_rows_test(dedup)=231 |
OOB cameras: ['glees', 'marcell_MN', 'queens', 'underc', 'underhill', 'wslcreek']
OOB n=251 | RMSE=0.1699 | Bias=0.0140 | FracRMSE=0.2646 | FracBias=-0.0039 | NoneBias=0.0774 | FullBias=-0.0178
Aspect split eligible OOB rows (north/south facing fraction threshold = 0.75): 40 / 251
north_dominated OOB n=21 | RMSE=0.1171 | Bias=0.0351 | FracRMSE=0.2666 | FracBias=0.1782 | NoneBias=0.3817 | FullBias=0.0000
south_dominated OOB n=19 | RMSE=0.0132 | Bias=0.0040 | FracRMSE=nan | FracBias=nan | NoneBias=0.0188 | FullBias=0.0000
Low-gradient eligible OOB rows (gradient_p84 <= 4.0): 0 / 251
low_gradient_p84 OOB n=0 | RMSE=nan | Bias=nan | FracRMSE=nan | FracBias=nan | NoneBias=nan | FullBias=nan
6.17s

=== Bootstrap 458/1000 ===

Chosen filter -> Eg_strong/Eg_weak >= 1.05, data_quantity >= 16 | CV acc=0.9213, CV bin acc=0.9822, n_rows(dedup)=953 | OOB acc=0.9013, OOB bin acc=0.9522, n_rows_test(dedup)=314 |
OOB cameras: ['bartlett', 'hyytiala', 'kenttarova', 'lacclair', 'underc', 'underhill', 'varrio']
OOB n=389 | RMSE=0.1657 | Bias=-0.0249 | FracRMSE=0.3422 | FracBias=-0.1623 | NoneBias=0.0172 | FullBias=-0.0276
Aspect split eligible OOB rows (north/south facing fraction threshold = 0.75): 85 / 389
north_dominated OOB n=60 | RMSE=0.2294 | Bias=-0.0614 | FracRMSE=0.4006 | FracBias=-0.1937 | NoneBias=0.0000 | FullBias=-0.0513
south_dominated OOB n=25 | RMSE=0.2410 | Bias=-0.0628 | FracRMSE=0.5389 | FracBias=-0.3140 | NoneBias=0.0000 | FullBias=0.0000
Low-gradient eligible OOB rows (gradient_p84 <= 4.0): 8 / 389
low_gradient_p84 OOB n=8 | RMSE=0.0300 | Bias=0.0150 | FracRMSE=0.0600 | FracBias=0.0600 | NoneBias=0.0000 | FullBias=0.0000
5.61s

=== Bootstrap 459/1000 ===

Chosen filter -> Eg_strong/Eg_weak >= 1.18, data_quantity >= 16 | CV acc=0.9346, CV bin acc=0.9708, n_rows(dedup)=1132 | OOB acc=0.9358, OOB bin acc=0.9850, n_rows_test(dedup)=467 |
OOB cameras: ['delta_junction', 'glees', 'hyytiala', 'kenttarova', 'old_jack_pine', 'queens', 'tammela', 'torgnon', 'wslcreek']
OOB n=534 | RMSE=0.1115 | Bias=0.0007 | FracRMSE=0.2679 | FracBias=-0.0056 | NoneBias=0.0095 | FullBias=-0.0089
Aspect split eligible OOB rows (north/south facing fraction threshold = 0.75): 106 / 534
north_dominated OOB n=78 | RMSE=0.1287 | Bias=-0.0097 | FracRMSE=0.2543 | FracBias=-0.0379 | NoneBias=0.0000 | FullBias=0.0000
south_dominated OOB n=28 | RMSE=0.0161 | Bias=0.0046 | FracRMSE=0.0493 | FracBias=0.0433 | NoneBias=0.0000 | FullBias=0.0000
Low-gradient eligible OOB rows (gradient_p84 <= 4.0): 67 / 534
low_gradient_p84 OOB n=67 | RMSE=0.1245 | Bias=-0.0192 | FracRMSE=0.2544 | FracBias=-0.0850 | NoneBias=0.0021 | FullBias=0.0000
6.33s

=== Bootstrap 460/1000 ===

Chosen filter -> Eg_strong/Eg_weak >= 1.25, data_quantity >= 17 | CV acc=0.9406, CV bin acc=0.9743, n_rows(dedup)=1010 | OOB acc=0.9294, OOB bin acc=0.9841, n_rows_test(dedup)=439 |
OOB cameras: ['delta_junction', 'lacclair', 'old_jack_pine', 'oregon_yp', 'queens', 'underc', 'underhill', 'varrio']
OOB n=546 | RMSE=0.1595 | Bias=0.0059 | FracRMSE=0.3608 | FracBias=-0.0334 | NoneBias=0.0209 | FullBias=0.0000
Aspect split eligible OOB rows (north/south facing fraction threshold = 0.75): 63 / 546
north_dominated OOB n=57 | RMSE=0.1891 | Bias=0.0000 | FracRMSE=0.4304 | FracBias=0.0002 | NoneBias=0.0000 | FullBias=0.0000
south_dominated OOB n=6 | RMSE=0.0000 | Bias=0.0000 | FracRMSE=nan | FracBias=nan | NoneBias=nan | FullBias=0.0000
Low-gradient eligible OOB rows (gradient_p84 <= 4.0): 154 / 546
low_gradient_p84 OOB n=154 | RMSE=0.1370 | Bias=0.0054 | FracRMSE=0.3386 | FracBias=-0.0621 | NoneBias=0.0180 | FullBias=0.0000
5.8s

=== Bootstrap 461/1000 ===

Chosen filter -> Eg_strong/Eg_weak >= 1.18, data_quantity >= 17 | CV acc=0.9479, CV bin acc=0.9786, n_rows(dedup)=749 | OOB acc=0.9300, OOB bin acc=0.9938, n_rows_test(dedup)=486 |
OOB cameras: ['delta_junction', 'lacclair', 'marcell_MN', 'oregon_yp', 'sodankyla_full', 'torgnon', 'underc', 'varrio']
OOB n=582 | RMSE=0.1290 | Bias=0.0041 | FracRMSE=0.3128 | FracBias=-0.0695 | NoneBias=0.0256 | FullBias=-0.0005
Aspect split eligible OOB rows (north/south facing fraction threshold = 0.75): 68 / 582
north_dominated OOB n=61 | RMSE=0.1564 | Bias=-0.0105 | FracRMSE=0.3684 | FracBias=-0.0581 | NoneBias=0.0000 | FullBias=0.0000
south_dominated OOB n=7 | RMSE=0.0000 | Bias=0.0000 | FracRMSE=nan | FracBias=nan | NoneBias=0.0000 | FullBias=0.0000
Low-gradient eligible OOB rows (gradient_p84 <= 4.0): 146 / 582
low_gradient_p84 OOB n=146 | RMSE=0.1192 | Bias=0.0140 | FracRMSE=0.2805 | FracBias=-0.0991 | NoneBias=0.0342 | FullBias=0.0000
5.1s

=== Bootstrap 462/1000 ===

Chosen filter -> Eg_strong/Eg_weak >= 1.05, data_quantity >= 17 | CV acc=0.9331, CV bin acc=0.9746, n_rows(dedup)=1180 | OOB acc=0.9268, OOB bin acc=0.9939, n_rows_test(dedup)=328 |
OOB cameras: ['delta_junction', 'lacclair', 'marcell_MN', 'old_jack_pine', 'queens', 'tammela', 'torgnon', 'underhill']
OOB n=408 | RMSE=0.1446 | Bias=0.0047 | FracRMSE=0.3250 | FracBias=-0.0219 | NoneBias=0.0166 | FullBias=0.0000
Aspect split eligible OOB rows (north/south facing fraction threshold = 0.75): 41 / 408
north_dominated OOB n=37 | RMSE=0.2031 | Bias=-0.0244 | FracRMSE=0.3475 | FracBias=-0.1227 | NoneBias=0.0318 | FullBias=0.0000
south_dominated OOB n=4 | RMSE=0.0000 | Bias=0.0000 | FracRMSE=nan | FracBias=nan | NoneBias=nan | FullBias=0.0000
Low-gradient eligible OOB rows (gradient_p84 <= 4.0): 59 / 408
low_gradient_p84 OOB n=59 | RMSE=0.1383 | Bias=-0.0239 | FracRMSE=0.2947 | FracBias=-0.1087 | NoneBias=0.0000 | FullBias=0.0000
6.03s

=== Bootstrap 463/1000 ===

Chosen filter -> Eg_strong/Eg_weak >= 1.05, data_quantity >= 16 | CV acc=0.8817, CV bin acc=0.9501, n_rows(dedup)=862 | OOB acc=0.9047, OOB bin acc=0.9884, n_rows_test(dedup)=430 |
OOB cameras: ['delta_junction', 'hyytiala', 'kenttarova', 'marcell_MN', 'old_jack_pine', 'queens', 'wslcreek']
OOB n=502 | RMSE=0.1108 | Bias=-0.0027 | FracRMSE=0.2497 | FracBias=-0.0214 | NoneBias=0.0101 | FullBias=-0.0126
Aspect split eligible OOB rows (north/south facing fraction threshold = 0.75): 92 / 502
north_dominated OOB n=78 | RMSE=0.1182 | Bias=-0.0091 | FracRMSE=0.2329 | FracBias=-0.0407 | NoneBias=0.0051 | FullBias=0.0000
south_dominated OOB n=14 | RMSE=0.0228 | Bias=0.0093 | FracRMSE=0.0493 | FracBias=0.0433 | NoneBias=0.0000 | FullBias=0.0000
Low-gradient eligible OOB rows (gradient_p84 <= 4.0): 69 / 502
low_gradient_p84 OOB n=69 | RMSE=0.1202 | Bias=-0.0206 | FracRMSE=0.2473 | FracBias=-0.1016 | NoneBias=0.0060 | FullBias=-0.0011
5.16s

=== Bootstrap 464/1000 ===

Chosen filter -> Eg_strong/Eg_weak >= 1.05, data_quantity >= 16 | CV acc=0.9261, CV bin acc=0.9787, n_rows(dedup)=704 | OOB acc=0.9492, OOB bin acc=0.9757, n_rows_test(dedup)=453 |
OOB cameras: ['delta_junction', 'hyytiala', 'old_jack_pine', 'sodankyla_full', 'underhill', 'willowcreek']
OOB n=504 | RMSE=0.1589 | Bias=0.0063 | FracRMSE=0.2992 | FracBias=-0.0446 | NoneBias=0.0335 | FullBias=-0.0254
Aspect split eligible OOB rows (north/south facing fraction threshold = 0.75): 42 / 504
north_dominated OOB n=41 | RMSE=0.1703 | Bias=-0.0242 | FracRMSE=0.2939 | FracBias=-0.1373 | NoneBias=0.0288 | FullBias=0.0000
south_dominated OOB n=1 | RMSE=0.0000 | Bias=0.0000 | FracRMSE=nan | FracBias=nan | NoneBias=0.0000 | FullBias=nan
Low-gradient eligible OOB rows (gradient_p84 <= 4.0): 93 / 504
low_gradient_p84 OOB n=93 | RMSE=0.1316 | Bias=-0.0187 | FracRMSE=0.2652 | FracBias=-0.1415 | NoneBias=0.0220 | FullBias=-0.0224
4.85s

=== Bootstrap 465/1000 ===

Chosen filter -> Eg_strong/Eg_weak >= 1.18, data_quantity >= 9 | CV acc=0.9099, CV bin acc=0.9637, n_rows(dedup)=744 | OOB acc=0.9221, OOB bin acc=0.9879, n_rows_test(dedup)=578 |
OOB cameras: ['hyytiala', 'lacclair', 'oregon_yp', 'queens', 'sodankyla_full', 'tammela', 'underc', 'varrio']
OOB n=650 | RMSE=0.1138 | Bias=0.0220 | FracRMSE=0.2333 | FracBias=-0.0822 | NoneBias=0.0546 | FullBias=-0.0107
Aspect split eligible OOB rows (north/south facing fraction threshold = 0.75): 38 / 650
north_dominated OOB n=31 | RMSE=0.0074 | Bias=0.0013 | FracRMSE=nan | FracBias=nan | NoneBias=0.0037 | FullBias=0.0000
south_dominated OOB n=7 | RMSE=0.0000 | Bias=0.0000 | FracRMSE=nan | FracBias=nan | NoneBias=0.0000 | FullBias=0.0000
Low-gradient eligible OOB rows (gradient_p84 <= 4.0): 129 / 650
low_gradient_p84 OOB n=129 | RMSE=0.1525 | Bias=0.0785 | FracRMSE=0.2354 | FracBias=-0.1919 | NoneBias=0.1140 | FullBias=0.0000
5.0s

=== Bootstrap 466/1000 ===

Chosen filter -> Eg_strong/Eg_weak >= 1.18, data_quantity >= 9 | CV acc=0.9522, CV bin acc=0.9898, n_rows(dedup)=879 | OOB acc=0.8710, OOB bin acc=0.9770, n_rows_test(dedup)=434 |
OOB cameras: ['glees', 'oregon_yp', 'sodankyla_full', 'underc', 'underhill', 'willowcreek']
OOB n=467 | RMSE=0.1839 | Bias=0.0430 | FracRMSE=0.2677 | FracBias=-0.0712 | NoneBias=0.0977 | FullBias=-0.0205
Aspect split eligible OOB rows (north/south facing fraction threshold = 0.75): 30 / 467
north_dominated OOB n=11 | RMSE=0.2084 | Bias=0.0628 | FracRMSE=nan | FracBias=nan | NoneBias=0.0988 | FullBias=0.0000
south_dominated OOB n=19 | RMSE=0.0411 | Bias=0.0132 | FracRMSE=nan | FracBias=nan | NoneBias=0.0503 | FullBias=0.0000
Low-gradient eligible OOB rows (gradient_p84 <= 4.0): 132 / 467
low_gradient_p84 OOB n=132 | RMSE=0.1545 | Bias=0.0554 | FracRMSE=0.2605 | FracBias=-0.2217 | NoneBias=0.0930 | FullBias=-0.0324
5.26s

=== Bootstrap 467/1000 ===

Chosen filter -> Eg_strong/Eg_weak >= 1.12, data_quantity >= 17 | CV acc=0.9326, CV bin acc=0.9877, n_rows(dedup)=979 | OOB acc=0.9480, OOB bin acc=0.9660, n_rows_test(dedup)=500 |
OOB cameras: ['hyytiala', 'kenttarova', 'lacclair', 'old_jack_pine', 'sodankyla_full', 'tammela', 'underhill', 'willowcreek']
OOB n=565 | RMSE=0.1445 | Bias=-0.0089 | FracRMSE=0.2509 | FracBias=-0.0945 | NoneBias=0.0258 | FullBias=-0.0439
Aspect split eligible OOB rows (north/south facing fraction threshold = 0.75): 49 / 565
north_dominated OOB n=35 | RMSE=0.0728 | Bias=0.0136 | FracRMSE=0.0430 | FracBias=0.0350 | NoneBias=0.0363 | FullBias=-0.0074
south_dominated OOB n=14 | RMSE=0.0163 | Bias=0.0050 | FracRMSE=0.0430 | FracBias=0.0350 | NoneBias=0.0000 | FullBias=0.0000
Low-gradient eligible OOB rows (gradient_p84 <= 4.0): 75 / 565
low_gradient_p84 OOB n=75 | RMSE=0.1467 | Bias=-0.0318 | FracRMSE=0.3645 | FracBias=-0.2618 | NoneBias=0.0168 | FullBias=-0.0484
6.04s

=== Bootstrap 468/1000 ===

Chosen filter -> Eg_strong/Eg_weak >= 1.06, data_quantity >= 16 | CV acc=0.9386, CV bin acc=0.9728, n_rows(dedup)=993 | OOB acc=0.9450, OOB bin acc=0.9954, n_rows_test(dedup)=218 |
OOB cameras: ['glees', 'tammela', 'torgnon', 'varrio', 'wslcreek']
OOB n=227 | RMSE=0.0701 | Bias=0.0146 | FracRMSE=0.2980 | FracBias=0.2341 | NoneBias=0.0297 | FullBias=-0.0000
Aspect split eligible OOB rows (north/south facing fraction threshold = 0.75): 56 / 227
north_dominated OOB n=38 | RMSE=0.0669 | Bias=0.0103 | FracRMSE=0.2916 | FracBias=0.1960 | NoneBias=0.0000 | FullBias=0.0000
south_dominated OOB n=18 | RMSE=0.0314 | Bias=0.0098 | FracRMSE=nan | FracBias=nan | NoneBias=0.0590 | FullBias=0.0000
Low-gradient eligible OOB rows (gradient_p84 <= 4.0): 0 / 227
low_gradient_p84 OOB n=0 | RMSE=nan | Bias=nan | FracRMSE=nan | FracBias=nan | NoneBias=nan | FullBias=nan
5.84s

=== Bootstrap 469/1000 ===

Chosen filter -> Eg_strong/Eg_weak >= 1.09, data_quantity >= 17 | CV acc=0.9369, CV bin acc=0.9750, n_rows(dedup)=999 | OOB acc=0.9603, OOB bin acc=0.9967, n_rows_test(dedup)=302 |
OOB cameras: ['delta_junction', 'lacclair', 'oregon_yp', 'queens', 'underhill', 'varrio']
OOB n=382 | RMSE=0.1420 | Bias=0.0323 | FracRMSE=0.2729 | FracBias=-0.0480 | NoneBias=0.0730 | FullBias=0.0000
Aspect split eligible OOB rows (north/south facing fraction threshold = 0.75): 63 / 382
north_dominated OOB n=57 | RMSE=0.1326 | Bias=-0.0014 | FracRMSE=0.2745 | FracBias=-0.0564 | NoneBias=0.0257 | FullBias=0.0000
south_dominated OOB n=6 | RMSE=0.0000 | Bias=0.0000 | FracRMSE=nan | FracBias=nan | NoneBias=nan | FullBias=0.0000
Low-gradient eligible OOB rows (gradient_p84 <= 4.0): 118 / 382
low_gradient_p84 OOB n=118 | RMSE=0.1540 | Bias=0.0716 | FracRMSE=0.2211 | FracBias=-0.0922 | NoneBias=0.1034 | FullBias=0.0000
5.55s

=== Bootstrap 470/1000 ===

Chosen filter -> Eg_strong/Eg_weak >= 1.05, data_quantity >= 14 | CV acc=0.9463, CV bin acc=0.9798, n_rows(dedup)=1284 | OOB acc=0.8689, OOB bin acc=0.9806, n_rows_test(dedup)=206 |
OOB cameras: ['glees', 'kenttarova', 'marcell_MN', 'underhill', 'wslcreek']
OOB n=229 | RMSE=0.1115 | Bias=0.0182 | FracRMSE=0.1570 | FracBias=0.0370 | NoneBias=0.0613 | FullBias=-0.0061
Aspect split eligible OOB rows (north/south facing fraction threshold = 0.75): 78 / 229
north_dominated OOB n=48 | RMSE=0.0929 | Bias=0.0228 | FracRMSE=0.1414 | FracBias=0.0678 | NoneBias=0.0606 | FullBias=0.0000
south_dominated OOB n=30 | RMSE=0.0244 | Bias=0.0086 | FracRMSE=0.0493 | FracBias=0.0433 | NoneBias=0.0182 | FullBias=0.0000
Low-gradient eligible OOB rows (gradient_p84 <= 4.0): 8 / 229
low_gradient_p84 OOB n=8 | RMSE=0.0300 | Bias=0.0150 | FracRMSE=0.0600 | FracBias=0.0600 | NoneBias=0.0000 | FullBias=0.0000
6.49s

=== Bootstrap 471/1000 ===

Chosen filter -> Eg_strong/Eg_weak >= 1.27, data_quantity >= 10 | CV acc=0.9418, CV bin acc=0.9827, n_rows(dedup)=980 | OOB acc=0.9076, OOB bin acc=0.9787, n_rows_test(dedup)=422 |
OOB cameras: ['delta_junction', 'hyytiala', 'marcell_MN', 'queens', 'sodankyla_full', 'torgnon', 'underc', 'underhill']
OOB n=473 | RMSE=0.1376 | Bias=0.0064 | FracRMSE=0.2965 | FracBias=-0.0101 | NoneBias=0.0298 | FullBias=-0.0139
Aspect split eligible OOB rows (north/south facing fraction threshold = 0.75): 48 / 473
north_dominated OOB n=42 | RMSE=0.1737 | Bias=-0.0248 | FracRMSE=0.2971 | FracBias=-0.1458 | NoneBias=0.0313 | FullBias=0.0000
south_dominated OOB n=6 | RMSE=0.0817 | Bias=-0.0333 | FracRMSE=0.2001 | FracBias=-0.2001 | NoneBias=0.0000 | FullBias=0.0000
Low-gradient eligible OOB rows (gradient_p84 <= 4.0): 52 / 473
low_gradient_p84 OOB n=52 | RMSE=0.0966 | Bias=-0.0090 | FracRMSE=0.2073 | FracBias=-0.0944 | NoneBias=0.0181 | FullBias=0.0000
5.53s

=== Bootstrap 472/1000 ===

Chosen filter -> Eg_strong/Eg_weak >= 1.18, data_quantity >= 14 | CV acc=0.9459, CV bin acc=0.9927, n_rows(dedup)=961 | OOB acc=0.9144, OOB bin acc=0.9676, n_rows_test(dedup)=432 |
OOB cameras: ['delta_junction', 'glees', 'hyytiala', 'kenttarova', 'old_jack_pine', 'queens', 'torgnon', 'willowcreek']
OOB n=499 | RMSE=0.1539 | Bias=0.0051 | FracRMSE=0.2821 | FracBias=-0.0146 | NoneBias=0.0281 | FullBias=-0.0192
Aspect split eligible OOB rows (north/south facing fraction threshold = 0.75): 90 / 499
north_dominated OOB n=60 | RMSE=0.1456 | Bias=-0.0209 | FracRMSE=0.2658 | FracBias=-0.0696 | NoneBias=0.0000 | FullBias=0.0000
south_dominated OOB n=30 | RMSE=0.0558 | Bias=-0.0055 | FracRMSE=0.1529 | FracBias=-0.0409 | NoneBias=0.0000 | FullBias=0.0000
Low-gradient eligible OOB rows (gradient_p84 <= 4.0): 74 / 499
low_gradient_p84 OOB n=74 | RMSE=0.1334 | Bias=-0.0191 | FracRMSE=0.2672 | FracBias=-0.1008 | NoneBias=0.0099 | FullBias=-0.0090
5.83s

=== Bootstrap 473/1000 ===

Chosen filter -> Eg_strong/Eg_weak >= 1.05, data_quantity >= 16 | CV acc=0.9557, CV bin acc=0.9847, n_rows(dedup)=1173 | OOB acc=0.9162, OOB bin acc=0.9913, n_rows_test(dedup)=346 |
OOB cameras: ['delta_junction', 'lacclair', 'queens', 'sodankyla_full', 'underc', 'underhill', 'varrio']
OOB n=427 | RMSE=0.1452 | Bias=0.0036 | FracRMSE=0.3319 | FracBias=-0.0412 | NoneBias=0.0243 | FullBias=-0.0005
Aspect split eligible OOB rows (north/south facing fraction threshold = 0.75): 70 / 427
north_dominated OOB n=63 | RMSE=0.1536 | Bias=-0.0180 | FracRMSE=0.3669 | FracBias=-0.1101 | NoneBias=0.0033 | FullBias=0.0000
south_dominated OOB n=7 | RMSE=0.0000 | Bias=0.0000 | FracRMSE=nan | FracBias=nan | NoneBias=0.0000 | FullBias=0.0000
Low-gradient eligible OOB rows (gradient_p84 <= 4.0): 50 / 427
low_gradient_p84 OOB n=50 | RMSE=0.1019 | Bias=-0.0014 | FracRMSE=0.2365 | FracBias=-0.0219 | NoneBias=0.0059 | FullBias=0.0000
6.33s

=== Bootstrap 474/1000 ===

Chosen filter -> Eg_strong/Eg_weak >= 1.06, data_quantity >= 16 | CV acc=0.8902, CV bin acc=0.9642, n_rows(dedup)=865 | OOB acc=0.9531, OOB bin acc=0.9742, n_rows_test(dedup)=426 |
OOB cameras: ['bartlett', 'hyytiala', 'lacclair', 'old_jack_pine', 'sodankyla_full', 'tammela', 'underhill']
OOB n=484 | RMSE=0.1444 | Bias=-0.0183 | FracRMSE=0.3891 | FracBias=-0.2097 | NoneBias=0.0136 | FullBias=-0.0289
Aspect split eligible OOB rows (north/south facing fraction threshold = 0.75): 30 / 484
north_dominated OOB n=19 | RMSE=0.3655 | Bias=-0.1720 | FracRMSE=0.6444 | FracBias=-0.6363 | NoneBias=0.0289 | FullBias=-0.1735
south_dominated OOB n=11 | RMSE=0.3626 | Bias=-0.1575 | FracRMSE=0.8500 | FracBias=-0.8500 | NoneBias=0.0000 | FullBias=-0.0047
Low-gradient eligible OOB rows (gradient_p84 <= 4.0): 66 / 484
low_gradient_p84 OOB n=66 | RMSE=0.1055 | Bias=-0.0137 | FracRMSE=0.3073 | FracBias=-0.2016 | NoneBias=0.0146 | FullBias=-0.0016
5.36s

=== Bootstrap 475/1000 ===

Chosen filter -> Eg_strong/Eg_weak >= 1.05, data_quantity >= 9 | CV acc=0.9397, CV bin acc=0.9687, n_rows(dedup)=1277 | OOB acc=0.8402, OOB bin acc=0.9508, n_rows_test(dedup)=244 |
OOB cameras: ['glees', 'lacclair', 'queens', 'underc', 'underhill', 'varrio']
OOB n=299 | RMSE=0.1606 | Bias=-0.0027 | FracRMSE=0.2958 | FracBias=-0.1222 | NoneBias=0.0529 | FullBias=-0.0139
Aspect split eligible OOB rows (north/south facing fraction threshold = 0.75): 52 / 299
north_dominated OOB n=28 | RMSE=0.0160 | Bias=0.0030 | FracRMSE=nan | FracBias=nan | NoneBias=0.0106 | FullBias=0.0000
south_dominated OOB n=24 | RMSE=0.0000 | Bias=0.0000 | FracRMSE=nan | FracBias=nan | NoneBias=0.0000 | FullBias=0.0000
Low-gradient eligible OOB rows (gradient_p84 <= 4.0): 1 / 299
low_gradient_p84 OOB n=1 | RMSE=0.0000 | Bias=0.0000 | FracRMSE=nan | FracBias=nan | NoneBias=nan | FullBias=0.0000
6.36s

=== Bootstrap 476/1000 ===

Chosen filter -> Eg_strong/Eg_weak >= 1.05, data_quantity >= 16 | CV acc=0.9294, CV bin acc=0.9854, n_rows(dedup)=892 | OOB acc=0.9052, OOB bin acc=0.9440, n_rows_test(dedup)=232 |
OOB cameras: ['bartlett', 'glees', 'marcell_MN', 'tammela', 'willowcreek']
OOB n=242 | RMSE=0.2072 | Bias=-0.0266 | FracRMSE=0.5997 | FracBias=-0.4791 | NoneBias=0.0381 | FullBias=-0.0573
Aspect split eligible OOB rows (north/south facing fraction threshold = 0.75): 30 / 242
north_dominated OOB n=9 | RMSE=0.5390 | Bias=-0.3843 | FracRMSE=0.6814 | FracBias=-0.6624 | NoneBias=0.0000 | FullBias=-0.3679
south_dominated OOB n=21 | RMSE=0.2623 | Bias=-0.0810 | FracRMSE=0.8500 | FracBias=-0.8500 | NoneBias=0.0000 | FullBias=0.0000
Low-gradient eligible OOB rows (gradient_p84 <= 4.0): 4 / 242
low_gradient_p84 OOB n=4 | RMSE=0.2542 | Bias=-0.0954 | FracRMSE=nan | FracBias=nan | NoneBias=0.1209 | FullBias=-0.3118
5.66s

=== Bootstrap 477/1000 ===

Chosen filter -> Eg_strong/Eg_weak >= 1.18, data_quantity >= 17 | CV acc=0.9395, CV bin acc=0.9802, n_rows(dedup)=959 | OOB acc=0.9381, OOB bin acc=0.9974, n_rows_test(dedup)=388 |
OOB cameras: ['delta_junction', 'lacclair', 'oregon_yp', 'queens', 'tammela', 'underc', 'varrio']
OOB n=479 | RMSE=0.1355 | Bias=0.0210 | FracRMSE=0.2781 | FracBias=-0.0545 | NoneBias=0.0538 | FullBias=-0.0017
Aspect split eligible OOB rows (north/south facing fraction threshold = 0.75): 61 / 479
north_dominated OOB n=55 | RMSE=0.1308 | Bias=-0.0079 | FracRMSE=0.2897 | FracBias=-0.0518 | NoneBias=0.0067 | FullBias=0.0000
south_dominated OOB n=6 | RMSE=0.0000 | Bias=0.0000 | FracRMSE=nan | FracBias=nan | NoneBias=nan | FullBias=0.0000
Low-gradient eligible OOB rows (gradient_p84 <= 4.0): 118 / 479
low_gradient_p84 OOB n=118 | RMSE=0.1496 | Bias=0.0611 | FracRMSE=0.2354 | FracBias=-0.0956 | NoneBias=0.0910 | FullBias=0.0000
6.1s

=== Bootstrap 478/1000 ===

Chosen filter -> Eg_strong/Eg_weak >= 1.26, data_quantity >= 9 | CV acc=0.9548, CV bin acc=0.9846, n_rows(dedup)=974 | OOB acc=0.8488, OOB bin acc=0.9722, n_rows_test(dedup)=324 |
OOB cameras: ['delta_junction', 'marcell_MN', 'tammela', 'underc', 'willowcreek', 'wslcreek']
OOB n=374 | RMSE=0.1824 | Bias=0.0163 | FracRMSE=0.3237 | FracBias=0.0301 | NoneBias=0.0492 | FullBias=-0.0163
Aspect split eligible OOB rows (north/south facing fraction threshold = 0.75): 55 / 374
north_dominated OOB n=53 | RMSE=0.1630 | Bias=-0.0197 | FracRMSE=0.3292 | FracBias=-0.0803 | NoneBias=0.0000 | FullBias=0.0000
south_dominated OOB n=2 | RMSE=0.0000 | Bias=0.0000 | FracRMSE=nan | FracBias=nan | NoneBias=nan | FullBias=0.0000
Low-gradient eligible OOB rows (gradient_p84 <= 4.0): 27 / 374
low_gradient_p84 OOB n=27 | RMSE=0.1750 | Bias=-0.0109 | FracRMSE=0.2279 | FracBias=-0.0737 | NoneBias=0.0593 | FullBias=-0.0330
6.0s

=== Bootstrap 479/1000 ===

Chosen filter -> Eg_strong/Eg_weak >= 1.05, data_quantity >= 17 | CV acc=0.9141, CV bin acc=0.9806, n_rows(dedup)=978 | OOB acc=0.9146, OOB bin acc=0.9634, n_rows_test(dedup)=328 |
OOB cameras: ['bartlett', 'glees', 'sodankyla_full', 'tammela', 'willowcreek', 'wslcreek']
OOB n=340 | RMSE=0.1757 | Bias=-0.0117 | FracRMSE=0.5045 | FracBias=-0.3292 | NoneBias=0.0416 | FullBias=-0.0417
Aspect split eligible OOB rows (north/south facing fraction threshold = 0.75): 55 / 340
north_dominated OOB n=33 | RMSE=0.2483 | Bias=-0.0826 | FracRMSE=0.4634 | FracBias=-0.2792 | NoneBias=0.0000 | FullBias=-0.0605
south_dominated OOB n=22 | RMSE=0.2570 | Bias=-0.0745 | FracRMSE=0.8500 | FracBias=-0.8500 | NoneBias=0.0213 | FullBias=-0.0030
Low-gradient eligible OOB rows (gradient_p84 <= 4.0): 32 / 340
low_gradient_p84 OOB n=32 | RMSE=0.1242 | Bias=-0.0082 | FracRMSE=0.2443 | FracBias=-0.2443 | NoneBias=0.0454 | FullBias=-0.0436
5.47s

=== Bootstrap 480/1000 ===

Chosen filter -> Eg_strong/Eg_weak >= 1.05, data_quantity >= 13 | CV acc=0.9332, CV bin acc=0.9831, n_rows(dedup)=1481 | OOB acc=0.8861, OOB bin acc=0.9684, n_rows_test(dedup)=316 |
OOB cameras: ['glees', 'kenttarova', 'marcell_MN', 'queens', 'tammela', 'underc', 'underhill']
OOB n=350 | RMSE=0.1434 | Bias=0.0067 | FracRMSE=0.1908 | FracBias=-0.0117 | NoneBias=0.0423 | FullBias=-0.0228
Aspect split eligible OOB rows (north/south facing fraction threshold = 0.75): 59 / 350
north_dominated OOB n=30 | RMSE=0.0745 | Bias=0.0222 | FracRMSE=0.0400 | FracBias=0.0314 | NoneBias=0.0557 | FullBias=0.0000
south_dominated OOB n=29 | RMSE=0.0221 | Bias=0.0078 | FracRMSE=0.0364 | FracBias=0.0288 | NoneBias=0.0198 | FullBias=0.0000
Low-gradient eligible OOB rows (gradient_p84 <= 4.0): 9 / 350
low_gradient_p84 OOB n=9 | RMSE=0.0207 | Bias=0.0085 | FracRMSE=0.0440 | FracBias=0.0382 | NoneBias=0.0000 | FullBias=0.0000
6.83s

=== Bootstrap 481/1000 ===

Chosen filter -> Eg_strong/Eg_weak >= 1.05, data_quantity >= 11 | CV acc=0.9534, CV bin acc=0.9840, n_rows(dedup)=1309 | OOB acc=0.8831, OOB bin acc=0.9708, n_rows_test(dedup)=308 |
OOB cameras: ['glees', 'marcell_MN', 'sodankyla_full', 'torgnon', 'underhill', 'willowcreek']
OOB n=315 | RMSE=0.1747 | Bias=0.0170 | FracRMSE=0.2902 | FracBias=-0.2338 | NoneBias=0.0787 | FullBias=-0.0234
Aspect split eligible OOB rows (north/south facing fraction threshold = 0.75): 31 / 315
north_dominated OOB n=10 | RMSE=0.1455 | Bias=0.0460 | FracRMSE=nan | FracBias=nan | NoneBias=0.0767 | FullBias=0.0000
south_dominated OOB n=21 | RMSE=0.0622 | Bias=-0.0083 | FracRMSE=0.2740 | FracBias=-0.2740 | NoneBias=0.0200 | FullBias=0.0000
Low-gradient eligible OOB rows (gradient_p84 <= 4.0): 33 / 315
low_gradient_p84 OOB n=33 | RMSE=0.1322 | Bias=-0.0026 | FracRMSE=0.2124 | FracBias=-0.2124 | NoneBias=0.0524 | FullBias=-0.0387
6.23s

=== Bootstrap 482/1000 ===

Chosen filter -> Eg_strong/Eg_weak >= 1.05, data_quantity >= 14 | CV acc=0.9277, CV bin acc=0.9759, n_rows(dedup)=871 | OOB acc=0.9235, OOB bin acc=0.9824, n_rows_test(dedup)=340 |
OOB cameras: ['delta_junction', 'glees', 'hyytiala', 'kenttarova', 'tammela']
OOB n=388 | RMSE=0.0977 | Bias=-0.0002 | FracRMSE=0.2411 | FracBias=0.0065 | NoneBias=0.0067 | FullBias=-0.0139
Aspect split eligible OOB rows (north/south facing fraction threshold = 0.75): 87 / 388
north_dominated OOB n=60 | RMSE=0.1313 | Bias=-0.0215 | FracRMSE=0.2397 | FracBias=-0.0722 | NoneBias=0.0006 | FullBias=0.0000
south_dominated OOB n=27 | RMSE=0.0159 | Bias=0.0047 | FracRMSE=0.0478 | FracBias=0.0421 | NoneBias=0.0000 | FullBias=0.0000
Low-gradient eligible OOB rows (gradient_p84 <= 4.0): 31 / 388
low_gradient_p84 OOB n=31 | RMSE=0.1096 | Bias=-0.0148 | FracRMSE=0.1930 | FracBias=-0.0457 | NoneBias=0.0000 | FullBias=0.0000
5.48s

=== Bootstrap 483/1000 ===

Chosen filter -> Eg_strong/Eg_weak >= 1.11, data_quantity >= 16 | CV acc=0.9276, CV bin acc=0.9832, n_rows(dedup)=774 | OOB acc=0.9527, OOB bin acc=0.9822, n_rows_test(dedup)=338 |
OOB cameras: ['oregon_yp', 'sodankyla_full', 'willowcreek', 'wslcreek']
OOB n=359 | RMSE=0.1601 | Bias=0.0396 | FracRMSE=0.2211 | FracBias=-0.1454 | NoneBias=0.0892 | FullBias=-0.0281
Aspect split eligible OOB rows (north/south facing fraction threshold = 0.75): 27 / 359
north_dominated OOB n=25 | RMSE=0.0743 | Bias=0.0152 | FracRMSE=0.2618 | FracBias=0.1748 | NoneBias=0.0061 | FullBias=0.0000
south_dominated OOB n=2 | RMSE=0.0000 | Bias=0.0000 | FracRMSE=nan | FracBias=nan | NoneBias=0.0000 | FullBias=0.0000
Low-gradient eligible OOB rows (gradient_p84 <= 4.0): 130 / 359
low_gradient_p84 OOB n=130 | RMSE=0.1532 | Bias=0.0700 | FracRMSE=0.2403 | FracBias=-0.2047 | NoneBias=0.1097 | FullBias=-0.0359
5.35s

=== Bootstrap 484/1000 ===

Chosen filter -> Eg_strong/Eg_weak >= 1.06, data_quantity >= 15 | CV acc=0.9154, CV bin acc=0.9774, n_rows(dedup)=839 | OOB acc=0.9254, OOB bin acc=0.9791, n_rows_test(dedup)=335 |
OOB cameras: ['delta_junction', 'kenttarova', 'sodankyla_full', 'willowcreek', 'wslcreek']
OOB n=387 | RMSE=0.1545 | Bias=0.0078 | FracRMSE=0.2447 | FracBias=0.0120 | NoneBias=0.0402 | FullBias=-0.0221
Aspect split eligible OOB rows (north/south facing fraction threshold = 0.75): 99 / 387
north_dominated OOB n=84 | RMSE=0.1147 | Bias=-0.0108 | FracRMSE=0.2346 | FracBias=-0.0491 | NoneBias=0.0033 | FullBias=-0.0001
south_dominated OOB n=15 | RMSE=0.0192 | Bias=0.0018 | FracRMSE=0.0429 | FracBias=0.0091 | NoneBias=0.0000 | FullBias=0.0000
Low-gradient eligible OOB rows (gradient_p84 <= 4.0): 62 / 387
low_gradient_p84 OOB n=62 | RMSE=0.1246 | Bias=-0.0101 | FracRMSE=0.1840 | FracBias=-0.0783 | NoneBias=0.0332 | FullBias=-0.0277
5.21s

=== Bootstrap 485/1000 ===

Chosen filter -> Eg_strong/Eg_weak >= 1.18, data_quantity >= 17 | CV acc=0.9520, CV bin acc=0.9785, n_rows(dedup)=792 | OOB acc=0.9245, OOB bin acc=0.9858, n_rows_test(dedup)=424 |
OOB cameras: ['hyytiala', 'lacclair', 'old_jack_pine', 'sodankyla_full', 'underc', 'varrio']
OOB n=492 | RMSE=0.1186 | Bias=0.0056 | FracRMSE=0.2994 | FracBias=-0.0258 | NoneBias=0.0195 | FullBias=-0.0039
Aspect split eligible OOB rows (north/south facing fraction threshold = 0.75): 33 / 492
north_dominated OOB n=27 | RMSE=0.0000 | Bias=0.0000 | FracRMSE=nan | FracBias=nan | NoneBias=0.0000 | FullBias=0.0000
south_dominated OOB n=6 | RMSE=0.0000 | Bias=0.0000 | FracRMSE=nan | FracBias=nan | NoneBias=0.0000 | FullBias=0.0000
Low-gradient eligible OOB rows (gradient_p84 <= 4.0): 64 / 492
low_gradient_p84 OOB n=64 | RMSE=0.1036 | Bias=-0.0094 | FracRMSE=0.3214 | FracBias=-0.1479 | NoneBias=0.0079 | FullBias=0.0000
5.34s

=== Bootstrap 486/1000 ===

Chosen filter -> Eg_strong/Eg_weak >= 1.09, data_quantity >= 16 | CV acc=0.9416, CV bin acc=0.9882, n_rows(dedup)=1182 | OOB acc=0.9175, OOB bin acc=0.9639, n_rows_test(dedup)=388 |
OOB cameras: ['bartlett', 'kenttarova', 'lacclair', 'old_jack_pine', 'oregon_yp', 'torgnon', 'underc', 'underhill']
OOB n=490 | RMSE=0.1746 | Bias=-0.0173 | FracRMSE=0.3303 | FracBias=-0.1409 | NoneBias=0.0225 | FullBias=-0.0210
Aspect split eligible OOB rows (north/south facing fraction threshold = 0.75): 60 / 490
north_dominated OOB n=40 | RMSE=0.2912 | Bias=-0.0959 | FracRMSE=0.4123 | FracBias=-0.2003 | NoneBias=0.0000 | FullBias=-0.0916
south_dominated OOB n=20 | RMSE=0.1910 | Bias=-0.0360 | FracRMSE=0.4271 | FracBias=-0.1800 | NoneBias=0.0000 | FullBias=0.0000
Low-gradient eligible OOB rows (gradient_p84 <= 4.0): 144 / 490
low_gradient_p84 OOB n=144 | RMSE=0.1054 | Bias=-0.0095 | FracRMSE=0.2896 | FracBias=-0.1849 | NoneBias=0.0135 | FullBias=0.0000
6.21s

=== Bootstrap 487/1000 ===

Chosen filter -> Eg_strong/Eg_weak >= 1.18, data_quantity >= 16 | CV acc=0.9109, CV bin acc=0.9799, n_rows(dedup)=797 | OOB acc=0.9848, OOB bin acc=0.9848, n_rows_test(dedup)=264 |
OOB cameras: ['hyytiala', 'old_jack_pine', 'queens', 'tammela']
OOB n=283 | RMSE=0.1065 | Bias=-0.0023 | FracRMSE=0.3291 | FracBias=-0.0432 | NoneBias=0.0061 | FullBias=-0.0142
Aspect split eligible OOB rows (north/south facing fraction threshold = 0.75): 1 / 283
north_dominated OOB n=0 | RMSE=nan | Bias=nan | FracRMSE=nan | FracBias=nan | NoneBias=nan | FullBias=nan
south_dominated OOB n=1 | RMSE=0.0000 | Bias=0.0000 | FracRMSE=nan | FracBias=nan | NoneBias=nan | FullBias=0.0000
Low-gradient eligible OOB rows (gradient_p84 <= 4.0): 37 / 283
low_gradient_p84 OOB n=37 | RMSE=0.1304 | Bias=-0.0303 | FracRMSE=0.3239 | FracBias=-0.1875 | NoneBias=0.0001 | FullBias=0.0000
5.29s

=== Bootstrap 488/1000 ===

Chosen filter -> Eg_strong/Eg_weak >= 1.05, data_quantity >= 13 | CV acc=0.9312, CV bin acc=0.9882, n_rows(dedup)=1438 | OOB acc=0.8219, OOB bin acc=0.9110, n_rows_test(dedup)=292 |
OOB cameras: ['bartlett', 'glees', 'lacclair', 'tammela', 'underc', 'willowcreek', 'wslcreek']
OOB n=349 | RMSE=0.2132 | Bias=-0.0277 | FracRMSE=0.4259 | FracBias=-0.2526 | NoneBias=0.0477 | FullBias=-0.0407
Aspect split eligible OOB rows (north/south facing fraction threshold = 0.75): 57 / 349
north_dominated OOB n=30 | RMSE=0.3333 | Bias=-0.1343 | FracRMSE=0.6067 | FracBias=-0.4461 | NoneBias=0.0000 | FullBias=-0.0615
south_dominated OOB n=27 | RMSE=0.2313 | Bias=-0.0630 | FracRMSE=0.8500 | FracBias=-0.8500 | NoneBias=0.0000 | FullBias=0.0000
Low-gradient eligible OOB rows (gradient_p84 <= 4.0): 4 / 349
low_gradient_p84 OOB n=4 | RMSE=0.2060 | Bias=-0.0666 | FracRMSE=nan | FracBias=nan | NoneBias=0.1071 | FullBias=-0.2402
7.04s

=== Bootstrap 489/1000 ===

Chosen filter -> Eg_strong/Eg_weak >= 1.27, data_quantity >= 10 | CV acc=0.9652, CV bin acc=0.9934, n_rows(dedup)=1207 | OOB acc=0.8327, OOB bin acc=0.9416, n_rows_test(dedup)=257 |
OOB cameras: ['bartlett', 'delta_junction', 'kenttarova', 'torgnon', 'underc', 'underhill', 'willowcreek']
OOB n=326 | RMSE=0.2189 | Bias=-0.0069 | FracRMSE=0.3273 | FracBias=-0.0677 | NoneBias=0.0661 | FullBias=-0.0330
Aspect split eligible OOB rows (north/south facing fraction threshold = 0.75): 91 / 326
north_dominated OOB n=69 | RMSE=0.2174 | Bias=-0.0600 | FracRMSE=0.3758 | FracBias=-0.1849 | NoneBias=0.0058 | FullBias=0.0000
south_dominated OOB n=22 | RMSE=0.1943 | Bias=-0.0471 | FracRMSE=0.4075 | FracBias=-0.2074 | NoneBias=0.0000 | FullBias=0.0000
Low-gradient eligible OOB rows (gradient_p84 <= 4.0): 36 / 326
low_gradient_p84 OOB n=36 | RMSE=0.1265 | Bias=-0.0232 | FracRMSE=0.1985 | FracBias=-0.0594 | NoneBias=0.0172 | FullBias=-0.0401
6.17s

=== Bootstrap 490/1000 ===

Chosen filter -> Eg_strong/Eg_weak >= 1.27, data_quantity >= 10 | CV acc=0.9080, CV bin acc=0.9711, n_rows(dedup)=935 | OOB acc=0.9657, OOB bin acc=0.9908, n_rows_test(dedup)=437 |
OOB cameras: ['bartlett', 'kenttarova', 'marcell_MN', 'old_jack_pine', 'oregon_yp', 'queens', 'tammela']
OOB n=500 | RMSE=0.1419 | Bias=0.0054 | FracRMSE=0.3194 | FracBias=-0.1146 | NoneBias=0.0383 | FullBias=-0.0111
Aspect split eligible OOB rows (north/south facing fraction threshold = 0.75): 53 / 500
north_dominated OOB n=34 | RMSE=0.2612 | Bias=-0.0779 | FracRMSE=0.4392 | FracBias=-0.2271 | NoneBias=0.0111 | FullBias=0.0000
south_dominated OOB n=19 | RMSE=0.1960 | Bias=-0.0379 | FracRMSE=0.4271 | FracBias=-0.1800 | NoneBias=0.0000 | FullBias=0.0000
Low-gradient eligible OOB rows (gradient_p84 <= 4.0): 148 / 500
low_gradient_p84 OOB n=148 | RMSE=0.1326 | Bias=0.0375 | FracRMSE=0.2575 | FracBias=-0.1613 | NoneBias=0.0677 | FullBias=0.0000
5.5s

=== Bootstrap 491/1000 ===

Chosen filter -> Eg_strong/Eg_weak >= 1.25, data_quantity >= 15 | CV acc=0.9247, CV bin acc=0.9877, n_rows(dedup)=810 | OOB acc=0.9024, OOB bin acc=0.9761, n_rows_test(dedup)=461 |
OOB cameras: ['delta_junction', 'hyytiala', 'old_jack_pine', 'sodankyla_full', 'underc', 'wslcreek']
OOB n=528 | RMSE=0.1598 | Bias=0.0113 | FracRMSE=0.3847 | FracBias=0.0330 | NoneBias=0.0149 | FullBias=-0.0002
Aspect split eligible OOB rows (north/south facing fraction threshold = 0.75): 60 / 528
north_dominated OOB n=57 | RMSE=0.1934 | Bias=-0.0147 | FracRMSE=0.4050 | FracBias=-0.0643 | NoneBias=0.0000 | FullBias=0.0000
south_dominated OOB n=3 | RMSE=0.0000 | Bias=0.0000 | FracRMSE=nan | FracBias=nan | NoneBias=0.0000 | FullBias=0.0000
Low-gradient eligible OOB rows (gradient_p84 <= 4.0): 88 / 528
low_gradient_p84 OOB n=88 | RMSE=0.1398 | Bias=-0.0030 | FracRMSE=0.3387 | FracBias=-0.0177 | NoneBias=0.0000 | FullBias=0.0000
5.2s

=== Bootstrap 492/1000 ===

Chosen filter -> Eg_strong/Eg_weak >= 1.18, data_quantity >= 16 | CV acc=0.9580, CV bin acc=0.9845, n_rows(dedup)=905 | OOB acc=0.8985, OOB bin acc=0.9827, n_rows_test(dedup)=404 |
OOB cameras: ['delta_junction', 'hyytiala', 'kenttarova', 'old_jack_pine', 'queens', 'underc', 'wslcreek']
OOB n=484 | RMSE=0.1428 | Bias=0.0060 | FracRMSE=0.2940 | FracBias=0.0051 | NoneBias=0.0150 | FullBias=-0.0052
Aspect split eligible OOB rows (north/south facing fraction threshold = 0.75): 92 / 484
north_dominated OOB n=78 | RMSE=0.1387 | Bias=-0.0087 | FracRMSE=0.2740 | FracBias=-0.0339 | NoneBias=0.0000 | FullBias=0.0000
south_dominated OOB n=14 | RMSE=0.0228 | Bias=0.0093 | FracRMSE=0.0493 | FracBias=0.0433 | NoneBias=0.0000 | FullBias=0.0000
Low-gradient eligible OOB rows (gradient_p84 <= 4.0): 67 / 484
low_gradient_p84 OOB n=67 | RMSE=0.1286 | Bias=-0.0164 | FracRMSE=0.2632 | FracBias=-0.0687 | NoneBias=0.0000 | FullBias=0.0000
5.82s

=== Bootstrap 493/1000 ===

Chosen filter -> Eg_strong/Eg_weak >= 1.18, data_quantity >= 14 | CV acc=0.9322, CV bin acc=0.9765, n_rows(dedup)=723 | OOB acc=0.9686, OOB bin acc=1.0000, n_rows_test(dedup)=414 |
OOB cameras: ['delta_junction', 'oregon_yp', 'queens', 'sodankyla_full', 'varrio']
OOB n=467 | RMSE=0.1254 | Bias=0.0316 | FracRMSE=0.2781 | FracBias=-0.0240 | NoneBias=0.0627 | FullBias=-0.0010
Aspect split eligible OOB rows (north/south facing fraction threshold = 0.75): 67 / 467
north_dominated OOB n=62 | RMSE=0.1217 | Bias=-0.0034 | FracRMSE=0.2845 | FracBias=-0.0358 | NoneBias=0.0077 | FullBias=0.0000
south_dominated OOB n=5 | RMSE=0.0000 | Bias=0.0000 | FracRMSE=nan | FracBias=nan | NoneBias=0.0000 | FullBias=0.0000
Low-gradient eligible OOB rows (gradient_p84 <= 4.0): 151 / 467
low_gradient_p84 OOB n=151 | RMSE=0.1479 | Bias=0.0668 | FracRMSE=0.2198 | FracBias=-0.0766 | NoneBias=0.1026 | FullBias=0.0000
4.93s

=== Bootstrap 494/1000 ===

Chosen filter -> Eg_strong/Eg_weak >= 1.05, data_quantity >= 12 | CV acc=0.9257, CV bin acc=0.9585, n_rows(dedup)=1037 | OOB acc=0.8845, OOB bin acc=0.9782, n_rows_test(dedup)=459 |
OOB cameras: ['bartlett', 'glees', 'kenttarova', 'marcell_MN', 'old_jack_pine', 'sodankyla_full', 'wslcreek']
OOB n=513 | RMSE=0.1421 | Bias=-0.0113 | FracRMSE=0.3594 | FracBias=-0.0924 | NoneBias=0.0098 | FullBias=-0.0109
Aspect split eligible OOB rows (north/south facing fraction threshold = 0.75): 100 / 513
north_dominated OOB n=61 | RMSE=0.2526 | Bias=-0.0718 | FracRMSE=0.4283 | FracBias=-0.2052 | NoneBias=0.0000 | FullBias=-0.0490
south_dominated OOB n=39 | RMSE=0.1930 | Bias=-0.0403 | FracRMSE=0.5389 | FracBias=-0.3140 | NoneBias=0.0000 | FullBias=0.0000
Low-gradient eligible OOB rows (gradient_p84 <= 4.0): 79 / 513
low_gradient_p84 OOB n=79 | RMSE=0.0913 | Bias=-0.0076 | FracRMSE=0.2681 | FracBias=-0.0782 | NoneBias=0.0025 | FullBias=0.0000
5.47s

=== Bootstrap 495/1000 ===

Chosen filter -> Eg_strong/Eg_weak >= 1.18, data_quantity >= 16 | CV acc=0.9269, CV bin acc=0.9825, n_rows(dedup)=916 | OOB acc=0.9373, OOB bin acc=0.9774, n_rows_test(dedup)=399 |
OOB cameras: ['bartlett', 'old_jack_pine', 'oregon_yp', 'queens', 'torgnon', 'underc', 'willowcreek', 'wslcreek']
OOB n=455 | RMSE=0.1871 | Bias=0.0217 | FracRMSE=0.3419 | FracBias=-0.1007 | NoneBias=0.0675 | FullBias=-0.0170
Aspect split eligible OOB rows (north/south facing fraction threshold = 0.75): 33 / 455
north_dominated OOB n=25 | RMSE=0.2346 | Bias=-0.0649 | FracRMSE=0.5246 | FracBias=-0.3243 | NoneBias=0.0000 | FullBias=0.0000
south_dominated OOB n=8 | RMSE=0.3005 | Bias=-0.1062 | FracRMSE=0.8500 | FracBias=-0.8500 | NoneBias=nan | FullBias=0.0000
Low-gradient eligible OOB rows (gradient_p84 <= 4.0): 139 / 455
low_gradient_p84 OOB n=139 | RMSE=0.1396 | Bias=0.0365 | FracRMSE=0.2766 | FracBias=-0.1866 | NoneBias=0.0679 | FullBias=-0.0123
5.54s

=== Bootstrap 496/1000 ===

Chosen filter -> Eg_strong/Eg_weak >= 1.18, data_quantity >= 15 | CV acc=0.9576, CV bin acc=0.9850, n_rows(dedup)=1203 | OOB acc=0.8709, OOB bin acc=0.9550, n_rows_test(dedup)=333 |
OOB cameras: ['bartlett', 'delta_junction', 'hyytiala', 'lacclair', 'underc', 'varrio', 'wslcreek']
OOB n=418 | RMSE=0.1541 | Bias=-0.0222 | FracRMSE=0.3531 | FracBias=-0.1323 | NoneBias=0.0115 | FullBias=-0.0171
Aspect split eligible OOB rows (north/south facing fraction threshold = 0.75): 93 / 418
north_dominated OOB n=81 | RMSE=0.1897 | Bias=-0.0475 | FracRMSE=0.4267 | FracBias=-0.2405 | NoneBias=0.0000 | FullBias=0.0000
south_dominated OOB n=12 | RMSE=0.2454 | Bias=-0.0708 | FracRMSE=0.8500 | FracBias=-0.8500 | NoneBias=nan | FullBias=0.0000
Low-gradient eligible OOB rows (gradient_p84 <= 4.0): 22 / 418
low_gradient_p84 OOB n=22 | RMSE=0.1353 | Bias=-0.0337 | FracRMSE=0.2244 | FracBias=-0.0928 | NoneBias=0.0000 | FullBias=0.0000
6.55s

=== Bootstrap 497/1000 ===

Chosen filter -> Eg_strong/Eg_weak >= 1.05, data_quantity >= 16 | CV acc=0.8778, CV bin acc=0.9846, n_rows(dedup)=1105 | OOB acc=0.9495, OOB bin acc=0.9653, n_rows_test(dedup)=317 |
OOB cameras: ['bartlett', 'kenttarova', 'lacclair', 'marcell_MN', 'old_jack_pine', 'tammela', 'underhill']
OOB n=393 | RMSE=0.1630 | Bias=-0.0327 | FracRMSE=0.3283 | FracBias=-0.1648 | NoneBias=0.0167 | FullBias=-0.0424
Aspect split eligible OOB rows (north/south facing fraction threshold = 0.75): 62 / 393
north_dominated OOB n=40 | RMSE=0.2533 | Bias=-0.0781 | FracRMSE=0.3532 | FracBias=-0.1692 | NoneBias=0.0306 | FullBias=-0.0869
south_dominated OOB n=22 | RMSE=0.2613 | Bias=-0.0879 | FracRMSE=0.5399 | FracBias=-0.3446 | NoneBias=0.0000 | FullBias=-0.0162
Low-gradient eligible OOB rows (gradient_p84 <= 4.0): 47 / 393
low_gradient_p84 OOB n=47 | RMSE=0.1307 | Bias=-0.0305 | FracRMSE=0.2968 | FracBias=-0.2065 | NoneBias=0.0173 | FullBias=-0.0282
6.08s

=== Bootstrap 498/1000 ===

Chosen filter -> Eg_strong/Eg_weak >= 1.05, data_quantity >= 17 | CV acc=0.9205, CV bin acc=0.9783, n_rows(dedup)=969 | OOB acc=0.9460, OOB bin acc=0.9830, n_rows_test(dedup)=352 |
OOB cameras: ['bartlett', 'kenttarova', 'marcell_MN', 'sodankyla_full', 'underhill', 'varrio', 'wslcreek']
OOB n=388 | RMSE=0.1351 | Bias=-0.0162 | FracRMSE=0.3527 | FracBias=-0.1473 | NoneBias=0.0133 | FullBias=-0.0163
Aspect split eligible OOB rows (north/south facing fraction threshold = 0.75): 103 / 388
north_dominated OOB n=79 | RMSE=0.1872 | Bias=-0.0377 | FracRMSE=0.3642 | FracBias=-0.1418 | NoneBias=0.0066 | FullBias=-0.0316
south_dominated OOB n=24 | RMSE=0.2457 | Bias=-0.0679 | FracRMSE=0.6018 | FracBias=-0.4075 | NoneBias=0.0000 | FullBias=0.0000
Low-gradient eligible OOB rows (gradient_p84 <= 4.0): 35 / 388
low_gradient_p84 OOB n=35 | RMSE=0.0458 | Bias=0.0026 | FracRMSE=0.1284 | FracBias=-0.0557 | NoneBias=0.0118 | FullBias=0.0000
5.5s

=== Bootstrap 499/1000 ===

Chosen filter -> Eg_strong/Eg_weak >= 1.27, data_quantity >= 15 | CV acc=0.9297, CV bin acc=0.9814, n_rows(dedup)=754 | OOB acc=0.9587, OOB bin acc=0.9890, n_rows_test(dedup)=363 |
OOB cameras: ['delta_junction', 'hyytiala', 'oregon_yp', 'torgnon', 'varrio']
OOB n=414 | RMSE=0.1227 | Bias=0.0222 | FracRMSE=0.2739 | FracBias=-0.0503 | NoneBias=0.0497 | FullBias=-0.0146
Aspect split eligible OOB rows (north/south facing fraction threshold = 0.75): 59 / 414
north_dominated OOB n=55 | RMSE=0.1269 | Bias=-0.0097 | FracRMSE=0.2807 | FracBias=-0.0613 | NoneBias=0.0074 | FullBias=0.0000
south_dominated OOB n=4 | RMSE=0.0000 | Bias=0.0000 | FracRMSE=nan | FracBias=nan | NoneBias=nan | FullBias=0.0000
Low-gradient eligible OOB rows (gradient_p84 <= 4.0): 120 / 414
low_gradient_p84 OOB n=120 | RMSE=0.1464 | Bias=0.0627 | FracRMSE=0.2259 | FracBias=-0.1007 | NoneBias=0.0932 | FullBias=0.0000
5.17s

=== Bootstrap 500/1000 ===

Chosen filter -> Eg_strong/Eg_weak >= 1.18, data_quantity >= 17 | CV acc=0.9640, CV bin acc=0.9826, n_rows(dedup)=806 | OOB acc=0.9295, OOB bin acc=0.9834, n_rows_test(dedup)=482 |
OOB cameras: ['delta_junction', 'oregon_yp', 'queens', 'sodankyla_full', 'underc', 'varrio', 'willowcreek']
OOB n=546 | RMSE=0.1621 | Bias=0.0288 | FracRMSE=0.2867 | FracBias=-0.0306 | NoneBias=0.0686 | FullBias=-0.0143
Aspect split eligible OOB rows (north/south facing fraction threshold = 0.75): 64 / 546
north_dominated OOB n=59 | RMSE=0.1218 | Bias=-0.0097 | FracRMSE=0.2793 | FracBias=-0.0640 | NoneBias=0.0055 | FullBias=0.0000
south_dominated OOB n=5 | RMSE=0.0000 | Bias=0.0000 | FracRMSE=nan | FracBias=nan | NoneBias=0.0000 | FullBias=0.0000
Low-gradient eligible OOB rows (gradient_p84 <= 4.0): 150 / 546
low_gradient_p84 OOB n=150 | RMSE=0.1434 | Bias=0.0476 | FracRMSE=0.2274 | FracBias=-0.1060 | NoneBias=0.0849 | FullBias=-0.0219
5.2s

=== Bootstrap 501/1000 ===

Chosen filter -> Eg_strong/Eg_weak >= 1.18, data_quantity >= 16 | CV acc=0.9179, CV bin acc=0.9768, n_rows(dedup)=1120 | OOB acc=0.8896, OOB bin acc=0.9699, n_rows_test(dedup)=299 |
OOB cameras: ['glees', 'lacclair', 'old_jack_pine', 'tammela', 'torgnon', 'underc', 'wslcreek']
OOB n=363 | RMSE=0.1237 | Bias=-0.0053 | FracRMSE=0.2737 | FracBias=-0.0936 | NoneBias=0.0265 | FullBias=-0.0111
Aspect split eligible OOB rows (north/south facing fraction threshold = 0.75): 37 / 363
north_dominated OOB n=20 | RMSE=0.0559 | Bias=0.0115 | FracRMSE=0.1768 | FracBias=0.1146 | NoneBias=nan | FullBias=0.0000
south_dominated OOB n=17 | RMSE=0.0070 | Bias=0.0024 | FracRMSE=nan | FracBias=nan | NoneBias=0.0136 | FullBias=0.0000
Low-gradient eligible OOB rows (gradient_p84 <= 4.0): 37 / 363
low_gradient_p84 OOB n=37 | RMSE=0.1389 | Bias=-0.0338 | FracRMSE=0.3356 | FracBias=-0.2392 | NoneBias=0.0128 | FullBias=-0.0135
6.31s

=== Bootstrap 502/1000 ===

Chosen filter -> Eg_strong/Eg_weak >= 1.05, data_quantity >= 10 | CV acc=0.9527, CV bin acc=0.9691, n_rows(dedup)=1099 | OOB acc=0.8982, OOB bin acc=0.9869, n_rows_test(dedup)=609 |
OOB cameras: ['delta_junction', 'glees', 'kenttarova', 'marcell_MN', 'old_jack_pine', 'sodankyla_full', 'tammela', 'underc']
OOB n=699 | RMSE=0.1460 | Bias=0.0081 | FracRMSE=0.3264 | FracBias=0.0341 | NoneBias=0.0154 | FullBias=-0.0074
Aspect split eligible OOB rows (north/south facing fraction threshold = 0.75): 100 / 699
north_dominated OOB n=69 | RMSE=0.1582 | Bias=-0.0083 | FracRMSE=0.3015 | FracBias=-0.0300 | NoneBias=0.0000 | FullBias=0.0000
south_dominated OOB n=31 | RMSE=0.0153 | Bias=0.0042 | FracRMSE=0.0493 | FracBias=0.0433 | NoneBias=0.0000 | FullBias=0.0000
Low-gradient eligible OOB rows (gradient_p84 <= 4.0): 103 / 699
low_gradient_p84 OOB n=103 | RMSE=0.1171 | Bias=-0.0013 | FracRMSE=0.2865 | FracBias=-0.0153 | NoneBias=0.0025 | FullBias=0.0000
5.71s

=== Bootstrap 503/1000 ===

Chosen filter -> Eg_strong/Eg_weak >= 1.05, data_quantity >= 16 | CV acc=0.9479, CV bin acc=0.9866, n_rows(dedup)=1266 | OOB acc=0.9336, OOB bin acc=0.9705, n_rows_test(dedup)=271 |
OOB cameras: ['kenttarova', 'lacclair', 'oregon_yp', 'torgnon', 'underhill', 'willowcreek']
OOB n=334 | RMSE=0.1657 | Bias=0.0221 | FracRMSE=0.1917 | FracBias=-0.1004 | NoneBias=0.0728 | FullBias=-0.0340
Aspect split eligible OOB rows (north/south facing fraction threshold = 0.75): 47 / 334
north_dominated OOB n=32 | RMSE=0.0653 | Bias=0.0203 | FracRMSE=0.0400 | FracBias=0.0314 | NoneBias=0.0478 | FullBias=0.0000
south_dominated OOB n=15 | RMSE=0.0158 | Bias=0.0050 | FracRMSE=0.0352 | FracBias=0.0249 | NoneBias=0.0000 | FullBias=0.0000
Low-gradient eligible OOB rows (gradient_p84 <= 4.0): 110 / 334
low_gradient_p84 OOB n=110 | RMSE=0.1347 | Bias=0.0355 | FracRMSE=0.2567 | FracBias=-0.1973 | NoneBias=0.0669 | FullBias=-0.1361
6.59s

=== Bootstrap 504/1000 ===

Chosen filter -> Eg_strong/Eg_weak >= 1.05, data_quantity >= 16 | CV acc=0.9351, CV bin acc=0.9786, n_rows(dedup)=1356 | OOB acc=0.9455, OOB bin acc=0.9712, n_rows_test(dedup)=312 |
OOB cameras: ['bartlett', 'glees', 'kenttarova', 'lacclair', 'old_jack_pine', 'tammela', 'underhill']
OOB n=385 | RMSE=0.1652 | Bias=-0.0193 | FracRMSE=0.3563 | FracBias=-0.1318 | NoneBias=0.0124 | FullBias=-0.0173
Aspect split eligible OOB rows (north/south facing fraction threshold = 0.75): 75 / 385
north_dominated OOB n=40 | RMSE=0.2787 | Bias=-0.0909 | FracRMSE=0.4078 | FracBias=-0.1969 | NoneBias=0.0000 | FullBias=-0.0833
south_dominated OOB n=35 | RMSE=0.2037 | Bias=-0.0449 | FracRMSE=0.5389 | FracBias=-0.3140 | NoneBias=0.0000 | FullBias=0.0000
Low-gradient eligible OOB rows (gradient_p84 <= 4.0): 47 / 385
low_gradient_p84 OOB n=47 | RMSE=0.1245 | Bias=-0.0223 | FracRMSE=0.3019 | FracBias=-0.1308 | NoneBias=0.0000 | FullBias=0.0000
6.71s

=== Bootstrap 505/1000 ===

Chosen filter -> Eg_strong/Eg_weak >= 1.10, data_quantity >= 14 | CV acc=0.9411, CV bin acc=0.9712, n_rows(dedup)=832 | OOB acc=0.8744, OOB bin acc=0.9772, n_rows_test(dedup)=438 |
OOB cameras: ['bartlett', 'glees', 'marcell_MN', 'old_jack_pine', 'sodankyla_full', 'torgnon', 'underc', 'wslcreek']
OOB n=487 | RMSE=0.1513 | Bias=-0.0065 | FracRMSE=0.3601 | FracBias=-0.1004 | NoneBias=0.0238 | FullBias=-0.0110
Aspect split eligible OOB rows (north/south facing fraction threshold = 0.75): 57 / 487
north_dominated OOB n=32 | RMSE=0.2829 | Bias=-0.0954 | FracRMSE=0.5232 | FracBias=-0.3225 | NoneBias=0.0000 | FullBias=-0.0654
south_dominated OOB n=25 | RMSE=0.1794 | Bias=-0.0454 | FracRMSE=0.6341 | FracBias=-0.5679 | NoneBias=0.0000 | FullBias=0.0000
Low-gradient eligible OOB rows (gradient_p84 <= 4.0): 69 / 487
low_gradient_p84 OOB n=69 | RMSE=0.0976 | Bias=-0.0105 | FracRMSE=0.2970 | FracBias=-0.1319 | NoneBias=0.0053 | FullBias=0.0000
5.11s

=== Bootstrap 506/1000 ===

Chosen filter -> Eg_strong/Eg_weak >= 1.06, data_quantity >= 16 | CV acc=0.9233, CV bin acc=0.9713, n_rows(dedup)=1148 | OOB acc=0.9388, OOB bin acc=0.9660, n_rows_test(dedup)=147 |
OOB cameras: ['bartlett', 'kenttarova', 'tammela', 'torgnon']
OOB n=171 | RMSE=0.1753 | Bias=-0.0383 | FracRMSE=0.3646 | FracBias=-0.1512 | NoneBias=0.0016 | FullBias=-0.0463
Aspect split eligible OOB rows (north/south facing fraction threshold = 0.75): 57 / 171
north_dominated OOB n=36 | RMSE=0.2715 | Bias=-0.0917 | FracRMSE=0.3652 | FracBias=-0.1741 | NoneBias=0.0045 | FullBias=-0.0942
south_dominated OOB n=21 | RMSE=0.2630 | Bias=-0.0748 | FracRMSE=0.5389 | FracBias=-0.3140 | NoneBias=0.0000 | FullBias=0.0000
Low-gradient eligible OOB rows (gradient_p84 <= 4.0): 8 / 171
low_gradient_p84 OOB n=8 | RMSE=0.0300 | Bias=0.0150 | FracRMSE=0.0600 | FracBias=0.0600 | NoneBias=0.0000 | FullBias=0.0000
5.89s

=== Bootstrap 507/1000 ===

Chosen filter -> Eg_strong/Eg_weak >= 1.26, data_quantity >= 9 | CV acc=0.9534, CV bin acc=0.9729, n_rows(dedup)=923 | OOB acc=0.9080, OOB bin acc=0.9900, n_rows_test(dedup)=402 |
OOB cameras: ['delta_junction', 'kenttarova', 'oregon_yp', 'torgnon', 'underc', 'varrio']
OOB n=488 | RMSE=0.1396 | Bias=0.0247 | FracRMSE=0.2600 | FracBias=0.0033 | NoneBias=0.0549 | FullBias=-0.0063
Aspect split eligible OOB rows (north/south facing fraction threshold = 0.75): 101 / 488
north_dominated OOB n=82 | RMSE=0.1094 | Bias=-0.0029 | FracRMSE=0.2245 | FracBias=-0.0240 | NoneBias=0.0088 | FullBias=0.0000
south_dominated OOB n=19 | RMSE=0.0428 | Bias=-0.0019 | FracRMSE=0.0932 | FracBias=-0.0089 | NoneBias=0.0000 | FullBias=0.0000
Low-gradient eligible OOB rows (gradient_p84 <= 4.0): 132 / 488
low_gradient_p84 OOB n=132 | RMSE=0.1326 | Bias=0.0399 | FracRMSE=0.2312 | FracBias=-0.0956 | NoneBias=0.0679 | FullBias=0.0000
5.61s

=== Bootstrap 508/1000 ===

Chosen filter -> Eg_strong/Eg_weak >= 1.05, data_quantity >= 16 | CV acc=0.9158, CV bin acc=0.9698, n_rows(dedup)=796 | OOB acc=0.9372, OOB bin acc=0.9874, n_rows_test(dedup)=478 |
OOB cameras: ['delta_junction', 'hyytiala', 'marcell_MN', 'oregon_yp', 'tammela', 'underc', 'underhill']
OOB n=541 | RMSE=0.1396 | Bias=0.0246 | FracRMSE=0.2765 | FracBias=-0.0388 | NoneBias=0.0481 | FullBias=-0.0106
Aspect split eligible OOB rows (north/south facing fraction threshold = 0.75): 36 / 541
north_dominated OOB n=36 | RMSE=0.1702 | Bias=-0.0002 | FracRMSE=0.2954 | FracBias=-0.0365 | NoneBias=0.0263 | FullBias=0.0000
south_dominated OOB n=0 | RMSE=nan | Bias=nan | FracRMSE=nan | FracBias=nan | NoneBias=nan | FullBias=nan
Low-gradient eligible OOB rows (gradient_p84 <= 4.0): 120 / 541
low_gradient_p84 OOB n=120 | RMSE=0.1554 | Bias=0.0697 | FracRMSE=0.2351 | FracBias=-0.0820 | NoneBias=0.0987 | FullBias=0.0000
5.16s

=== Bootstrap 509/1000 ===

Chosen filter -> Eg_strong/Eg_weak >= 1.05, data_quantity >= 16 | CV acc=0.9350, CV bin acc=0.9725, n_rows(dedup)=908 | OOB acc=0.9512, OOB bin acc=0.9855, n_rows_test(dedup)=553 |
OOB cameras: ['glees', 'hyytiala', 'lacclair', 'old_jack_pine', 'oregon_yp', 'sodankyla_full', 'torgnon', 'wslcreek']
OOB n=624 | RMSE=0.1214 | Bias=0.0313 | FracRMSE=0.2369 | FracBias=-0.0726 | NoneBias=0.0689 | FullBias=-0.0115
Aspect split eligible OOB rows (north/south facing fraction threshold = 0.75): 45 / 624
north_dominated OOB n=27 | RMSE=0.0690 | Bias=0.0151 | FracRMSE=0.2475 | FracBias=0.1647 | NoneBias=0.0154 | FullBias=0.0000
south_dominated OOB n=18 | RMSE=0.0405 | Bias=0.0135 | FracRMSE=nan | FracBias=nan | NoneBias=0.0608 | FullBias=0.0000
Low-gradient eligible OOB rows (gradient_p84 <= 4.0): 165 / 624
low_gradient_p84 OOB n=165 | RMSE=0.1507 | Bias=0.0727 | FracRMSE=0.2301 | FracBias=-0.1587 | NoneBias=0.1124 | FullBias=-0.0002
5.43s

=== Bootstrap 510/1000 ===

Chosen filter -> Eg_strong/Eg_weak >= 1.18, data_quantity >= 17 | CV acc=0.9100, CV bin acc=0.9792, n_rows(dedup)=578 | OOB acc=0.9572, OOB bin acc=0.9949, n_rows_test(dedup)=584 |
OOB cameras: ['delta_junction', 'old_jack_pine', 'oregon_yp', 'sodankyla_full', 'tammela', 'underc', 'varrio']
OOB n=666 | RMSE=0.1652 | Bias=0.0096 | FracRMSE=0.4300 | FracBias=0.0255 | NoneBias=0.0119 | FullBias=0.0000
Aspect split eligible OOB rows (north/south facing fraction threshold = 0.75): 63 / 666
north_dominated OOB n=59 | RMSE=0.2164 | Bias=0.0020 | FracRMSE=0.5011 | FracBias=0.0106 | NoneBias=0.0000 | FullBias=0.0000
south_dominated OOB n=4 | RMSE=0.0000 | Bias=0.0000 | FracRMSE=nan | FracBias=nan | NoneBias=0.0000 | FullBias=0.0000
Low-gradient eligible OOB rows (gradient_p84 <= 4.0): 182 / 666
low_gradient_p84 OOB n=182 | RMSE=0.1454 | Bias=0.0024 | FracRMSE=0.4120 | FracBias=-0.0010 | NoneBias=0.0035 | FullBias=0.0000
4.76s

=== Bootstrap 511/1000 ===

Chosen filter -> Eg_strong/Eg_weak >= 1.09, data_quantity >= 17 | CV acc=0.9355, CV bin acc=0.9757, n_rows(dedup)=946 | OOB acc=0.9509, OOB bin acc=0.9974, n_rows_test(dedup)=387 |
OOB cameras: ['lacclair', 'oregon_yp', 'queens', 'sodankyla_full', 'tammela', 'underc']
OOB n=448 | RMSE=0.1240 | Bias=0.0233 | FracRMSE=0.2498 | FracBias=-0.1233 | NoneBias=0.0579 | FullBias=-0.0041
Aspect split eligible OOB rows (north/south facing fraction threshold = 0.75): 13 / 448
north_dominated OOB n=9 | RMSE=0.0002 | Bias=0.0001 | FracRMSE=nan | FracBias=nan | NoneBias=0.0001 | FullBias=0.0000
south_dominated OOB n=4 | RMSE=0.0000 | Bias=0.0000 | FracRMSE=nan | FracBias=nan | NoneBias=0.0000 | FullBias=0.0000
Low-gradient eligible OOB rows (gradient_p84 <= 4.0): 125 / 448
low_gradient_p84 OOB n=125 | RMSE=0.1427 | Bias=0.0641 | FracRMSE=0.2512 | FracBias=-0.2112 | NoneBias=0.0971 | FullBias=0.0000
5.89s

=== Bootstrap 512/1000 ===

Chosen filter -> Eg_strong/Eg_weak >= 1.05, data_quantity >= 9 | CV acc=0.9487, CV bin acc=0.9906, n_rows(dedup)=1385 | OOB acc=0.8714, OOB bin acc=0.9464, n_rows_test(dedup)=280 |
OOB cameras: ['bartlett', 'delta_junction', 'glees', 'lacclair', 'torgnon', 'underhill', 'willowcreek', 'wslcreek']
OOB n=356 | RMSE=0.2172 | Bias=0.0044 | FracRMSE=0.3799 | FracBias=-0.0830 | NoneBias=0.0841 | FullBias=-0.0189
Aspect split eligible OOB rows (north/south facing fraction threshold = 0.75): 103 / 356
north_dominated OOB n=70 | RMSE=0.2341 | Bias=-0.0552 | FracRMSE=0.3999 | FracBias=-0.1991 | NoneBias=0.0261 | FullBias=-0.0270
south_dominated OOB n=33 | RMSE=0.2102 | Bias=-0.0550 | FracRMSE=0.6973 | FracBias=-0.6054 | NoneBias=0.0000 | FullBias=0.0000
Low-gradient eligible OOB rows (gradient_p84 <= 4.0): 27 / 356
low_gradient_p84 OOB n=27 | RMSE=0.1680 | Bias=-0.0187 | FracRMSE=0.2245 | FracBias=-0.0797 | NoneBias=0.0521 | FullBias=-0.0430
6.39s

=== Bootstrap 513/1000 ===

Chosen filter -> Eg_strong/Eg_weak >= 1.07, data_quantity >= 13 | CV acc=0.9362, CV bin acc=0.9843, n_rows(dedup)=956 | OOB acc=0.8935, OOB bin acc=0.9636, n_rows_test(dedup)=385 |
OOB cameras: ['glees', 'hyytiala', 'kenttarova', 'old_jack_pine', 'underc', 'underhill']
OOB n=436 | RMSE=0.1545 | Bias=0.0045 | FracRMSE=0.2689 | FracBias=-0.0197 | NoneBias=0.0271 | FullBias=-0.0195
Aspect split eligible OOB rows (north/south facing fraction threshold = 0.75): 58 / 436
north_dominated OOB n=30 | RMSE=0.0505 | Bias=0.0158 | FracRMSE=0.0400 | FracBias=0.0314 | NoneBias=0.0319 | FullBias=0.0000
south_dominated OOB n=28 | RMSE=0.0161 | Bias=0.0046 | FracRMSE=0.0493 | FracBias=0.0433 | NoneBias=0.0000 | FullBias=0.0000
Low-gradient eligible OOB rows (gradient_p84 <= 4.0): 49 / 436
low_gradient_p84 OOB n=49 | RMSE=0.1178 | Bias=-0.0206 | FracRMSE=0.2916 | FracBias=-0.1262 | NoneBias=0.0000 | FullBias=0.0000
5.8s

=== Bootstrap 514/1000 ===

Chosen filter -> Eg_strong/Eg_weak >= 1.05, data_quantity >= 16 | CV acc=0.9651, CV bin acc=0.9877, n_rows(dedup)=1059 | OOB acc=0.8719, OOB bin acc=0.9563, n_rows_test(dedup)=320 |
OOB cameras: ['bartlett', 'lacclair', 'sodankyla_full', 'underc', 'varrio', 'willowcreek']
OOB n=379 | RMSE=0.1886 | Bias=-0.0172 | FracRMSE=0.4168 | FracBias=-0.2578 | NoneBias=0.0463 | FullBias=-0.0254
Aspect split eligible OOB rows (north/south facing fraction threshold = 0.75): 51 / 379
north_dominated OOB n=37 | RMSE=0.2650 | Bias=-0.0921 | FracRMSE=0.6954 | FracBias=-0.6744 | NoneBias=0.0000 | FullBias=-0.0629
south_dominated OOB n=14 | RMSE=0.3213 | Bias=-0.1214 | FracRMSE=0.8500 | FracBias=-0.8500 | NoneBias=0.0000 | FullBias=0.0000
Low-gradient eligible OOB rows (gradient_p84 <= 4.0): 32 / 379
low_gradient_p84 OOB n=32 | RMSE=0.0782 | Bias=-0.0080 | FracRMSE=0.1254 | FracBias=-0.1254 | NoneBias=0.0227 | FullBias=-0.0295
5.98s

=== Bootstrap 515/1000 ===

Chosen filter -> Eg_strong/Eg_weak >= 1.05, data_quantity >= 16 | CV acc=0.9372, CV bin acc=0.9881, n_rows(dedup)=923 | OOB acc=0.9425, OOB bin acc=0.9684, n_rows_test(dedup)=348 |
OOB cameras: ['delta_junction', 'hyytiala', 'sodankyla_full', 'underhill', 'willowcreek']
OOB n=380 | RMSE=0.1605 | Bias=0.0009 | FracRMSE=0.2929 | FracBias=-0.0547 | NoneBias=0.0318 | FullBias=-0.0372
Aspect split eligible OOB rows (north/south facing fraction threshold = 0.75): 42 / 380
north_dominated OOB n=41 | RMSE=0.1631 | Bias=-0.0356 | FracRMSE=0.3007 | FracBias=-0.1610 | NoneBias=0.0172 | FullBias=0.0000
south_dominated OOB n=1 | RMSE=0.0000 | Bias=0.0000 | FracRMSE=nan | FracBias=nan | NoneBias=0.0000 | FullBias=nan
Low-gradient eligible OOB rows (gradient_p84 <= 4.0): 54 / 380
low_gradient_p84 OOB n=54 | RMSE=0.1221 | Bias=-0.0195 | FracRMSE=0.2130 | FracBias=-0.1108 | NoneBias=0.0255 | FullBias=-0.0292
5.47s

=== Bootstrap 516/1000 ===

Chosen filter -> Eg_strong/Eg_weak >= 1.09, data_quantity >= 16 | CV acc=0.9355, CV bin acc=0.9779, n_rows(dedup)=1085 | OOB acc=0.9280, OOB bin acc=0.9811, n_rows_test(dedup)=264 |
OOB cameras: ['bartlett', 'delta_junction', 'glees', 'oregon_yp']
OOB n=315 | RMSE=0.1707 | Bias=0.0030 | FracRMSE=0.3393 | FracBias=-0.1305 | NoneBias=0.0525 | FullBias=-0.0308
Aspect split eligible OOB rows (north/south facing fraction threshold = 0.75): 60 / 315
north_dominated OOB n=42 | RMSE=0.2839 | Bias=-0.0985 | FracRMSE=0.3951 | FracBias=-0.1966 | NoneBias=0.0073 | FullBias=-0.1150
south_dominated OOB n=18 | RMSE=0.2003 | Bias=-0.0472 | FracRMSE=0.8500 | FracBias=-0.8500 | NoneBias=0.0000 | FullBias=0.0000
Low-gradient eligible OOB rows (gradient_p84 <= 4.0): 120 / 315
low_gradient_p84 OOB n=120 | RMSE=0.1364 | Bias=0.0447 | FracRMSE=0.2378 | FracBias=-0.1192 | NoneBias=0.0742 | FullBias=0.0000
6.12s

=== Bootstrap 517/1000 ===

Chosen filter -> Eg_strong/Eg_weak >= 1.05, data_quantity >= 14 | CV acc=0.9474, CV bin acc=0.9834, n_rows(dedup)=1084 | OOB acc=0.9008, OOB bin acc=0.9711, n_rows_test(dedup)=242 |
OOB cameras: ['glees', 'hyytiala', 'kenttarova', 'wslcreek']
OOB n=263 | RMSE=0.0827 | Bias=0.0043 | FracRMSE=0.0952 | FracBias=0.0531 | NoneBias=0.0240 | FullBias=-0.0265
Aspect split eligible OOB rows (north/south facing fraction threshold = 0.75): 74 / 263
north_dominated OOB n=45 | RMSE=0.0552 | Bias=0.0136 | FracRMSE=0.1216 | FracBias=0.0610 | NoneBias=0.0092 | FullBias=0.0000
south_dominated OOB n=29 | RMSE=0.0257 | Bias=0.0095 | FracRMSE=0.0432 | FracBias=0.0379 | NoneBias=0.0269 | FullBias=0.0000
Low-gradient eligible OOB rows (gradient_p84 <= 4.0): 8 / 263
low_gradient_p84 OOB n=8 | RMSE=0.0262 | Bias=0.0129 | FracRMSE=0.0524 | FracBias=0.0518 | NoneBias=0.0000 | FullBias=0.0000
5.83s

=== Bootstrap 518/1000 ===

Chosen filter -> Eg_strong/Eg_weak >= 1.18, data_quantity >= 13 | CV acc=0.9336, CV bin acc=0.9721, n_rows(dedup)=1039 | OOB acc=0.9014, OOB bin acc=0.9859, n_rows_test(dedup)=213 |
OOB cameras: ['glees', 'old_jack_pine', 'queens', 'torgnon', 'wslcreek']
OOB n=237 | RMSE=0.1250 | Bias=0.0048 | FracRMSE=0.3111 | FracBias=-0.0402 | NoneBias=0.0253 | FullBias=-0.0021
Aspect split eligible OOB rows (north/south facing fraction threshold = 0.75): 38 / 237
north_dominated OOB n=18 | RMSE=0.0804 | Bias=0.0178 | FracRMSE=0.2412 | FracBias=0.1602 | NoneBias=nan | FullBias=0.0000
south_dominated OOB n=20 | RMSE=0.0668 | Bias=-0.0149 | FracRMSE=0.2987 | FracBias=-0.2987 | NoneBias=0.0000 | FullBias=0.0000
Low-gradient eligible OOB rows (gradient_p84 <= 4.0): 39 / 237
low_gradient_p84 OOB n=39 | RMSE=0.1348 | Bias=-0.0307 | FracRMSE=0.3436 | FracBias=-0.2022 | NoneBias=0.0007 | FullBias=0.0000
5.83s

=== Bootstrap 519/1000 ===

Chosen filter -> Eg_strong/Eg_weak >= 1.05, data_quantity >= 17 | CV acc=0.9201, CV bin acc=0.9859, n_rows(dedup)=851 | OOB acc=0.9544, OOB bin acc=0.9722, n_rows_test(dedup)=395 |
OOB cameras: ['bartlett', 'hyytiala', 'kenttarova', 'lacclair', 'oregon_yp', 'underhill', 'varrio']
OOB n=469 | RMSE=0.1496 | Bias=-0.0005 | FracRMSE=0.3145 | FracBias=-0.1848 | NoneBias=0.0493 | FullBias=-0.0350
Aspect split eligible OOB rows (north/south facing fraction threshold = 0.75): 82 / 469
north_dominated OOB n=58 | RMSE=0.2196 | Bias=-0.0552 | FracRMSE=0.3908 | FracBias=-0.1975 | NoneBias=0.0150 | FullBias=-0.0503
south_dominated OOB n=24 | RMSE=0.2457 | Bias=-0.0690 | FracRMSE=0.6018 | FracBias=-0.4075 | NoneBias=0.0000 | FullBias=-0.0017
Low-gradient eligible OOB rows (gradient_p84 <= 4.0): 104 / 469
low_gradient_p84 OOB n=104 | RMSE=0.1449 | Bias=0.0710 | FracRMSE=0.2444 | FracBias=-0.1924 | NoneBias=0.0981 | FullBias=0.0000
5.41s

=== Bootstrap 520/1000 ===

Chosen filter -> Eg_strong/Eg_weak >= 1.05, data_quantity >= 9 | CV acc=0.9492, CV bin acc=0.9844, n_rows(dedup)=1023 | OOB acc=0.8952, OOB bin acc=0.9738, n_rows_test(dedup)=458 |
OOB cameras: ['bartlett', 'delta_junction', 'glees', 'sodankyla_full', 'tammela', 'underhill', 'willowcreek', 'wslcreek']
OOB n=503 | RMSE=0.1806 | Bias=0.0069 | FracRMSE=0.4089 | FracBias=-0.0568 | NoneBias=0.0420 | FullBias=-0.0138
Aspect split eligible OOB rows (north/south facing fraction threshold = 0.75): 103 / 503
north_dominated OOB n=74 | RMSE=0.2407 | Bias=-0.0542 | FracRMSE=0.4320 | FracBias=-0.1836 | NoneBias=0.0151 | FullBias=-0.0350
south_dominated OOB n=29 | RMSE=0.2232 | Bias=-0.0586 | FracRMSE=0.8500 | FracBias=-0.8500 | NoneBias=0.0000 | FullBias=0.0000
Low-gradient eligible OOB rows (gradient_p84 <= 4.0): 56 / 503
low_gradient_p84 OOB n=56 | RMSE=0.1145 | Bias=0.0090 | FracRMSE=0.2360 | FracBias=-0.0074 | NoneBias=0.0283 | FullBias=-0.0033
5.47s

=== Bootstrap 521/1000 ===

Chosen filter -> Eg_strong/Eg_weak >= 1.05, data_quantity >= 17 | CV acc=0.9437, CV bin acc=0.9806, n_rows(dedup)=1031 | OOB acc=0.8848, OOB bin acc=0.9686, n_rows_test(dedup)=191 |
OOB cameras: ['delta_junction', 'marcell_MN', 'queens', 'torgnon', 'willowcreek']
OOB n=223 | RMSE=0.1911 | Bias=0.0000 | FracRMSE=0.3058 | FracBias=-0.0479 | NoneBias=0.0482 | FullBias=-0.0351
Aspect split eligible OOB rows (north/south facing fraction threshold = 0.75): 35 / 223
north_dominated OOB n=33 | RMSE=0.1765 | Bias=-0.0523 | FracRMSE=0.3058 | FracBias=-0.1569 | NoneBias=0.0000 | FullBias=0.0000
south_dominated OOB n=2 | RMSE=0.0000 | Bias=0.0000 | FracRMSE=nan | FracBias=nan | NoneBias=nan | FullBias=0.0000
Low-gradient eligible OOB rows (gradient_p84 <= 4.0): 25 / 223
low_gradient_p84 OOB n=25 | RMSE=0.1667 | Bias=-0.0377 | FracRMSE=0.2153 | FracBias=-0.0923 | NoneBias=0.0424 | FullBias=-0.0731
5.94s

=== Bootstrap 522/1000 ===

Chosen filter -> Eg_strong/Eg_weak >= 1.25, data_quantity >= 16 | CV acc=0.9207, CV bin acc=0.9859, n_rows(dedup)=920 | OOB acc=0.9049, OOB bin acc=0.9734, n_rows_test(dedup)=263 |
OOB cameras: ['delta_junction', 'lacclair', 'marcell_MN', 'tammela', 'willowcreek', 'wslcreek']
OOB n=324 | RMSE=0.1611 | Bias=-0.0049 | FracRMSE=0.2916 | FracBias=-0.0622 | NoneBias=0.0345 | FullBias=-0.0232
Aspect split eligible OOB rows (north/south facing fraction threshold = 0.75): 56 / 324
north_dominated OOB n=53 | RMSE=0.1439 | Bias=-0.0281 | FracRMSE=0.2906 | FracBias=-0.1145 | NoneBias=0.0000 | FullBias=0.0000
south_dominated OOB n=3 | RMSE=0.0000 | Bias=0.0000 | FracRMSE=nan | FracBias=nan | NoneBias=nan | FullBias=0.0000
Low-gradient eligible OOB rows (gradient_p84 <= 4.0): 26 / 324
low_gradient_p84 OOB n=26 | RMSE=0.1594 | Bias=-0.0401 | FracRMSE=0.2140 | FracBias=-0.0924 | NoneBias=0.0314 | FullBias=-0.0770
5.81s

=== Bootstrap 523/1000 ===

Chosen filter -> Eg_strong/Eg_weak >= 1.18, data_quantity >= 16 | CV acc=0.8975, CV bin acc=0.9738, n_rows(dedup)=839 | OOB acc=0.9454, OOB bin acc=0.9885, n_rows_test(dedup)=348 |
OOB cameras: ['delta_junction', 'hyytiala', 'kenttarova', 'lacclair', 'queens', 'sodankyla_full']
OOB n=424 | RMSE=0.0970 | Bias=-0.0086 | FracRMSE=0.2196 | FracBias=-0.0438 | NoneBias=0.0085 | FullBias=-0.0170
Aspect split eligible OOB rows (north/south facing fraction threshold = 0.75): 84 / 424
north_dominated OOB n=68 | RMSE=0.1155 | Bias=-0.0206 | FracRMSE=0.2239 | FracBias=-0.0816 | NoneBias=0.0037 | FullBias=-0.0009
south_dominated OOB n=16 | RMSE=0.0213 | Bias=0.0006 | FracRMSE=0.0493 | FracBias=0.0034 | NoneBias=0.0000 | FullBias=0.0000
Low-gradient eligible OOB rows (gradient_p84 <= 4.0): 58 / 424
low_gradient_p84 OOB n=58 | RMSE=0.0867 | Bias=-0.0115 | FracRMSE=0.1837 | FracBias=-0.0903 | NoneBias=0.0130 | FullBias=0.0000
5.33s

=== Bootstrap 524/1000 ===

Chosen filter -> Eg_strong/Eg_weak >= 1.18, data_quantity >= 16 | CV acc=0.9410, CV bin acc=0.9815, n_rows(dedup)=865 | OOB acc=0.9536, OOB bin acc=0.9903, n_rows_test(dedup)=517 |
OOB cameras: ['delta_junction', 'glees', 'hyytiala', 'kenttarova', 'oregon_yp', 'queens', 'sodankyla_full']
OOB n=580 | RMSE=0.1139 | Bias=0.0231 | FracRMSE=0.2253 | FracBias=-0.0350 | NoneBias=0.0520 | FullBias=-0.0125
Aspect split eligible OOB rows (north/south facing fraction threshold = 0.75): 94 / 580
north_dominated OOB n=67 | RMSE=0.1122 | Bias=-0.0027 | FracRMSE=0.2100 | FracBias=-0.0300 | NoneBias=0.0146 | FullBias=-0.0003
south_dominated OOB n=27 | RMSE=0.0264 | Bias=0.0078 | FracRMSE=0.0387 | FracBias=0.0140 | NoneBias=0.0242 | FullBias=0.0000
Low-gradient eligible OOB rows (gradient_p84 <= 4.0): 156 / 580
low_gradient_p84 OOB n=156 | RMSE=0.1354 | Bias=0.0586 | FracRMSE=0.1984 | FracBias=-0.0912 | NoneBias=0.0945 | FullBias=0.0000
5.44s

=== Bootstrap 525/1000 ===

Chosen filter -> Eg_strong/Eg_weak >= 1.18, data_quantity >= 16 | CV acc=0.9539, CV bin acc=0.9846, n_rows(dedup)=976 | OOB acc=0.9015, OOB bin acc=0.9798, n_rows_test(dedup)=396 |
OOB cameras: ['delta_junction', 'glees', 'lacclair', 'queens', 'sodankyla_full', 'varrio', 'willowcreek', 'wslcreek']
OOB n=464 | RMSE=0.1417 | Bias=0.0031 | FracRMSE=0.2972 | FracBias=-0.0462 | NoneBias=0.0382 | FullBias=-0.0110
Aspect split eligible OOB rows (north/south facing fraction threshold = 0.75): 100 / 464
north_dominated OOB n=79 | RMSE=0.1226 | Bias=-0.0182 | FracRMSE=0.3023 | FracBias=-0.1109 | NoneBias=0.0000 | FullBias=0.0000
south_dominated OOB n=21 | RMSE=0.0000 | Bias=0.0000 | FracRMSE=nan | FracBias=nan | NoneBias=0.0000 | FullBias=0.0000
Low-gradient eligible OOB rows (gradient_p84 <= 4.0): 54 / 464
low_gradient_p84 OOB n=54 | RMSE=0.1213 | Bias=-0.0152 | FracRMSE=0.2119 | FracBias=-0.1000 | NoneBias=0.0277 | FullBias=-0.0254
6.09s

=== Bootstrap 526/1000 ===

Chosen filter -> Eg_strong/Eg_weak >= 1.14, data_quantity >= 16 | CV acc=0.9393, CV bin acc=0.9560, n_rows(dedup)=955 | OOB acc=0.8808, OOB bin acc=0.9885, n_rows_test(dedup)=260 |
OOB cameras: ['kenttarova', 'sodankyla_full', 'torgnon', 'underc', 'wslcreek']
OOB n=296 | RMSE=0.1143 | Bias=0.0154 | FracRMSE=0.1938 | FracBias=0.0334 | NoneBias=0.0394 | FullBias=-0.0051
Aspect split eligible OOB rows (north/south facing fraction threshold = 0.75): 66 / 296
north_dominated OOB n=51 | RMSE=0.0624 | Bias=0.0136 | FracRMSE=0.1469 | FracBias=0.0697 | NoneBias=0.0060 | FullBias=0.0000
south_dominated OOB n=15 | RMSE=0.0221 | Bias=0.0087 | FracRMSE=0.0493 | FracBias=0.0433 | NoneBias=0.0000 | FullBias=0.0000
Low-gradient eligible OOB rows (gradient_p84 <= 4.0): 36 / 296
low_gradient_p84 OOB n=36 | RMSE=0.0593 | Bias=0.0131 | FracRMSE=0.0731 | FracBias=0.0087 | NoneBias=0.0261 | FullBias=0.0000
5.61s

=== Bootstrap 527/1000 ===

Chosen filter -> Eg_strong/Eg_weak >= 1.09, data_quantity >= 16 | CV acc=0.9465, CV bin acc=0.9900, n_rows(dedup)=803 | OOB acc=0.9386, OOB bin acc=0.9750, n_rows_test(dedup)=521 |
OOB cameras: ['bartlett', 'delta_junction', 'hyytiala', 'old_jack_pine', 'oregon_yp', 'underc', 'willowcreek']
OOB n=605 | RMSE=0.2006 | Bias=0.0014 | FracRMSE=0.4222 | FracBias=-0.0570 | NoneBias=0.0220 | FullBias=-0.0201
Aspect split eligible OOB rows (north/south facing fraction threshold = 0.75): 47 / 605
north_dominated OOB n=42 | RMSE=0.3628 | Bias=-0.0949 | FracRMSE=0.5333 | FracBias=-0.1604 | NoneBias=0.0000 | FullBias=-0.1339
south_dominated OOB n=5 | RMSE=0.3801 | Bias=-0.1700 | FracRMSE=0.8500 | FracBias=-0.8500 | NoneBias=nan | FullBias=0.0000
Low-gradient eligible OOB rows (gradient_p84 <= 4.0): 162 / 605
low_gradient_p84 OOB n=162 | RMSE=0.1388 | Bias=-0.0004 | FracRMSE=0.3642 | FracBias=-0.0397 | NoneBias=0.0065 | FullBias=0.0000
5.54s

=== Bootstrap 528/1000 ===

Chosen filter -> Eg_strong/Eg_weak >= 1.14, data_quantity >= 16 | CV acc=0.9500, CV bin acc=0.9778, n_rows(dedup)=1259 | OOB acc=0.7879, OOB bin acc=0.8485, n_rows_test(dedup)=66 |
OOB cameras: ['bartlett', 'lacclair', 'torgnon', 'wslcreek']
OOB n=104 | RMSE=0.2115 | Bias=-0.0674 | FracRMSE=0.4213 | FracBias=-0.2855 | NoneBias=0.0000 | FullBias=-0.0309
Aspect split eligible OOB rows (north/south facing fraction threshold = 0.75): 37 / 104
north_dominated OOB n=28 | RMSE=0.3236 | Bias=-0.1266 | FracRMSE=0.5584 | FracBias=-0.3866 | NoneBias=0.0000 | FullBias=-0.0732
south_dominated OOB n=9 | RMSE=0.2833 | Bias=-0.0944 | FracRMSE=0.8500 | FracBias=-0.8500 | NoneBias=nan | FullBias=0.0000
Low-gradient eligible OOB rows (gradient_p84 <= 4.0): 0 / 104
low_gradient_p84 OOB n=0 | RMSE=nan | Bias=nan | FracRMSE=nan | FracBias=nan | NoneBias=nan | FullBias=nan
6.63s

=== Bootstrap 529/1000 ===

Chosen filter -> Eg_strong/Eg_weak >= 1.18, data_quantity >= 14 | CV acc=0.9442, CV bin acc=0.9814, n_rows(dedup)=968 | OOB acc=0.9169, OOB bin acc=0.9934, n_rows_test(dedup)=301 |
OOB cameras: ['delta_junction', 'glees', 'oregon_yp', 'queens', 'wslcreek']
OOB n=349 | RMSE=0.1298 | Bias=0.0242 | FracRMSE=0.2800 | FracBias=-0.0454 | NoneBias=0.0564 | FullBias=-0.0019
Aspect split eligible OOB rows (north/south facing fraction threshold = 0.75): 70 / 349
north_dominated OOB n=52 | RMSE=0.1423 | Bias=-0.0052 | FracRMSE=0.2827 | FracBias=-0.0298 | NoneBias=0.0084 | FullBias=0.0000
south_dominated OOB n=18 | RMSE=0.0000 | Bias=0.0000 | FracRMSE=nan | FracBias=nan | NoneBias=0.0000 | FullBias=0.0000
Low-gradient eligible OOB rows (gradient_p84 <= 4.0): 121 / 349
low_gradient_p84 OOB n=121 | RMSE=0.1403 | Bias=0.0489 | FracRMSE=0.2388 | FracBias=-0.1094 | NoneBias=0.0782 | FullBias=0.0000
5.83s

=== Bootstrap 530/1000 ===

Chosen filter -> Eg_strong/Eg_weak >= 1.14, data_quantity >= 16 | CV acc=0.9472, CV bin acc=0.9852, n_rows(dedup)=1213 | OOB acc=0.8872, OOB bin acc=0.9390, n_rows_test(dedup)=328 |
OOB cameras: ['bartlett', 'delta_junction', 'glees', 'lacclair', 'old_jack_pine', 'torgnon', 'willowcreek', 'wslcreek']
OOB n=413 | RMSE=0.1960 | Bias=-0.0132 | FracRMSE=0.3690 | FracBias=-0.0994 | NoneBias=0.0326 | FullBias=-0.0217
Aspect split eligible OOB rows (north/south facing fraction threshold = 0.75): 83 / 413
north_dominated OOB n=61 | RMSE=0.2752 | Bias=-0.0863 | FracRMSE=0.4444 | FracBias=-0.2242 | NoneBias=0.0000 | FullBias=-0.0541
south_dominated OOB n=22 | RMSE=0.1812 | Bias=-0.0386 | FracRMSE=0.8500 | FracBias=-0.8500 | NoneBias=0.0000 | FullBias=0.0000
Low-gradient eligible OOB rows (gradient_p84 <= 4.0): 63 / 413
low_gradient_p84 OOB n=63 | RMSE=0.1410 | Bias=-0.0275 | FracRMSE=0.2968 | FracBias=-0.1177 | NoneBias=0.0014 | FullBias=-0.0083
6.7s

=== Bootstrap 531/1000 ===

Chosen filter -> Eg_strong/Eg_weak >= 1.05, data_quantity >= 16 | CV acc=0.9481, CV bin acc=0.9876, n_rows(dedup)=1369 | OOB acc=0.9202, OOB bin acc=0.9506, n_rows_test(dedup)=263 |
OOB cameras: ['bartlett', 'marcell_MN', 'old_jack_pine', 'queens', 'torgnon', 'underhill', 'willowcreek']
OOB n=292 | RMSE=0.2219 | Bias=-0.0160 | FracRMSE=0.4607 | FracBias=-0.2107 | NoneBias=0.0420 | FullBias=-0.0394
Aspect split eligible OOB rows (north/south facing fraction threshold = 0.75): 21 / 292
north_dominated OOB n=11 | RMSE=0.5167 | Bias=-0.3382 | FracRMSE=0.7375 | FracBias=-0.7224 | NoneBias=0.0000 | FullBias=-0.3105
south_dominated OOB n=10 | RMSE=0.3801 | Bias=-0.1700 | FracRMSE=0.8500 | FracBias=-0.8500 | NoneBias=0.0000 | FullBias=0.0000
Low-gradient eligible OOB rows (gradient_p84 <= 4.0): 43 / 292
low_gradient_p84 OOB n=43 | RMSE=0.1437 | Bias=-0.0350 | FracRMSE=0.3687 | FracBias=-0.2183 | NoneBias=0.0042 | FullBias=-0.0309
7.08s

=== Bootstrap 532/1000 ===

Chosen filter -> Eg_strong/Eg_weak >= 1.25, data_quantity >= 17 | CV acc=0.9406, CV bin acc=0.9748, n_rows(dedup)=993 | OOB acc=0.9284, OOB bin acc=0.9890, n_rows_test(dedup)=363 |
OOB cameras: ['marcell_MN', 'old_jack_pine', 'queens', 'tammela', 'underc', 'varrio', 'wslcreek']
OOB n=406 | RMSE=0.1273 | Bias=0.0031 | FracRMSE=0.3254 | FracBias=-0.0429 | NoneBias=0.0175 | FullBias=-0.0009
Aspect split eligible OOB rows (north/south facing fraction threshold = 0.75): 42 / 406
north_dominated OOB n=37 | RMSE=0.0275 | Bias=0.0039 | FracRMSE=0.1182 | FracBias=0.0730 | NoneBias=0.0000 | FullBias=0.0000
south_dominated OOB n=5 | RMSE=0.0000 | Bias=0.0000 | FracRMSE=nan | FracBias=nan | NoneBias=nan | FullBias=0.0000
Low-gradient eligible OOB rows (gradient_p84 <= 4.0): 36 / 406
low_gradient_p84 OOB n=36 | RMSE=0.1410 | Bias=-0.0269 | FracRMSE=0.3784 | FracBias=-0.1933 | NoneBias=0.0000 | FullBias=0.0000
6.18s

=== Bootstrap 533/1000 ===

Chosen filter -> Eg_strong/Eg_weak >= 1.18, data_quantity >= 16 | CV acc=0.9449, CV bin acc=0.9798, n_rows(dedup)=889 | OOB acc=0.9400, OOB bin acc=0.9832, n_rows_test(dedup)=417 |
OOB cameras: ['hyytiala', 'kenttarova', 'marcell_MN', 'sodankyla_full', 'torgnon', 'varrio', 'wslcreek']
OOB n=448 | RMSE=0.0724 | Bias=-0.0046 | FracRMSE=0.1609 | FracBias=-0.0116 | NoneBias=0.0105 | FullBias=-0.0169
Aspect split eligible OOB rows (north/south facing fraction threshold = 0.75): 89 / 448
north_dominated OOB n=71 | RMSE=0.0387 | Bias=0.0077 | FracRMSE=0.1077 | FracBias=0.0561 | NoneBias=0.0025 | FullBias=0.0000
south_dominated OOB n=18 | RMSE=0.0154 | Bias=0.0026 | FracRMSE=0.0377 | FracBias=0.0154 | NoneBias=0.0000 | FullBias=0.0000
Low-gradient eligible OOB rows (gradient_p84 <= 4.0): 36 / 448
low_gradient_p84 OOB n=36 | RMSE=0.0568 | Bias=0.0034 | FracRMSE=0.1368 | FracBias=-0.0639 | NoneBias=0.0185 | FullBias=0.0000
5.49s

=== Bootstrap 534/1000 ===

Chosen filter -> Eg_strong/Eg_weak >= 1.25, data_quantity >= 16 | CV acc=0.9087, CV bin acc=0.9909, n_rows(dedup)=767 | OOB acc=0.9620, OOB bin acc=0.9754, n_rows_test(dedup)=447 |
OOB cameras: ['hyytiala', 'kenttarova', 'oregon_yp', 'tammela', 'varrio', 'willowcreek']
OOB n=486 | RMSE=0.1377 | Bias=0.0211 | FracRMSE=0.1563 | FracBias=-0.0781 | NoneBias=0.0597 | FullBias=-0.0463
Aspect split eligible OOB rows (north/south facing fraction threshold = 0.75): 62 / 486
north_dominated OOB n=47 | RMSE=0.0260 | Bias=0.0080 | FracRMSE=0.0400 | FracBias=0.0314 | NoneBias=0.0128 | FullBias=-0.0003
south_dominated OOB n=15 | RMSE=0.0175 | Bias=0.0026 | FracRMSE=0.0392 | FracBias=0.0132 | NoneBias=0.0000 | FullBias=0.0000
Low-gradient eligible OOB rows (gradient_p84 <= 4.0): 110 / 486
low_gradient_p84 OOB n=110 | RMSE=0.1510 | Bias=0.0733 | FracRMSE=0.2178 | FracBias=-0.1658 | NoneBias=0.1072 | FullBias=-0.1432
5.61s

=== Bootstrap 535/1000 ===

Chosen filter -> Eg_strong/Eg_weak >= 1.11, data_quantity >= 16 | CV acc=0.9383, CV bin acc=0.9771, n_rows(dedup)=1005 | OOB acc=0.8833, OOB bin acc=0.9792, n_rows_test(dedup)=240 |
OOB cameras: ['glees', 'lacclair', 'old_jack_pine', 'underc', 'wslcreek']
OOB n=306 | RMSE=0.1509 | Bias=0.0009 | FracRMSE=0.3093 | FracBias=-0.0682 | NoneBias=0.0322 | FullBias=-0.0014
Aspect split eligible OOB rows (north/south facing fraction threshold = 0.75): 36 / 306
north_dominated OOB n=20 | RMSE=0.0575 | Bias=0.0118 | FracRMSE=0.1818 | FracBias=0.1182 | NoneBias=nan | FullBias=0.0000
south_dominated OOB n=16 | RMSE=0.0000 | Bias=0.0000 | FracRMSE=nan | FracBias=nan | NoneBias=0.0000 | FullBias=0.0000
Low-gradient eligible OOB rows (gradient_p84 <= 4.0): 38 / 306
low_gradient_p84 OOB n=38 | RMSE=0.1308 | Bias=-0.0281 | FracRMSE=0.3291 | FracBias=-0.1782 | NoneBias=0.0000 | FullBias=0.0000
5.99s

=== Bootstrap 536/1000 ===

Chosen filter -> Eg_strong/Eg_weak >= 1.05, data_quantity >= 14 | CV acc=0.9062, CV bin acc=0.9868, n_rows(dedup)=906 | OOB acc=0.9455, OOB bin acc=0.9769, n_rows_test(dedup)=477 |
OOB cameras: ['bartlett', 'kenttarova', 'marcell_MN', 'oregon_yp', 'sodankyla_full', 'willowcreek', 'wslcreek']
OOB n=525 | RMSE=0.1664 | Bias=0.0096 | FracRMSE=0.2920 | FracBias=-0.1550 | NoneBias=0.0755 | FullBias=-0.0452
Aspect split eligible OOB rows (north/south facing fraction threshold = 0.75): 84 / 525
north_dominated OOB n=61 | RMSE=0.1882 | Bias=-0.0424 | FracRMSE=0.3044 | FracBias=-0.1026 | NoneBias=0.0182 | FullBias=-0.0459
south_dominated OOB n=23 | RMSE=0.2536 | Bias=-0.0816 | FracRMSE=0.5412 | FracBias=-0.3510 | NoneBias=0.0000 | FullBias=-0.0093
Low-gradient eligible OOB rows (gradient_p84 <= 4.0): 139 / 525
low_gradient_p84 OOB n=139 | RMSE=0.1446 | Bias=0.0664 | FracRMSE=0.2109 | FracBias=-0.1724 | NoneBias=0.1088 | FullBias=-0.0384
5.41s

=== Bootstrap 537/1000 ===

Chosen filter -> Eg_strong/Eg_weak >= 1.18, data_quantity >= 14 | CV acc=0.9229, CV bin acc=0.9821, n_rows(dedup)=895 | OOB acc=0.9877, OOB bin acc=0.9877, n_rows_test(dedup)=325 |
OOB cameras: ['bartlett', 'lacclair', 'old_jack_pine', 'oregon_yp', 'tammela']
OOB n=396 | RMSE=0.1453 | Bias=-0.0039 | FracRMSE=0.3504 | FracBias=-0.1739 | NoneBias=0.0292 | FullBias=-0.0075
Aspect split eligible OOB rows (north/south facing fraction threshold = 0.75): 16 / 396
north_dominated OOB n=9 | RMSE=0.3985 | Bias=-0.2251 | FracRMSE=0.6902 | FracBias=-0.6754 | NoneBias=0.0000 | FullBias=0.0000
south_dominated OOB n=7 | RMSE=0.3213 | Bias=-0.1214 | FracRMSE=0.8500 | FracBias=-0.8500 | NoneBias=nan | FullBias=0.0000
Low-gradient eligible OOB rows (gradient_p84 <= 4.0): 137 / 396
low_gradient_p84 OOB n=137 | RMSE=0.1240 | Bias=0.0156 | FracRMSE=0.2906 | FracBias=-0.2083 | NoneBias=0.0444 | FullBias=0.0000
5.59s

=== Bootstrap 538/1000 ===

Chosen filter -> Eg_strong/Eg_weak >= 1.05, data_quantity >= 17 | CV acc=0.9497, CV bin acc=0.9711, n_rows(dedup)=934 | OOB acc=0.9137, OOB bin acc=0.9949, n_rows_test(dedup)=394 |
OOB cameras: ['lacclair', 'oregon_yp', 'sodankyla_full', 'torgnon', 'underc', 'underhill', 'varrio']
OOB n=461 | RMSE=0.1394 | Bias=0.0371 | FracRMSE=0.2382 | FracBias=-0.0850 | NoneBias=0.0855 | FullBias=-0.0026
Aspect split eligible OOB rows (north/south facing fraction threshold = 0.75): 37 / 461
north_dominated OOB n=30 | RMSE=0.0747 | Bias=0.0149 | FracRMSE=nan | FracBias=nan | NoneBias=0.0373 | FullBias=0.0000
south_dominated OOB n=7 | RMSE=0.0000 | Bias=0.0000 | FracRMSE=nan | FracBias=nan | NoneBias=0.0000 | FullBias=0.0000
Low-gradient eligible OOB rows (gradient_p84 <= 4.0): 125 / 461
low_gradient_p84 OOB n=125 | RMSE=0.1563 | Bias=0.0818 | FracRMSE=0.2343 | FracBias=-0.1892 | NoneBias=0.1169 | FullBias=0.0000
5.41s

=== Bootstrap 539/1000 ===

Chosen filter -> Eg_strong/Eg_weak >= 1.07, data_quantity >= 11 | CV acc=0.9406, CV bin acc=0.9814, n_rows(dedup)=1128 | OOB acc=0.8970, OOB bin acc=0.9606, n_rows_test(dedup)=330 |
OOB cameras: ['hyytiala', 'marcell_MN', 'underc', 'varrio', 'wslcreek']
OOB n=358 | RMSE=0.1274 | Bias=-0.0129 | FracRMSE=0.2517 | FracBias=-0.0454 | NoneBias=0.0196 | FullBias=-0.0366
Aspect split eligible OOB rows (north/south facing fraction threshold = 0.75): 45 / 358
north_dominated OOB n=40 | RMSE=0.0512 | Bias=0.0076 | FracRMSE=0.2292 | FracBias=0.1517 | NoneBias=0.0000 | FullBias=0.0000
south_dominated OOB n=5 | RMSE=0.0000 | Bias=0.0000 | FracRMSE=nan | FracBias=nan | NoneBias=nan | FullBias=0.0000
Low-gradient eligible OOB rows (gradient_p84 <= 4.0): 1 / 358
low_gradient_p84 OOB n=1 | RMSE=0.0000 | Bias=0.0000 | FracRMSE=nan | FracBias=nan | NoneBias=nan | FullBias=0.0000
6.07s

=== Bootstrap 540/1000 ===

Chosen filter -> Eg_strong/Eg_weak >= 1.05, data_quantity >= 17 | CV acc=0.9523, CV bin acc=0.9708, n_rows(dedup)=1027 | OOB acc=0.9224, OOB bin acc=0.9945, n_rows_test(dedup)=361 |
OOB cameras: ['lacclair', 'oregon_yp', 'sodankyla_full', 'torgnon', 'underc', 'underhill', 'wslcreek']
OOB n=425 | RMSE=0.1502 | Bias=0.0439 | FracRMSE=0.2439 | FracBias=-0.0566 | NoneBias=0.0946 | FullBias=-0.0027
Aspect split eligible OOB rows (north/south facing fraction threshold = 0.75): 34 / 425
north_dominated OOB n=29 | RMSE=0.1166 | Bias=0.0312 | FracRMSE=0.3180 | FracBias=0.2146 | NoneBias=0.0792 | FullBias=0.0000
south_dominated OOB n=5 | RMSE=0.0000 | Bias=0.0000 | FracRMSE=nan | FracBias=nan | NoneBias=0.0000 | FullBias=0.0000
Low-gradient eligible OOB rows (gradient_p84 <= 4.0): 125 / 425
low_gradient_p84 OOB n=125 | RMSE=0.1591 | Bias=0.0833 | FracRMSE=0.2352 | FracBias=-0.1857 | NoneBias=0.1185 | FullBias=0.0000
5.58s

=== Bootstrap 541/1000 ===

Chosen filter -> Eg_strong/Eg_weak >= 1.18, data_quantity >= 9 | CV acc=0.9064, CV bin acc=0.9824, n_rows(dedup)=1250 | OOB acc=0.9335, OOB bin acc=0.9557, n_rows_test(dedup)=406 |
OOB cameras: ['bartlett', 'hyytiala', 'kenttarova', 'lacclair', 'tammela', 'varrio', 'willowcreek', 'wslcreek']
OOB n=472 | RMSE=0.1442 | Bias=-0.0145 | FracRMSE=0.2823 | FracBias=-0.1082 | NoneBias=0.0250 | FullBias=-0.0357
Aspect split eligible OOB rows (north/south facing fraction threshold = 0.75): 104 / 472
north_dominated OOB n=79 | RMSE=0.1450 | Bias=-0.0246 | FracRMSE=0.3440 | FracBias=-0.1440 | NoneBias=0.0053 | FullBias=0.0000
south_dominated OOB n=25 | RMSE=0.1710 | Bias=-0.0349 | FracRMSE=0.4263 | FracBias=-0.2012 | NoneBias=0.0000 | FullBias=-0.0037
Low-gradient eligible OOB rows (gradient_p84 <= 4.0): 14 / 472
low_gradient_p84 OOB n=14 | RMSE=0.1460 | Bias=-0.0203 | FracRMSE=0.0459 | FracBias=0.0175 | NoneBias=0.0509 | FullBias=-0.1041
6.21s

=== Bootstrap 542/1000 ===

Chosen filter -> Eg_strong/Eg_weak >= 1.18, data_quantity >= 16 | CV acc=0.9245, CV bin acc=0.9788, n_rows(dedup)=848 | OOB acc=0.9854, OOB bin acc=0.9951, n_rows_test(dedup)=410 |
OOB cameras: ['bartlett', 'old_jack_pine', 'oregon_yp', 'sodankyla_full', 'torgnon', 'wslcreek']
OOB n=455 | RMSE=0.1370 | Bias=0.0047 | FracRMSE=0.3499 | FracBias=-0.1385 | NoneBias=0.0338 | FullBias=-0.0048
Aspect split eligible OOB rows (north/south facing fraction threshold = 0.75): 39 / 455
north_dominated OOB n=31 | RMSE=0.2169 | Bias=-0.0570 | FracRMSE=0.5401 | FracBias=-0.3535 | NoneBias=0.0000 | FullBias=0.0000
south_dominated OOB n=8 | RMSE=0.3005 | Bias=-0.1062 | FracRMSE=0.8500 | FracBias=-0.8500 | NoneBias=0.0000 | FullBias=0.0000
Low-gradient eligible OOB rows (gradient_p84 <= 4.0): 163 / 455
low_gradient_p84 OOB n=163 | RMSE=0.1182 | Bias=0.0188 | FracRMSE=0.2772 | FracBias=-0.1864 | NoneBias=0.0465 | FullBias=0.0000
5.4s

=== Bootstrap 543/1000 ===

Chosen filter -> Eg_strong/Eg_weak >= 1.05, data_quantity >= 16 | CV acc=0.9277, CV bin acc=0.9720, n_rows(dedup)=1106 | OOB acc=0.9242, OOB bin acc=0.9773, n_rows_test(dedup)=264 |
OOB cameras: ['delta_junction', 'glees', 'hyytiala', 'queens', 'wslcreek']
OOB n=297 | RMSE=0.1149 | Bias=0.0024 | FracRMSE=0.2767 | FracBias=-0.0268 | NoneBias=0.0238 | FullBias=-0.0168
Aspect split eligible OOB rows (north/south facing fraction threshold = 0.75): 66 / 297
north_dominated OOB n=51 | RMSE=0.1469 | Bias=-0.0304 | FracRMSE=0.2909 | FracBias=-0.1196 | NoneBias=0.0005 | FullBias=0.0000
south_dominated OOB n=15 | RMSE=0.0290 | Bias=0.0101 | FracRMSE=nan | FracBias=nan | NoneBias=0.0503 | FullBias=0.0000
Low-gradient eligible OOB rows (gradient_p84 <= 4.0): 22 / 297
low_gradient_p84 OOB n=22 | RMSE=0.1293 | Bias=-0.0432 | FracRMSE=0.2144 | FracBias=-0.1187 | NoneBias=0.0000 | FullBias=0.0000
6.11s

=== Bootstrap 544/1000 ===

Chosen filter -> Eg_strong/Eg_weak >= 1.07, data_quantity >= 17 | CV acc=0.9309, CV bin acc=0.9770, n_rows(dedup)=781 | OOB acc=0.9505, OOB bin acc=0.9887, n_rows_test(dedup)=444 |
OOB cameras: ['hyytiala', 'marcell_MN', 'oregon_yp', 'sodankyla_full', 'underc']
OOB n=478 | RMSE=0.1249 | Bias=0.0241 | FracRMSE=0.2462 | FracBias=-0.1229 | NoneBias=0.0590 | FullBias=-0.0231
Aspect split eligible OOB rows (north/south facing fraction threshold = 0.75): 8 / 478
north_dominated OOB n=7 | RMSE=0.0131 | Bias=0.0049 | FracRMSE=nan | FracBias=nan | NoneBias=0.0069 | FullBias=0.0000
south_dominated OOB n=1 | RMSE=0.0000 | Bias=0.0000 | FracRMSE=nan | FracBias=nan | NoneBias=0.0000 | FullBias=nan
Low-gradient eligible OOB rows (gradient_p84 <= 4.0): 125 / 478
low_gradient_p84 OOB n=125 | RMSE=0.1492 | Bias=0.0773 | FracRMSE=0.2358 | FracBias=-0.2004 | NoneBias=0.1124 | FullBias=0.0000
5.37s

=== Bootstrap 545/1000 ===

Chosen filter -> Eg_strong/Eg_weak >= 1.28, data_quantity >= 13 | CV acc=0.9163, CV bin acc=0.9821, n_rows(dedup)=1063 | OOB acc=0.8899, OOB bin acc=0.9583, n_rows_test(dedup)=336 |
OOB cameras: ['bartlett', 'glees', 'hyytiala', 'queens', 'sodankyla_full', 'underhill', 'willowcreek']
OOB n=344 | RMSE=0.1742 | Bias=-0.0035 | FracRMSE=0.5115 | FracBias=-0.4240 | NoneBias=0.0507 | FullBias=-0.0427
Aspect split eligible OOB rows (north/south facing fraction threshold = 0.75): 39 / 344
north_dominated OOB n=16 | RMSE=0.2893 | Bias=-0.1065 | FracRMSE=0.5418 | FracBias=-0.5276 | NoneBias=0.0677 | FullBias=0.0000
south_dominated OOB n=23 | RMSE=0.1791 | Bias=-0.0296 | FracRMSE=0.8500 | FracBias=-0.8500 | NoneBias=0.0337 | FullBias=0.0000
Low-gradient eligible OOB rows (gradient_p84 <= 4.0): 33 / 344
low_gradient_p84 OOB n=33 | RMSE=0.1317 | Bias=-0.0045 | FracRMSE=0.2396 | FracBias=-0.2396 | NoneBias=0.0529 | FullBias=-0.0413
5.94s

=== Bootstrap 546/1000 ===

Chosen filter -> Eg_strong/Eg_weak >= 1.05, data_quantity >= 17 | CV acc=0.9580, CV bin acc=0.9887, n_rows(dedup)=882 | OOB acc=0.9054, OOB bin acc=0.9770, n_rows_test(dedup)=391 |
OOB cameras: ['delta_junction', 'kenttarova', 'oregon_yp', 'underc', 'willowcreek', 'wslcreek']
OOB n=467 | RMSE=0.1824 | Bias=0.0511 | FracRMSE=0.2526 | FracBias=0.0166 | NoneBias=0.0996 | FullBias=-0.0177
Aspect split eligible OOB rows (north/south facing fraction threshold = 0.75): 89 / 467
north_dominated OOB n=77 | RMSE=0.1239 | Bias=0.0102 | FracRMSE=0.2422 | FracBias=0.0220 | NoneBias=0.0184 | FullBias=0.0000
south_dominated OOB n=12 | RMSE=0.0176 | Bias=0.0058 | FracRMSE=0.0430 | FracBias=0.0350 | NoneBias=0.0000 | FullBias=0.0000
Low-gradient eligible OOB rows (gradient_p84 <= 4.0): 129 / 467
low_gradient_p84 OOB n=129 | RMSE=0.1745 | Bias=0.0913 | FracRMSE=0.2126 | FracBias=-0.0493 | NoneBias=0.1274 | FullBias=-0.0379
5.66s

=== Bootstrap 547/1000 ===

Chosen filter -> Eg_strong/Eg_weak >= 1.05, data_quantity >= 9 | CV acc=0.9536, CV bin acc=0.9768, n_rows(dedup)=992 | OOB acc=0.8022, OOB bin acc=0.9780, n_rows_test(dedup)=364 |
OOB cameras: ['glees', 'queens', 'sodankyla_full', 'underc', 'underhill', 'varrio']
OOB n=389 | RMSE=0.1392 | Bias=0.0083 | FracRMSE=0.2543 | FracBias=-0.0436 | NoneBias=0.0469 | FullBias=-0.0128
Aspect split eligible OOB rows (north/south facing fraction threshold = 0.75): 55 / 389
north_dominated OOB n=32 | RMSE=0.0665 | Bias=0.0117 | FracRMSE=nan | FracBias=nan | NoneBias=0.0313 | FullBias=0.0000
south_dominated OOB n=23 | RMSE=0.0000 | Bias=0.0000 | FracRMSE=nan | FracBias=nan | NoneBias=0.0000 | FullBias=0.0000
Low-gradient eligible OOB rows (gradient_p84 <= 4.0): 30 / 389
low_gradient_p84 OOB n=30 | RMSE=0.0567 | Bias=0.0067 | FracRMSE=0.1259 | FracBias=-0.1259 | NoneBias=0.0252 | FullBias=0.0000
5.52s

=== Bootstrap 548/1000 ===

Chosen filter -> Eg_strong/Eg_weak >= 1.28, data_quantity >= 16 | CV acc=0.9108, CV bin acc=0.9663, n_rows(dedup)=1009 | OOB acc=0.8922, OOB bin acc=0.9624, n_rows_test(dedup)=399 |
OOB cameras: ['bartlett', 'delta_junction', 'glees', 'hyytiala', 'lacclair', 'sodankyla_full', 'underhill', 'varrio']
OOB n=467 | RMSE=0.1200 | Bias=-0.0201 | FracRMSE=0.3607 | FracBias=-0.1665 | NoneBias=0.0034 | FullBias=-0.0145
Aspect split eligible OOB rows (north/south facing fraction threshold = 0.75): 92 / 467
north_dominated OOB n=68 | RMSE=0.1987 | Bias=-0.0573 | FracRMSE=0.4379 | FracBias=-0.2784 | NoneBias=0.0000 | FullBias=0.0000
south_dominated OOB n=24 | RMSE=0.1735 | Bias=-0.0354 | FracRMSE=0.8500 | FracBias=-0.8500 | NoneBias=0.0000 | FullBias=0.0000
Low-gradient eligible OOB rows (gradient_p84 <= 4.0): 50 / 467
low_gradient_p84 OOB n=50 | RMSE=0.0903 | Bias=-0.0148 | FracRMSE=0.2079 | FracBias=-0.0975 | NoneBias=0.0065 | FullBias=0.0000
6.0s

=== Bootstrap 549/1000 ===

Chosen filter -> Eg_strong/Eg_weak >= 1.05, data_quantity >= 16 | CV acc=0.9252, CV bin acc=0.9863, n_rows(dedup)=949 | OOB acc=0.9249, OOB bin acc=0.9581, n_rows_test(dedup)=453 |
OOB cameras: ['bartlett', 'delta_junction', 'hyytiala', 'lacclair', 'oregon_yp', 'varrio', 'willowcreek']
OOB n=542 | RMSE=0.1695 | Bias=-0.0184 | FracRMSE=0.3528 | FracBias=-0.1926 | NoneBias=0.0286 | FullBias=-0.0453
Aspect split eligible OOB rows (north/south facing fraction threshold = 0.75): 78 / 542
north_dominated OOB n=65 | RMSE=0.2475 | Bias=-0.0801 | FracRMSE=0.4193 | FracBias=-0.2515 | NoneBias=0.0016 | FullBias=-0.0593
south_dominated OOB n=13 | RMSE=0.3334 | Bias=-0.1308 | FracRMSE=0.8500 | FracBias=-0.8500 | NoneBias=0.0000 | FullBias=0.0000
Low-gradient eligible OOB rows (gradient_p84 <= 4.0): 124 / 542
low_gradient_p84 OOB n=124 | RMSE=0.1198 | Bias=0.0062 | FracRMSE=0.2528 | FracBias=-0.1649 | NoneBias=0.0396 | FullBias=-0.0695
6.03s

=== Bootstrap 550/1000 ===

Chosen filter -> Eg_strong/Eg_weak >= 1.06, data_quantity >= 14 | CV acc=0.9358, CV bin acc=0.9751, n_rows(dedup)=763 | OOB acc=0.9158, OOB bin acc=0.9946, n_rows_test(dedup)=558 |
OOB cameras: ['glees', 'kenttarova', 'marcell_MN', 'old_jack_pine', 'oregon_yp', 'sodankyla_full', 'wslcreek']
OOB n=619 | RMSE=0.1184 | Bias=0.0300 | FracRMSE=0.2146 | FracBias=-0.0412 | NoneBias=0.0679 | FullBias=-0.0045
Aspect split eligible OOB rows (north/south facing fraction threshold = 0.75): 82 / 619
north_dominated OOB n=52 | RMSE=0.0681 | Bias=0.0173 | FracRMSE=0.1516 | FracBias=0.0713 | NoneBias=0.0215 | FullBias=0.0000
south_dominated OOB n=30 | RMSE=0.0294 | Bias=0.0106 | FracRMSE=0.0456 | FracBias=0.0401 | NoneBias=0.0283 | FullBias=0.0000
Low-gradient eligible OOB rows (gradient_p84 <= 4.0): 175 / 619
low_gradient_p84 OOB n=175 | RMSE=0.1472 | Bias=0.0636 | FracRMSE=0.2255 | FracBias=-0.1402 | NoneBias=0.1027 | FullBias=-0.0018
5.09s

=== Bootstrap 551/1000 ===

Chosen filter -> Eg_strong/Eg_weak >= 1.05, data_quantity >= 16 | CV acc=0.9547, CV bin acc=0.9871, n_rows(dedup)=1237 | OOB acc=0.9007, OOB bin acc=0.9636, n_rows_test(dedup)=302 |
OOB cameras: ['glees', 'kenttarova', 'queens', 'sodankyla_full', 'underhill', 'willowcreek']
OOB n=321 | RMSE=0.1574 | Bias=0.0143 | FracRMSE=0.1062 | FracBias=-0.0049 | NoneBias=0.0606 | FullBias=-0.0267
Aspect split eligible OOB rows (north/south facing fraction threshold = 0.75): 62 / 321
north_dominated OOB n=35 | RMSE=0.0724 | Bias=0.0181 | FracRMSE=0.0400 | FracBias=0.0314 | NoneBias=0.0346 | FullBias=0.0000
south_dominated OOB n=27 | RMSE=0.0197 | Bias=0.0042 | FracRMSE=0.0430 | FracBias=0.0090 | NoneBias=0.0122 | FullBias=0.0000
Low-gradient eligible OOB rows (gradient_p84 <= 4.0): 40 / 321
low_gradient_p84 OOB n=40 | RMSE=0.1204 | Bias=-0.0062 | FracRMSE=0.1468 | FracBias=-0.0755 | NoneBias=0.0367 | FullBias=-0.0398
6.54s

=== Bootstrap 552/1000 ===

Chosen filter -> Eg_strong/Eg_weak >= 1.05, data_quantity >= 13 | CV acc=0.9110, CV bin acc=0.9592, n_rows(dedup)=1079 | OOB acc=0.9417, OOB bin acc=0.9709, n_rows_test(dedup)=412 |
OOB cameras: ['bartlett', 'glees', 'hyytiala', 'marcell_MN', 'oregon_yp', 'underhill', 'wslcreek']
OOB n=443 | RMSE=0.1643 | Bias=0.0112 | FracRMSE=0.3714 | FracBias=-0.2501 | NoneBias=0.0687 | FullBias=-0.0452
Aspect split eligible OOB rows (north/south facing fraction threshold = 0.75): 58 / 443
north_dominated OOB n=32 | RMSE=0.2867 | Bias=-0.1003 | FracRMSE=0.5040 | FracBias=-0.3439 | NoneBias=0.0679 | FullBias=-0.0645
south_dominated OOB n=26 | RMSE=0.2370 | Bias=-0.0607 | FracRMSE=0.8500 | FracBias=-0.8500 | NoneBias=0.0326 | FullBias=-0.0022
Low-gradient eligible OOB rows (gradient_p84 <= 4.0): 99 / 443
low_gradient_p84 OOB n=99 | RMSE=0.1565 | Bias=0.0898 | FracRMSE=0.2406 | FracBias=-0.2055 | NoneBias=0.1157 | FullBias=nan
5.48s

=== Bootstrap 553/1000 ===

Chosen filter -> Eg_strong/Eg_weak >= 1.20, data_quantity >= 13 | CV acc=0.9476, CV bin acc=0.9857, n_rows(dedup)=1050 | OOB acc=0.9042, OOB bin acc=0.9720, n_rows_test(dedup)=428 |
OOB cameras: ['glees', 'kenttarova', 'oregon_yp', 'queens', 'underc', 'varrio', 'willowcreek']
OOB n=480 | RMSE=0.1511 | Bias=0.0240 | FracRMSE=0.1925 | FracBias=-0.0685 | NoneBias=0.0808 | FullBias=-0.0284
Aspect split eligible OOB rows (north/south facing fraction threshold = 0.75): 80 / 480
north_dominated OOB n=49 | RMSE=0.0241 | Bias=0.0076 | FracRMSE=0.0400 | FracBias=0.0314 | NoneBias=0.0116 | FullBias=0.0000
south_dominated OOB n=31 | RMSE=0.0285 | Bias=0.0085 | FracRMSE=0.0358 | FracBias=0.0193 | NoneBias=0.0344 | FullBias=0.0000
Low-gradient eligible OOB rows (gradient_p84 <= 4.0): 113 / 480
low_gradient_p84 OOB n=113 | RMSE=0.1422 | Bias=0.0571 | FracRMSE=0.2340 | FracBias=-0.1796 | NoneBias=0.0910 | FullBias=-0.0965
6.02s

=== Bootstrap 554/1000 ===

Chosen filter -> Eg_strong/Eg_weak >= 1.06, data_quantity >= 14 | CV acc=0.9340, CV bin acc=0.9830, n_rows(dedup)=939 | OOB acc=0.9515, OOB bin acc=0.9821, n_rows_test(dedup)=392 |
OOB cameras: ['oregon_yp', 'sodankyla_full', 'tammela', 'underhill', 'willowcreek']
OOB n=410 | RMSE=0.1561 | Bias=0.0330 | FracRMSE=0.2324 | FracBias=-0.1982 | NoneBias=0.0699 | FullBias=-0.0274
Aspect split eligible OOB rows (north/south facing fraction threshold = 0.75): 12 / 410
north_dominated OOB n=10 | RMSE=0.1261 | Bias=0.0410 | FracRMSE=nan | FracBias=nan | NoneBias=0.0683 | FullBias=0.0000
south_dominated OOB n=2 | RMSE=0.0000 | Bias=0.0000 | FracRMSE=nan | FracBias=nan | NoneBias=0.0000 | FullBias=nan
Low-gradient eligible OOB rows (gradient_p84 <= 4.0): 131 / 410
low_gradient_p84 OOB n=131 | RMSE=0.1465 | Bias=0.0580 | FracRMSE=0.2531 | FracBias=-0.2170 | NoneBias=0.0961 | FullBias=-0.0318
5.64s

=== Bootstrap 555/1000 ===

Chosen filter -> Eg_strong/Eg_weak >= 1.18, data_quantity >= 14 | CV acc=0.9624, CV bin acc=0.9729, n_rows(dedup)=1143 | OOB acc=0.8146, OOB bin acc=0.9829, n_rows_test(dedup)=410 |
OOB cameras: ['delta_junction', 'glees', 'kenttarova', 'marcell_MN', 'old_jack_pine', 'underc', 'wslcreek']
OOB n=495 | RMSE=0.1525 | Bias=0.0087 | FracRMSE=0.3132 | FracBias=0.0152 | NoneBias=0.0204 | FullBias=-0.0028
Aspect split eligible OOB rows (north/south facing fraction threshold = 0.75): 107 / 495
north_dominated OOB n=78 | RMSE=0.1518 | Bias=-0.0060 | FracRMSE=0.2997 | FracBias=-0.0233 | NoneBias=0.0000 | FullBias=0.0000
south_dominated OOB n=29 | RMSE=0.0159 | Bias=0.0045 | FracRMSE=0.0493 | FracBias=0.0433 | NoneBias=0.0000 | FullBias=0.0000
Low-gradient eligible OOB rows (gradient_p84 <= 4.0): 70 / 495
low_gradient_p84 OOB n=70 | RMSE=0.1411 | Bias=-0.0073 | FracRMSE=0.2951 | FracBias=-0.0319 | NoneBias=0.0000 | FullBias=0.0000
6.58s

=== Bootstrap 556/1000 ===

Chosen filter -> Eg_strong/Eg_weak >= 1.05, data_quantity >= 16 | CV acc=0.9578, CV bin acc=0.9857, n_rows(dedup)=1186 | OOB acc=0.8897, OOB bin acc=0.9862, n_rows_test(dedup)=145 |
OOB cameras: ['delta_junction', 'kenttarova', 'lacclair', 'underhill']
OOB n=221 | RMSE=0.1429 | Bias=-0.0007 | FracRMSE=0.2453 | FracBias=-0.0202 | NoneBias=0.0196 | FullBias=-0.0040
Aspect split eligible OOB rows (north/south facing fraction threshold = 0.75): 78 / 221
north_dominated OOB n=64 | RMSE=0.1408 | Bias=-0.0144 | FracRMSE=0.2539 | FracBias=-0.0695 | NoneBias=0.0157 | FullBias=0.0000
south_dominated OOB n=14 | RMSE=0.0228 | Bias=0.0093 | FracRMSE=0.0493 | FracBias=0.0433 | NoneBias=0.0000 | FullBias=0.0000
Low-gradient eligible OOB rows (gradient_p84 <= 4.0): 30 / 221
low_gradient_p84 OOB n=30 | RMSE=0.1166 | Bias=-0.0144 | FracRMSE=0.2020 | FracBias=-0.0431 | NoneBias=0.0000 | FullBias=0.0000
6.11s

=== Bootstrap 557/1000 ===

Chosen filter -> Eg_strong/Eg_weak >= 1.18, data_quantity >= 14 | CV acc=0.9239, CV bin acc=0.9536, n_rows(dedup)=841 | OOB acc=0.8757, OOB bin acc=0.9703, n_rows_test(dedup)=370 |
OOB cameras: ['glees', 'hyytiala', 'marcell_MN', 'queens', 'sodankyla_full', 'underc']
OOB n=388 | RMSE=0.0988 | Bias=0.0008 | FracRMSE=0.2842 | FracBias=-0.0630 | NoneBias=0.0154 | FullBias=-0.0076
Aspect split eligible OOB rows (north/south facing fraction threshold = 0.75): 23 / 388
north_dominated OOB n=6 | RMSE=0.0000 | Bias=0.0000 | FracRMSE=nan | FracBias=nan | NoneBias=0.0000 | FullBias=0.0000
south_dominated OOB n=17 | RMSE=0.0000 | Bias=0.0000 | FracRMSE=nan | FracBias=nan | NoneBias=0.0000 | FullBias=0.0000
Low-gradient eligible OOB rows (gradient_p84 <= 4.0): 29 / 388
low_gradient_p84 OOB n=29 | RMSE=0.0325 | Bias=0.0076 | FracRMSE=0.0536 | FracBias=0.0536 | NoneBias=0.0128 | FullBias=0.0000
5.22s

=== Bootstrap 558/1000 ===

Chosen filter -> Eg_strong/Eg_weak >= 1.09, data_quantity >= 11 | CV acc=0.8505, CV bin acc=0.9536, n_rows(dedup)=689 | OOB acc=0.9592, OOB bin acc=0.9942, n_rows_test(dedup)=686 |
OOB cameras: ['kenttarova', 'marcell_MN', 'old_jack_pine', 'oregon_yp', 'sodankyla_full', 'tammela', 'underhill', 'varrio', 'wslcreek']
OOB n=756 | RMSE=0.1206 | Bias=0.0258 | FracRMSE=0.2097 | FracBias=-0.0587 | NoneBias=0.0653 | FullBias=-0.0094
Aspect split eligible OOB rows (north/south facing fraction threshold = 0.75): 98 / 756
north_dominated OOB n=78 | RMSE=0.0798 | Bias=0.0176 | FracRMSE=0.1474 | FracBias=0.0614 | NoneBias=0.0429 | FullBias=-0.0012
south_dominated OOB n=20 | RMSE=0.0235 | Bias=-0.0025 | FracRMSE=0.0532 | FracBias=0.0002 | NoneBias=0.0000 | FullBias=-0.0042
Low-gradient eligible OOB rows (gradient_p84 <= 4.0): 179 / 756
low_gradient_p84 OOB n=179 | RMSE=0.1499 | Bias=0.0671 | FracRMSE=0.2224 | FracBias=-0.1610 | NoneBias=0.1118 | FullBias=-0.0082
4.78s

=== Bootstrap 559/1000 ===

Chosen filter -> Eg_strong/Eg_weak >= 1.05, data_quantity >= 10 | CV acc=0.9422, CV bin acc=0.9828, n_rows(dedup)=987 | OOB acc=0.8727, OOB bin acc=0.9676, n_rows_test(dedup)=432 |
OOB cameras: ['glees', 'hyytiala', 'kenttarova', 'lacclair', 'sodankyla_full', 'underc', 'underhill']
OOB n=502 | RMSE=0.1319 | Bias=0.0032 | FracRMSE=0.1955 | FracBias=-0.0282 | NoneBias=0.0338 | FullBias=-0.0194
Aspect split eligible OOB rows (north/south facing fraction threshold = 0.75): 74 / 502
north_dominated OOB n=40 | RMSE=0.0649 | Bias=0.0177 | FracRMSE=0.0430 | FracBias=0.0350 | NoneBias=0.0329 | FullBias=0.0000
south_dominated OOB n=34 | RMSE=0.0143 | Bias=0.0037 | FracRMSE=0.0483 | FracBias=0.0425 | NoneBias=0.0000 | FullBias=0.0000
Low-gradient eligible OOB rows (gradient_p84 <= 4.0): 38 / 502
low_gradient_p84 OOB n=38 | RMSE=0.0524 | Bias=0.0079 | FracRMSE=0.0914 | FracBias=-0.0058 | NoneBias=0.0188 | FullBias=0.0000
5.67s

=== Bootstrap 560/1000 ===

Chosen filter -> Eg_strong/Eg_weak >= 1.05, data_quantity >= 16 | CV acc=0.9336, CV bin acc=0.9758, n_rows(dedup)=1115 | OOB acc=0.8864, OOB bin acc=0.9621, n_rows_test(dedup)=132 |
OOB cameras: ['bartlett', 'kenttarova', 'marcell_MN', 'torgnon']
OOB n=159 | RMSE=0.1929 | Bias=-0.0506 | FracRMSE=0.3709 | FracBias=-0.1616 | NoneBias=0.0000 | FullBias=-0.0449
Aspect split eligible OOB rows (north/south facing fraction threshold = 0.75): 57 / 159
north_dominated OOB n=36 | RMSE=0.2813 | Bias=-0.0957 | FracRMSE=0.3840 | FracBias=-0.1833 | NoneBias=0.0000 | FullBias=-0.0949
south_dominated OOB n=21 | RMSE=0.2627 | Bias=-0.0790 | FracRMSE=0.5384 | FracBias=-0.3317 | NoneBias=0.0000 | FullBias=0.0000
Low-gradient eligible OOB rows (gradient_p84 <= 4.0): 8 / 159
low_gradient_p84 OOB n=8 | RMSE=0.0235 | Bias=0.0039 | FracRMSE=0.0470 | FracBias=0.0157 | NoneBias=0.0000 | FullBias=0.0000
5.85s

=== Bootstrap 561/1000 ===

Chosen filter -> Eg_strong/Eg_weak >= 1.18, data_quantity >= 14 | CV acc=0.9390, CV bin acc=0.9840, n_rows(dedup)=1065 | OOB acc=0.8474, OOB bin acc=0.9438, n_rows_test(dedup)=249 |
OOB cameras: ['bartlett', 'glees', 'hyytiala', 'queens', 'underc', 'wslcreek']
OOB n=270 | RMSE=0.1577 | Bias=-0.0250 | FracRMSE=0.3771 | FracBias=-0.1787 | NoneBias=0.0242 | FullBias=-0.0436
Aspect split eligible OOB rows (north/south facing fraction threshold = 0.75): 47 / 270
north_dominated OOB n=24 | RMSE=0.2353 | Bias=-0.0710 | FracRMSE=0.5155 | FracBias=-0.3409 | NoneBias=0.0000 | FullBias=0.0000
south_dominated OOB n=23 | RMSE=0.1774 | Bias=-0.0387 | FracRMSE=0.8500 | FracBias=-0.8500 | NoneBias=0.0000 | FullBias=-0.0021
Low-gradient eligible OOB rows (gradient_p84 <= 4.0): 0 / 270
low_gradient_p84 OOB n=0 | RMSE=nan | Bias=nan | FracRMSE=nan | FracBias=nan | NoneBias=nan | FullBias=nan
6.11s

=== Bootstrap 562/1000 ===

Chosen filter -> Eg_strong/Eg_weak >= 1.18, data_quantity >= 16 | CV acc=0.9299, CV bin acc=0.9889, n_rows(dedup)=542 | OOB acc=0.9418, OOB bin acc=0.9836, n_rows_test(dedup)=550 |
OOB cameras: ['delta_junction', 'hyytiala', 'marcell_MN', 'oregon_yp', 'sodankyla_full', 'underc', 'willowcreek']
OOB n=612 | RMSE=0.1554 | Bias=0.0277 | FracRMSE=0.2700 | FracBias=-0.0380 | NoneBias=0.0641 | FullBias=-0.0235
Aspect split eligible OOB rows (north/south facing fraction threshold = 0.75): 41 / 612
north_dominated OOB n=40 | RMSE=0.1469 | Bias=-0.0094 | FracRMSE=0.2759 | FracBias=-0.0507 | NoneBias=0.0100 | FullBias=0.0000
south_dominated OOB n=1 | RMSE=0.0000 | Bias=0.0000 | FracRMSE=nan | FracBias=nan | NoneBias=0.0000 | FullBias=nan
Low-gradient eligible OOB rows (gradient_p84 <= 4.0): 152 / 612
low_gradient_p84 OOB n=152 | RMSE=0.1489 | Bias=0.0631 | FracRMSE=0.2142 | FracBias=-0.0881 | NoneBias=0.1023 | FullBias=-0.0215
4.89s

=== Bootstrap 563/1000 ===

Chosen filter -> Eg_strong/Eg_weak >= 1.18, data_quantity >= 9 | CV acc=0.9299, CV bin acc=0.9804, n_rows(dedup)=713 | OOB acc=0.9145, OOB bin acc=0.9885, n_rows_test(dedup)=433 |
OOB cameras: ['old_jack_pine', 'oregon_yp', 'sodankyla_full', 'underc']
OOB n=486 | RMSE=0.1410 | Bias=0.0305 | FracRMSE=0.2540 | FracBias=-0.0746 | NoneBias=0.0700 | FullBias=-0.0105
Aspect split eligible OOB rows (north/south facing fraction threshold = 0.75): 8 / 486
north_dominated OOB n=7 | RMSE=0.0139 | Bias=0.0053 | FracRMSE=nan | FracBias=nan | NoneBias=0.0074 | FullBias=0.0000
south_dominated OOB n=1 | RMSE=0.0000 | Bias=0.0000 | FracRMSE=nan | FracBias=nan | NoneBias=0.0000 | FullBias=nan
Low-gradient eligible OOB rows (gradient_p84 <= 4.0): 168 / 486
low_gradient_p84 OOB n=168 | RMSE=0.1402 | Bias=0.0566 | FracRMSE=0.2476 | FracBias=-0.1756 | NoneBias=0.0941 | FullBias=0.0000
5.05s

=== Bootstrap 564/1000 ===

Chosen filter -> Eg_strong/Eg_weak >= 1.18, data_quantity >= 14 | CV acc=0.9261, CV bin acc=0.9855, n_rows(dedup)=825 | OOB acc=0.9321, OOB bin acc=0.9817, n_rows_test(dedup)=383 |
OOB cameras: ['hyytiala', 'kenttarova', 'oregon_yp', 'queens', 'underc', 'wslcreek']
OOB n=432 | RMSE=0.1312 | Bias=0.0320 | FracRMSE=0.1984 | FracBias=-0.0336 | NoneBias=0.0684 | FullBias=-0.0211
Aspect split eligible OOB rows (north/south facing fraction threshold = 0.75): 61 / 432
north_dominated OOB n=46 | RMSE=0.0625 | Bias=0.0160 | FracRMSE=0.1317 | FracBias=0.0644 | NoneBias=0.0192 | FullBias=0.0000
south_dominated OOB n=15 | RMSE=0.0221 | Bias=0.0087 | FracRMSE=0.0493 | FracBias=0.0433 | NoneBias=0.0000 | FullBias=0.0000
Low-gradient eligible OOB rows (gradient_p84 <= 4.0): 106 / 432
low_gradient_p84 OOB n=106 | RMSE=0.1631 | Bias=0.0896 | FracRMSE=0.2260 | FracBias=-0.1513 | NoneBias=0.1172 | FullBias=0.0000
5.5s

=== Bootstrap 565/1000 ===

Chosen filter -> Eg_strong/Eg_weak >= 1.05, data_quantity >= 16 | CV acc=0.9223, CV bin acc=0.9681, n_rows(dedup)=940 | OOB acc=0.9361, OOB bin acc=0.9923, n_rows_test(dedup)=391 |
OOB cameras: ['delta_junction', 'glees', 'lacclair', 'marcell_MN', 'oregon_yp', 'tammela', 'torgnon', 'underhill']
OOB n=469 | RMSE=0.1293 | Bias=0.0246 | FracRMSE=0.2592 | FracBias=-0.0675 | NoneBias=0.0605 | FullBias=-0.0045
Aspect split eligible OOB rows (north/south facing fraction threshold = 0.75): 54 / 469
north_dominated OOB n=38 | RMSE=0.1588 | Bias=-0.0062 | FracRMSE=0.2727 | FracBias=-0.0663 | NoneBias=0.0329 | FullBias=0.0000
south_dominated OOB n=16 | RMSE=0.0212 | Bias=0.0075 | FracRMSE=nan | FracBias=nan | NoneBias=0.0398 | FullBias=0.0000
Low-gradient eligible OOB rows (gradient_p84 <= 4.0): 120 / 469
low_gradient_p84 OOB n=120 | RMSE=0.1476 | Bias=0.0671 | FracRMSE=0.2181 | FracBias=-0.1013 | NoneBias=0.0987 | FullBias=0.0000
5.45s

=== Bootstrap 566/1000 ===

Chosen filter -> Eg_strong/Eg_weak >= 1.06, data_quantity >= 11 | CV acc=0.9456, CV bin acc=0.9829, n_rows(dedup)=992 | OOB acc=0.8304, OOB bin acc=0.9717, n_rows_test(dedup)=283 |
OOB cameras: ['sodankyla_full', 'underc', 'underhill', 'varrio']
OOB n=308 | RMSE=0.1494 | Bias=0.0002 | FracRMSE=0.2454 | FracBias=-0.0878 | NoneBias=0.0472 | FullBias=-0.0212
Aspect split eligible OOB rows (north/south facing fraction threshold = 0.75): 36 / 308
north_dominated OOB n=31 | RMSE=0.0579 | Bias=0.0104 | FracRMSE=nan | FracBias=nan | NoneBias=0.0293 | FullBias=0.0000
south_dominated OOB n=5 | RMSE=0.0000 | Bias=0.0000 | FracRMSE=nan | FracBias=nan | NoneBias=0.0000 | FullBias=0.0000
Low-gradient eligible OOB rows (gradient_p84 <= 4.0): 30 / 308
low_gradient_p84 OOB n=30 | RMSE=0.0650 | Bias=0.0074 | FracRMSE=0.2059 | FracBias=-0.2059 | NoneBias=0.0329 | FullBias=0.0000
5.47s

=== Bootstrap 567/1000 ===

Chosen filter -> Eg_strong/Eg_weak >= 1.07, data_quantity >= 16 | CV acc=0.9131, CV bin acc=0.9646, n_rows(dedup)=990 | OOB acc=0.9250, OOB bin acc=0.9583, n_rows_test(dedup)=240 |
OOB cameras: ['bartlett', 'hyytiala', 'marcell_MN', 'torgnon', 'varrio']
OOB n=256 | RMSE=0.1548 | Bias=-0.0371 | FracRMSE=0.5864 | FracBias=-0.4961 | NoneBias=0.0039 | FullBias=-0.0426
Aspect split eligible OOB rows (north/south facing fraction threshold = 0.75): 40 / 256
north_dominated OOB n=28 | RMSE=0.3046 | Bias=-0.1266 | FracRMSE=0.6567 | FracBias=-0.6488 | NoneBias=0.0000 | FullBias=-0.0888
south_dominated OOB n=12 | RMSE=0.3471 | Bias=-0.1438 | FracRMSE=0.8500 | FracBias=-0.8500 | NoneBias=0.0000 | FullBias=-0.0029
Low-gradient eligible OOB rows (gradient_p84 <= 4.0): 0 / 256
low_gradient_p84 OOB n=0 | RMSE=nan | Bias=nan | FracRMSE=nan | FracBias=nan | NoneBias=nan | FullBias=nan
5.66s

=== Bootstrap 568/1000 ===

Chosen filter -> Eg_strong/Eg_weak >= 1.18, data_quantity >= 13 | CV acc=0.9370, CV bin acc=0.9793, n_rows(dedup)=1111 | OOB acc=0.9605, OOB bin acc=0.9939, n_rows_test(dedup)=329 |
OOB cameras: ['delta_junction', 'lacclair', 'oregon_yp', 'queens', 'tammela', 'wslcreek']
OOB n=408 | RMSE=0.1231 | Bias=0.0173 | FracRMSE=0.2745 | FracBias=-0.0566 | NoneBias=0.0454 | FullBias=-0.0019
Aspect split eligible OOB rows (north/south facing fraction threshold = 0.75): 59 / 408
north_dominated OOB n=54 | RMSE=0.1378 | Bias=-0.0062 | FracRMSE=0.2788 | FracBias=-0.0347 | NoneBias=0.0084 | FullBias=0.0000
south_dominated OOB n=5 | RMSE=0.0000 | Bias=0.0000 | FracRMSE=nan | FracBias=nan | NoneBias=nan | FullBias=0.0000
Low-gradient eligible OOB rows (gradient_p84 <= 4.0): 122 / 408
low_gradient_p84 OOB n=122 | RMSE=0.1391 | Bias=0.0491 | FracRMSE=0.2354 | FracBias=-0.1141 | NoneBias=0.0789 | FullBias=0.0000
6.13s

=== Bootstrap 569/1000 ===

Chosen filter -> Eg_strong/Eg_weak >= 1.05, data_quantity >= 16 | CV acc=0.9526, CV bin acc=0.9767, n_rows(dedup)=1118 | OOB acc=0.9087, OOB bin acc=0.9930, n_rows_test(dedup)=427 |
OOB cameras: ['marcell_MN', 'old_jack_pine', 'sodankyla_full', 'underc', 'varrio', 'wslcreek']
OOB n=474 | RMSE=0.1234 | Bias=0.0044 | FracRMSE=0.3168 | FracBias=-0.0379 | NoneBias=0.0200 | FullBias=-0.0010
Aspect split eligible OOB rows (north/south facing fraction threshold = 0.75): 49 / 474
north_dominated OOB n=44 | RMSE=0.0490 | Bias=0.0069 | FracRMSE=0.2297 | FracBias=0.1521 | NoneBias=0.0000 | FullBias=0.0000
south_dominated OOB n=5 | RMSE=0.0000 | Bias=0.0000 | FracRMSE=nan | FracBias=nan | NoneBias=0.0000 | FullBias=0.0000
Low-gradient eligible OOB rows (gradient_p84 <= 4.0): 67 / 474
low_gradient_p84 OOB n=67 | RMSE=0.1057 | Bias=-0.0139 | FracRMSE=0.3195 | FracBias=-0.1589 | NoneBias=0.0048 | FullBias=0.0000
6.04s

=== Bootstrap 570/1000 ===

Chosen filter -> Eg_strong/Eg_weak >= 1.05, data_quantity >= 17 | CV acc=0.8837, CV bin acc=0.9706, n_rows(dedup)=851 | OOB acc=0.9309, OOB bin acc=0.9959, n_rows_test(dedup)=492 |
OOB cameras: ['delta_junction', 'kenttarova', 'lacclair', 'old_jack_pine', 'oregon_yp', 'sodankyla_full', 'torgnon']
OOB n=601 | RMSE=0.1278 | Bias=0.0240 | FracRMSE=0.2375 | FracBias=-0.0497 | NoneBias=0.0628 | FullBias=-0.0088
Aspect split eligible OOB rows (north/south facing fraction threshold = 0.75): 82 / 601
north_dominated OOB n=67 | RMSE=0.1107 | Bias=-0.0018 | FracRMSE=0.2104 | FracBias=-0.0287 | NoneBias=0.0185 | FullBias=-0.0029
south_dominated OOB n=15 | RMSE=0.0157 | Bias=0.0047 | FracRMSE=0.0430 | FracBias=0.0350 | NoneBias=0.0000 | FullBias=0.0000
Low-gradient eligible OOB rows (gradient_p84 <= 4.0): 191 / 601
low_gradient_p84 OOB n=191 | RMSE=0.1411 | Bias=0.0585 | FracRMSE=0.2118 | FracBias=-0.1047 | NoneBias=0.1003 | FullBias=-0.0086
5.48s

=== Bootstrap 571/1000 ===

Chosen filter -> Eg_strong/Eg_weak >= 1.05, data_quantity >= 17 | CV acc=0.9440, CV bin acc=0.9874, n_rows(dedup)=875 | OOB acc=0.8321, OOB bin acc=0.9656, n_rows_test(dedup)=262 |
OOB cameras: ['delta_junction', 'marcell_MN', 'underc', 'underhill', 'willowcreek', 'wslcreek']
OOB n=311 | RMSE=0.1982 | Bias=0.0149 | FracRMSE=0.3004 | FracBias=-0.0157 | NoneBias=0.0688 | FullBias=-0.0194
Aspect split eligible OOB rows (north/south facing fraction threshold = 0.75): 54 / 311
north_dominated OOB n=53 | RMSE=0.1609 | Bias=-0.0148 | FracRMSE=0.3067 | FracBias=-0.0900 | NoneBias=0.0275 | FullBias=0.0000
south_dominated OOB n=1 | RMSE=0.0000 | Bias=0.0000 | FracRMSE=nan | FracBias=nan | NoneBias=nan | FullBias=0.0000
Low-gradient eligible OOB rows (gradient_p84 <= 4.0): 25 / 311
low_gradient_p84 OOB n=25 | RMSE=0.1660 | Bias=-0.0226 | FracRMSE=0.2200 | FracBias=-0.0705 | NoneBias=0.0490 | FullBias=-0.0552
5.66s

=== Bootstrap 572/1000 ===

Chosen filter -> Eg_strong/Eg_weak >= 1.05, data_quantity >= 17 | CV acc=0.9536, CV bin acc=0.9932, n_rows(dedup)=1185 | OOB acc=0.8338, OOB bin acc=0.9555, n_rows_test(dedup)=337 |
OOB cameras: ['bartlett', 'delta_junction', 'kenttarova', 'marcell_MN', 'underc', 'underhill', 'willowcreek', 'wslcreek']
OOB n=408 | RMSE=0.2155 | Bias=-0.0214 | FracRMSE=0.3665 | FracBias=-0.1388 | NoneBias=0.0443 | FullBias=-0.0288
Aspect split eligible OOB rows (north/south facing fraction threshold = 0.75): 107 / 408
north_dominated OOB n=87 | RMSE=0.2262 | Bias=-0.0662 | FracRMSE=0.3841 | FracBias=-0.1956 | NoneBias=0.0000 | FullBias=-0.0338
south_dominated OOB n=20 | RMSE=0.2691 | Bias=-0.0815 | FracRMSE=0.6018 | FracBias=-0.4075 | NoneBias=0.0000 | FullBias=0.0000
Low-gradient eligible OOB rows (gradient_p84 <= 4.0): 32 / 408
low_gradient_p84 OOB n=32 | RMSE=0.1498 | Bias=-0.0532 | FracRMSE=0.2721 | FracBias=-0.1748 | NoneBias=0.0063 | FullBias=-0.0212
6.76s

=== Bootstrap 573/1000 ===

Chosen filter -> Eg_strong/Eg_weak >= 1.28, data_quantity >= 14 | CV acc=0.9081, CV bin acc=0.9853, n_rows(dedup)=816 | OOB acc=0.9390, OOB bin acc=0.9683, n_rows_test(dedup)=410 |
OOB cameras: ['bartlett', 'delta_junction', 'hyytiala', 'marcell_MN', 'oregon_yp', 'queens', 'willowcreek']
OOB n=463 | RMSE=0.1684 | Bias=-0.0015 | FracRMSE=0.3172 | FracBias=-0.1339 | NoneBias=0.0474 | FullBias=-0.0641
Aspect split eligible OOB rows (north/south facing fraction threshold = 0.75): 46 / 463
north_dominated OOB n=40 | RMSE=0.2172 | Bias=-0.0719 | FracRMSE=0.3662 | FracBias=-0.2127 | NoneBias=0.0067 | FullBias=0.0000
south_dominated OOB n=6 | RMSE=0.3470 | Bias=-0.1422 | FracRMSE=0.8500 | FracBias=-0.8500 | NoneBias=nan | FullBias=-0.0006
Low-gradient eligible OOB rows (gradient_p84 <= 4.0): 125 / 463
low_gradient_p84 OOB n=125 | RMSE=0.1337 | Bias=0.0312 | FracRMSE=0.2308 | FracBias=-0.1448 | NoneBias=0.0687 | FullBias=-0.0721
5.42s

=== Bootstrap 574/1000 ===

Chosen filter -> Eg_strong/Eg_weak >= 1.20, data_quantity >= 11 | CV acc=0.9164, CV bin acc=0.9757, n_rows(dedup)=1029 | OOB acc=0.9517, OOB bin acc=0.9796, n_rows_test(dedup)=393 |
OOB cameras: ['bartlett', 'delta_junction', 'hyytiala', 'lacclair', 'oregon_yp', 'tammela', 'torgnon']
OOB n=478 | RMSE=0.1425 | Bias=0.0020 | FracRMSE=0.3366 | FracBias=-0.1249 | NoneBias=0.0366 | FullBias=-0.0223
Aspect split eligible OOB rows (north/south facing fraction threshold = 0.75): 53 / 478
north_dominated OOB n=43 | RMSE=0.2539 | Bias=-0.0782 | FracRMSE=0.4288 | FracBias=-0.2322 | NoneBias=0.0081 | FullBias=0.0000
south_dominated OOB n=10 | RMSE=0.2927 | Bias=-0.1216 | FracRMSE=0.6544 | FracBias=-0.6081 | NoneBias=nan | FullBias=0.0000
Low-gradient eligible OOB rows (gradient_p84 <= 4.0): 122 / 478
low_gradient_p84 OOB n=122 | RMSE=0.1394 | Bias=0.0520 | FracRMSE=0.2321 | FracBias=-0.1134 | NoneBias=0.0824 | FullBias=0.0000
5.96s

=== Bootstrap 575/1000 ===

Chosen filter -> Eg_strong/Eg_weak >= 1.05, data_quantity >= 16 | CV acc=0.9526, CV bin acc=0.9703, n_rows(dedup)=1246 | OOB acc=0.9102, OOB bin acc=0.9902, n_rows_test(dedup)=512 |
OOB cameras: ['bartlett', 'delta_junction', 'glees', 'marcell_MN', 'old_jack_pine', 'sodankyla_full', 'tammela', 'torgnon', 'wslcreek']
OOB n=575 | RMSE=0.1523 | Bias=-0.0076 | FracRMSE=0.4031 | FracBias=-0.0614 | NoneBias=0.0070 | FullBias=-0.0090
Aspect split eligible OOB rows (north/south facing fraction threshold = 0.75): 90 / 575
north_dominated OOB n=66 | RMSE=0.2678 | Bias=-0.0693 | FracRMSE=0.4553 | FracBias=-0.1831 | NoneBias=0.0000 | FullBias=-0.0531
south_dominated OOB n=24 | RMSE=0.2454 | Bias=-0.0708 | FracRMSE=0.8500 | FracBias=-0.8500 | NoneBias=0.0000 | FullBias=0.0000
Low-gradient eligible OOB rows (gradient_p84 <= 4.0): 89 / 575
low_gradient_p84 OOB n=89 | RMSE=0.1230 | Bias=-0.0060 | FracRMSE=0.2988 | FracBias=-0.0414 | NoneBias=0.0018 | FullBias=0.0000
6.37s

=== Bootstrap 576/1000 ===

Chosen filter -> Eg_strong/Eg_weak >= 1.05, data_quantity >= 17 | CV acc=0.9336, CV bin acc=0.9867, n_rows(dedup)=753 | OOB acc=0.9579, OOB bin acc=0.9885, n_rows_test(dedup)=522 |
OOB cameras: ['delta_junction', 'marcell_MN', 'old_jack_pine', 'oregon_yp', 'sodankyla_full', 'willowcreek']
OOB n=589 | RMSE=0.1539 | Bias=0.0225 | FracRMSE=0.2854 | FracBias=-0.0520 | NoneBias=0.0560 | FullBias=-0.0170
Aspect split eligible OOB rows (north/south facing fraction threshold = 0.75): 41 / 589
north_dominated OOB n=40 | RMSE=0.1491 | Bias=-0.0132 | FracRMSE=0.2813 | FracBias=-0.0603 | NoneBias=0.0076 | FullBias=0.0000
south_dominated OOB n=1 | RMSE=0.0000 | Bias=0.0000 | FracRMSE=nan | FracBias=nan | NoneBias=0.0000 | FullBias=nan
Low-gradient eligible OOB rows (gradient_p84 <= 4.0): 188 / 589
low_gradient_p84 OOB n=188 | RMSE=0.1361 | Bias=0.0378 | FracRMSE=0.2417 | FracBias=-0.1170 | NoneBias=0.0750 | FullBias=-0.0174
5.06s

=== Bootstrap 577/1000 ===

Chosen filter -> Eg_strong/Eg_weak >= 1.18, data_quantity >= 13 | CV acc=0.9266, CV bin acc=0.9775, n_rows(dedup)=1158 | OOB acc=0.9074, OOB bin acc=0.9864, n_rows_test(dedup)=367 |
OOB cameras: ['glees', 'oregon_yp', 'torgnon', 'underc', 'underhill', 'varrio', 'wslcreek']
OOB n=406 | RMSE=0.1415 | Bias=0.0277 | FracRMSE=0.2831 | FracBias=-0.0639 | NoneBias=0.0697 | FullBias=-0.0029
Aspect split eligible OOB rows (north/south facing fraction threshold = 0.75): 67 / 406
north_dominated OOB n=44 | RMSE=0.1097 | Bias=0.0229 | FracRMSE=0.3454 | FracBias=0.2340 | NoneBias=0.0674 | FullBias=0.0000
south_dominated OOB n=23 | RMSE=0.0360 | Bias=0.0009 | FracRMSE=0.1317 | FracBias=-0.1317 | NoneBias=0.0383 | FullBias=0.0000
Low-gradient eligible OOB rows (gradient_p84 <= 4.0): 100 / 406
low_gradient_p84 OOB n=100 | RMSE=0.1315 | Bias=0.0331 | FracRMSE=0.2976 | FracBias=-0.2578 | NoneBias=0.0590 | FullBias=0.0000
6.4s

=== Bootstrap 578/1000 ===

Chosen filter -> Eg_strong/Eg_weak >= 1.20, data_quantity >= 10 | CV acc=0.9050, CV bin acc=0.9705, n_rows(dedup)=916 | OOB acc=0.9620, OOB bin acc=0.9866, n_rows_test(dedup)=447 |
OOB cameras: ['bartlett', 'hyytiala', 'oregon_yp', 'queens', 'sodankyla_full', 'tammela']
OOB n=472 | RMSE=0.1267 | Bias=0.0091 | FracRMSE=0.3796 | FracBias=-0.2826 | NoneBias=0.0448 | FullBias=-0.0275
Aspect split eligible OOB rows (north/south facing fraction threshold = 0.75): 21 / 472
north_dominated OOB n=14 | RMSE=0.3693 | Bias=-0.1930 | FracRMSE=0.6908 | FracBias=-0.6789 | NoneBias=0.0023 | FullBias=0.0000
south_dominated OOB n=7 | RMSE=0.3213 | Bias=-0.1214 | FracRMSE=0.8500 | FracBias=-0.8500 | NoneBias=0.0000 | FullBias=0.0000
Low-gradient eligible OOB rows (gradient_p84 <= 4.0): 128 / 472
low_gradient_p84 OOB n=128 | RMSE=0.1419 | Bias=0.0684 | FracRMSE=0.2431 | FracBias=-0.2060 | NoneBias=0.1020 | FullBias=0.0000
5.34s

=== Bootstrap 579/1000 ===

Chosen filter -> Eg_strong/Eg_weak >= 1.18, data_quantity >= 16 | CV acc=0.9486, CV bin acc=0.9856, n_rows(dedup)=1110 | OOB acc=0.9490, OOB bin acc=0.9777, n_rows_test(dedup)=314 |
OOB cameras: ['marcell_MN', 'old_jack_pine', 'queens', 'tammela', 'torgnon', 'willowcreek', 'wslcreek']
OOB n=339 | RMSE=0.1547 | Bias=0.0082 | FracRMSE=0.3115 | FracBias=-0.0360 | NoneBias=0.0342 | FullBias=-0.0151
Aspect split eligible OOB rows (north/south facing fraction threshold = 0.75): 21 / 339
north_dominated OOB n=18 | RMSE=0.0692 | Bias=0.0152 | FracRMSE=0.2077 | FracBias=0.1365 | NoneBias=nan | FullBias=0.0000
south_dominated OOB n=3 | RMSE=0.0000 | Bias=0.0000 | FracRMSE=nan | FracBias=nan | NoneBias=nan | FullBias=0.0000
Low-gradient eligible OOB rows (gradient_p84 <= 4.0): 41 / 339
low_gradient_p84 OOB n=41 | RMSE=0.1392 | Bias=-0.0251 | FracRMSE=0.3297 | FracBias=-0.1877 | NoneBias=0.0129 | FullBias=-0.0227
6.35s

=== Bootstrap 580/1000 ===

Chosen filter -> Eg_strong/Eg_weak >= 1.05, data_quantity >= 14 | CV acc=0.9461, CV bin acc=0.9801, n_rows(dedup)=1057 | OOB acc=0.9100, OOB bin acc=0.9716, n_rows_test(dedup)=211 |
OOB cameras: ['glees', 'hyytiala', 'kenttarova', 'torgnon']
OOB n=230 | RMSE=0.0886 | Bias=0.0098 | FracRMSE=0.0763 | FracBias=0.0140 | NoneBias=0.0321 | FullBias=-0.0234
Aspect split eligible OOB rows (north/south facing fraction threshold = 0.75): 56 / 230
north_dominated OOB n=27 | RMSE=0.0244 | Bias=0.0108 | FracRMSE=0.0400 | FracBias=0.0314 | NoneBias=0.0100 | FullBias=0.0000
south_dominated OOB n=29 | RMSE=0.0604 | Bias=-0.0004 | FracRMSE=0.1455 | FracBias=-0.0533 | NoneBias=0.0336 | FullBias=0.0000
Low-gradient eligible OOB rows (gradient_p84 <= 4.0): 8 / 230
low_gradient_p84 OOB n=8 | RMSE=0.0212 | Bias=0.0077 | FracRMSE=0.0424 | FracBias=0.0308 | NoneBias=0.0000 | FullBias=0.0000
5.82s

=== Bootstrap 581/1000 ===

Chosen filter -> Eg_strong/Eg_weak >= 1.05, data_quantity >= 17 | CV acc=0.9524, CV bin acc=0.9771, n_rows(dedup)=1093 | OOB acc=0.8711, OOB bin acc=0.9433, n_rows_test(dedup)=194 |
OOB cameras: ['bartlett', 'delta_junction', 'glees', 'kenttarova', 'lacclair']
OOB n=275 | RMSE=0.1802 | Bias=-0.0380 | FracRMSE=0.3374 | FracBias=-0.1258 | NoneBias=0.0019 | FullBias=-0.0236
Aspect split eligible OOB rows (north/south facing fraction threshold = 0.75): 102 / 275
north_dominated OOB n=69 | RMSE=0.2430 | Bias=-0.0762 | FracRMSE=0.3620 | FracBias=-0.1793 | NoneBias=0.0000 | FullBias=-0.0597
south_dominated OOB n=33 | RMSE=0.2095 | Bias=-0.0494 | FracRMSE=0.6018 | FracBias=-0.4075 | NoneBias=0.0000 | FullBias=0.0000
Low-gradient eligible OOB rows (gradient_p84 <= 4.0): 28 / 275
low_gradient_p84 OOB n=28 | RMSE=0.1159 | Bias=-0.0220 | FracRMSE=0.2044 | FracBias=-0.0684 | NoneBias=0.0000 | FullBias=0.0000
5.9s

=== Bootstrap 582/1000 ===

Chosen filter -> Eg_strong/Eg_weak >= 1.05, data_quantity >= 9 | CV acc=0.9537, CV bin acc=0.9856, n_rows(dedup)=972 | OOB acc=0.9195, OOB bin acc=0.9839, n_rows_test(dedup)=497 |
OOB cameras: ['delta_junction', 'lacclair', 'oregon_yp', 'sodankyla_full', 'tammela', 'underc', 'underhill']
OOB n=595 | RMSE=0.1699 | Bias=0.0356 | FracRMSE=0.3148 | FracBias=0.0265 | NoneBias=0.0650 | FullBias=-0.0101
Aspect split eligible OOB rows (north/south facing fraction threshold = 0.75): 50 / 595
north_dominated OOB n=46 | RMSE=0.1805 | Bias=0.0191 | FracRMSE=0.3485 | FracBias=0.0313 | NoneBias=0.0267 | FullBias=0.0000
south_dominated OOB n=4 | RMSE=0.0000 | Bias=0.0000 | FracRMSE=nan | FracBias=nan | NoneBias=0.0000 | FullBias=0.0000
Low-gradient eligible OOB rows (gradient_p84 <= 4.0): 151 / 595
low_gradient_p84 OOB n=151 | RMSE=0.1659 | Bias=0.0744 | FracRMSE=0.2659 | FracBias=-0.0255 | NoneBias=0.1041 | FullBias=0.0000
5.54s

=== Bootstrap 583/1000 ===

Chosen filter -> Eg_strong/Eg_weak >= 1.05, data_quantity >= 16 | CV acc=0.8963, CV bin acc=0.9516, n_rows(dedup)=868 | OOB acc=0.9473, OOB bin acc=0.9812, n_rows_test(dedup)=531 |
OOB cameras: ['bartlett', 'kenttarova', 'old_jack_pine', 'oregon_yp', 'sodankyla_full', 'underc', 'underhill', 'wslcreek']
OOB n=609 | RMSE=0.1639 | Bias=-0.0035 | FracRMSE=0.3395 | FracBias=-0.1006 | NoneBias=0.0268 | FullBias=-0.0148
Aspect split eligible OOB rows (north/south facing fraction threshold = 0.75): 85 / 609
north_dominated OOB n=63 | RMSE=0.2410 | Bias=-0.0608 | FracRMSE=0.3755 | FracBias=-0.1537 | NoneBias=0.0000 | FullBias=-0.0551
south_dominated OOB n=22 | RMSE=0.2569 | Bias=-0.0714 | FracRMSE=0.5389 | FracBias=-0.3140 | NoneBias=0.0000 | FullBias=0.0000
Low-gradient eligible OOB rows (gradient_p84 <= 4.0): 173 / 609
low_gradient_p84 OOB n=173 | RMSE=0.1047 | Bias=0.0058 | FracRMSE=0.2699 | FracBias=-0.1378 | NoneBias=0.0254 | FullBias=0.0000
5.24s

=== Bootstrap 584/1000 ===

Chosen filter -> Eg_strong/Eg_weak >= 1.05, data_quantity >= 13 | CV acc=0.9033, CV bin acc=0.9658, n_rows(dedup)=993 | OOB acc=0.9323, OOB bin acc=0.9722, n_rows_test(dedup)=576 |
OOB cameras: ['bartlett', 'glees', 'hyytiala', 'old_jack_pine', 'oregon_yp', 'queens', 'tammela', 'underc', 'underhill']
OOB n=635 | RMSE=0.1736 | Bias=0.0041 | FracRMSE=0.3565 | FracBias=-0.1588 | NoneBias=0.0473 | FullBias=-0.0456
Aspect split eligible OOB rows (north/south facing fraction threshold = 0.75): 39 / 635
north_dominated OOB n=14 | RMSE=0.4774 | Bias=-0.2954 | FracRMSE=0.6758 | FracBias=-0.6677 | NoneBias=0.0406 | FullBias=-0.2713
south_dominated OOB n=25 | RMSE=0.2404 | Bias=-0.0680 | FracRMSE=0.8500 | FracBias=-0.8500 | NoneBias=0.0000 | FullBias=0.0000
Low-gradient eligible OOB rows (gradient_p84 <= 4.0): 140 / 635
low_gradient_p84 OOB n=140 | RMSE=0.1434 | Bias=0.0526 | FracRMSE=0.2625 | FracBias=-0.1839 | NoneBias=0.0850 | FullBias=0.0000
6.01s

=== Bootstrap 585/1000 ===

Chosen filter -> Eg_strong/Eg_weak >= 1.18, data_quantity >= 16 | CV acc=0.9241, CV bin acc=0.9867, n_rows(dedup)=975 | OOB acc=0.9225, OOB bin acc=0.9613, n_rows_test(dedup)=284 |
OOB cameras: ['bartlett', 'glees', 'marcell_MN', 'queens', 'sodankyla_full', 'willowcreek']
OOB n=294 | RMSE=0.1767 | Bias=-0.0174 | FracRMSE=0.4915 | FracBias=-0.3987 | NoneBias=0.0474 | FullBias=-0.0444
Aspect split eligible OOB rows (north/south facing fraction threshold = 0.75): 32 / 294
north_dominated OOB n=12 | RMSE=0.3046 | Bias=-0.1503 | FracRMSE=0.6092 | FracBias=-0.6012 | NoneBias=0.0000 | FullBias=0.0000
south_dominated OOB n=20 | RMSE=0.1920 | Bias=-0.0444 | FracRMSE=0.8500 | FracBias=-0.8500 | NoneBias=0.0178 | FullBias=-0.0073
Low-gradient eligible OOB rows (gradient_p84 <= 4.0): 32 / 294
low_gradient_p84 OOB n=32 | RMSE=0.1221 | Bias=-0.0120 | FracRMSE=0.2613 | FracBias=-0.2613 | NoneBias=0.0402 | FullBias=-0.0453
5.81s

=== Bootstrap 586/1000 ===

Chosen filter -> Eg_strong/Eg_weak >= 1.06, data_quantity >= 9 | CV acc=0.9468, CV bin acc=0.9651, n_rows(dedup)=1146 | OOB acc=0.8922, OOB bin acc=0.9806, n_rows_test(dedup)=464 |
OOB cameras: ['delta_junction', 'glees', 'lacclair', 'marcell_MN', 'sodankyla_full', 'tammela', 'underc', 'underhill']
OOB n=550 | RMSE=0.1548 | Bias=0.0135 | FracRMSE=0.3202 | FracBias=0.0316 | NoneBias=0.0336 | FullBias=-0.0079
Aspect split eligible OOB rows (north/south facing fraction threshold = 0.75): 67 / 550
north_dominated OOB n=46 | RMSE=0.1916 | Bias=-0.0086 | FracRMSE=0.3646 | FracBias=-0.0790 | NoneBias=0.0238 | FullBias=0.0000
south_dominated OOB n=21 | RMSE=0.0038 | Bias=0.0008 | FracRMSE=nan | FracBias=nan | NoneBias=0.0035 | FullBias=0.0000
Low-gradient eligible OOB rows (gradient_p84 <= 4.0): 52 / 550
low_gradient_p84 OOB n=52 | RMSE=0.1100 | Bias=0.0071 | FracRMSE=0.2434 | FracBias=0.0067 | NoneBias=0.0148 | FullBias=0.0000
6.01s

=== Bootstrap 587/1000 ===

Chosen filter -> Eg_strong/Eg_weak >= 1.20, data_quantity >= 10 | CV acc=0.9527, CV bin acc=0.9901, n_rows(dedup)=1014 | OOB acc=0.8800, OOB bin acc=0.9538, n_rows_test(dedup)=325 |
OOB cameras: ['delta_junction', 'hyytiala', 'tammela', 'underc', 'willowcreek']
OOB n=369 | RMSE=0.1774 | Bias=0.0105 | FracRMSE=0.3119 | FracBias=0.0127 | NoneBias=0.0367 | FullBias=-0.0356
Aspect split eligible OOB rows (north/south facing fraction threshold = 0.75): 33 / 369
north_dominated OOB n=33 | RMSE=0.1832 | Bias=-0.0478 | FracRMSE=0.3172 | FracBias=-0.1433 | NoneBias=0.0000 | FullBias=0.0000
south_dominated OOB n=0 | RMSE=nan | Bias=nan | FracRMSE=nan | FracBias=nan | NoneBias=nan | FullBias=nan
Low-gradient eligible OOB rows (gradient_p84 <= 4.0): 27 / 369
low_gradient_p84 OOB n=27 | RMSE=0.1654 | Bias=-0.0205 | FracRMSE=0.2221 | FracBias=-0.0813 | NoneBias=0.0501 | FullBias=-0.0447
5.95s

=== Bootstrap 588/1000 ===

Chosen filter -> Eg_strong/Eg_weak >= 1.18, data_quantity >= 17 | CV acc=0.9319, CV bin acc=0.9739, n_rows(dedup)=881 | OOB acc=0.9428, OOB bin acc=0.9933, n_rows_test(dedup)=297 |
OOB cameras: ['bartlett', 'delta_junction', 'queens', 'sodankyla_full', 'tammela', 'wslcreek']
OOB n=335 | RMSE=0.1380 | Bias=-0.0075 | FracRMSE=0.3867 | FracBias=-0.0669 | NoneBias=0.0045 | FullBias=-0.0042
Aspect split eligible OOB rows (north/south facing fraction threshold = 0.75): 71 / 335
north_dominated OOB n=63 | RMSE=0.2231 | Bias=-0.0473 | FracRMSE=0.4426 | FracBias=-0.1862 | NoneBias=0.0000 | FullBias=0.0000
south_dominated OOB n=8 | RMSE=0.3005 | Bias=-0.1062 | FracRMSE=0.8500 | FracBias=-0.8500 | NoneBias=0.0000 | FullBias=0.0000
Low-gradient eligible OOB rows (gradient_p84 <= 4.0): 49 / 335
low_gradient_p84 OOB n=49 | RMSE=0.1055 | Bias=0.0042 | FracRMSE=0.2426 | FracBias=0.0088 | NoneBias=0.0063 | FullBias=0.0000
5.34s

=== Bootstrap 589/1000 ===

Chosen filter -> Eg_strong/Eg_weak >= 1.11, data_quantity >= 16 | CV acc=0.8942, CV bin acc=0.9611, n_rows(dedup)=926 | OOB acc=0.9425, OOB bin acc=0.9744, n_rows_test(dedup)=313 |
OOB cameras: ['bartlett', 'glees', 'hyytiala', 'oregon_yp', 'queens', 'torgnon']
OOB n=334 | RMSE=0.1612 | Bias=0.0161 | FracRMSE=0.3464 | FracBias=-0.2677 | NoneBias=0.0723 | FullBias=-0.0915
Aspect split eligible OOB rows (north/south facing fraction threshold = 0.75): 29 / 334
north_dominated OOB n=9 | RMSE=0.5051 | Bias=-0.3717 | FracRMSE=0.6101 | FracBias=-0.6053 | NoneBias=0.0000 | FullBias=-0.3823
south_dominated OOB n=20 | RMSE=0.1945 | Bias=-0.0417 | FracRMSE=0.8500 | FracBias=-0.8500 | NoneBias=0.0537 | FullBias=-0.0091
Low-gradient eligible OOB rows (gradient_p84 <= 4.0): 98 / 334
low_gradient_p84 OOB n=98 | RMSE=0.1596 | Bias=0.1014 | FracRMSE=0.2203 | FracBias=-0.1898 | NoneBias=0.1273 | FullBias=nan
5.69s

=== Bootstrap 590/1000 ===

Chosen filter -> Eg_strong/Eg_weak >= 1.05, data_quantity >= 14 | CV acc=0.9266, CV bin acc=0.9715, n_rows(dedup)=913 | OOB acc=0.9437, OOB bin acc=0.9827, n_rows_test(dedup)=462 |
OOB cameras: ['hyytiala', 'marcell_MN', 'old_jack_pine', 'oregon_yp', 'underc', 'underhill']
OOB n=516 | RMSE=0.1468 | Bias=0.0243 | FracRMSE=0.2725 | FracBias=-0.0688 | NoneBias=0.0542 | FullBias=-0.0191
Aspect split eligible OOB rows (north/south facing fraction threshold = 0.75): 5 / 516
north_dominated OOB n=4 | RMSE=0.1263 | Bias=0.0631 | FracRMSE=nan | FracBias=nan | NoneBias=0.1263 | FullBias=0.0000
south_dominated OOB n=1 | RMSE=0.0000 | Bias=0.0000 | FracRMSE=nan | FracBias=nan | NoneBias=0.0000 | FullBias=nan
Low-gradient eligible OOB rows (gradient_p84 <= 4.0): 139 / 516
low_gradient_p84 OOB n=139 | RMSE=0.1448 | Bias=0.0523 | FracRMSE=0.2620 | FracBias=-0.1780 | NoneBias=0.0841 | FullBias=0.0000
5.79s

=== Bootstrap 591/1000 ===

Chosen filter -> Eg_strong/Eg_weak >= 1.05, data_quantity >= 16 | CV acc=0.9341, CV bin acc=0.9905, n_rows(dedup)=1154 | OOB acc=0.9560, OOB bin acc=0.9591, n_rows_test(dedup)=318 |
OOB cameras: ['hyytiala', 'lacclair', 'old_jack_pine', 'queens', 'willowcreek', 'wslcreek']
OOB n=371 | RMSE=0.1560 | Bias=-0.0039 | FracRMSE=0.2893 | FracBias=-0.0917 | NoneBias=0.0304 | FullBias=-0.0349
Aspect split eligible OOB rows (north/south facing fraction threshold = 0.75): 24 / 371
north_dominated OOB n=20 | RMSE=0.0708 | Bias=0.0148 | FracRMSE=0.2238 | FracBias=0.1479 | NoneBias=nan | FullBias=0.0000
south_dominated OOB n=4 | RMSE=0.0000 | Bias=0.0000 | FracRMSE=nan | FracBias=nan | NoneBias=nan | FullBias=0.0000
Low-gradient eligible OOB rows (gradient_p84 <= 4.0): 43 / 371
low_gradient_p84 OOB n=43 | RMSE=0.1690 | Bias=-0.0432 | FracRMSE=0.3827 | FracBias=-0.2612 | NoneBias=0.0150 | FullBias=-0.0694
6.47s

=== Bootstrap 592/1000 ===

Chosen filter -> Eg_strong/Eg_weak >= 1.18, data_quantity >= 17 | CV acc=0.9501, CV bin acc=0.9907, n_rows(dedup)=861 | OOB acc=0.9045, OOB bin acc=0.9775, n_rows_test(dedup)=356 |
OOB cameras: ['lacclair', 'oregon_yp', 'sodankyla_full', 'torgnon', 'underc', 'willowcreek']
OOB n=415 | RMSE=0.1656 | Bias=0.0314 | FracRMSE=0.2484 | FracBias=-0.1208 | NoneBias=0.0842 | FullBias=-0.0204
Aspect split eligible OOB rows (north/south facing fraction threshold = 0.75): 13 / 415
north_dominated OOB n=9 | RMSE=0.0000 | Bias=0.0000 | FracRMSE=nan | FracBias=nan | NoneBias=0.0000 | FullBias=0.0000
south_dominated OOB n=4 | RMSE=0.0000 | Bias=0.0000 | FracRMSE=nan | FracBias=nan | NoneBias=0.0000 | FullBias=0.0000
Low-gradient eligible OOB rows (gradient_p84 <= 4.0): 129 / 415
low_gradient_p84 OOB n=129 | RMSE=0.1454 | Bias=0.0592 | FracRMSE=0.2533 | FracBias=-0.2120 | NoneBias=0.0961 | FullBias=-0.0283
5.58s

=== Bootstrap 593/1000 ===

Chosen filter -> Eg_strong/Eg_weak >= 1.25, data_quantity >= 16 | CV acc=0.9534, CV bin acc=0.9698, n_rows(dedup)=794 | OOB acc=0.9181, OOB bin acc=0.9976, n_rows_test(dedup)=415 |
OOB cameras: ['delta_junction', 'glees', 'lacclair', 'marcell_MN', 'oregon_yp', 'torgnon', 'underc', 'varrio']
OOB n=508 | RMSE=0.1410 | Bias=0.0283 | FracRMSE=0.2812 | FracBias=-0.0227 | NoneBias=0.0696 | FullBias=-0.0027
Aspect split eligible OOB rows (north/south facing fraction threshold = 0.75): 75 / 508
north_dominated OOB n=56 | RMSE=0.1247 | Bias=-0.0093 | FracRMSE=0.2782 | FracBias=-0.0600 | NoneBias=0.0070 | FullBias=0.0000
south_dominated OOB n=19 | RMSE=0.0202 | Bias=0.0066 | FracRMSE=nan | FracBias=nan | NoneBias=0.0416 | FullBias=0.0000
Low-gradient eligible OOB rows (gradient_p84 <= 4.0): 120 / 508
low_gradient_p84 OOB n=120 | RMSE=0.1482 | Bias=0.0605 | FracRMSE=0.2299 | FracBias=-0.1002 | NoneBias=0.0905 | FullBias=0.0000
5.41s

=== Bootstrap 594/1000 ===

Chosen filter -> Eg_strong/Eg_weak >= 1.20, data_quantity >= 9 | CV acc=0.9355, CV bin acc=0.9813, n_rows(dedup)=961 | OOB acc=0.8864, OOB bin acc=0.9817, n_rows_test(dedup)=273 |
OOB cameras: ['kenttarova', 'marcell_MN', 'old_jack_pine', 'underc']
OOB n=329 | RMSE=0.1453 | Bias=-0.0010 | FracRMSE=0.2621 | FracBias=-0.0341 | NoneBias=0.0225 | FullBias=-0.0104
Aspect split eligible OOB rows (north/south facing fraction threshold = 0.75): 40 / 329
north_dominated OOB n=27 | RMSE=0.0234 | Bias=0.0104 | FracRMSE=0.0430 | FracBias=0.0350 | NoneBias=0.0000 | FullBias=0.0000
south_dominated OOB n=13 | RMSE=0.0237 | Bias=0.0100 | FracRMSE=0.0493 | FracBias=0.0433 | NoneBias=0.0000 | FullBias=0.0000
Low-gradient eligible OOB rows (gradient_p84 <= 4.0): 49 / 329
low_gradient_p84 OOB n=49 | RMSE=0.1198 | Bias=-0.0205 | FracRMSE=0.2964 | FracBias=-0.1258 | NoneBias=0.0000 | FullBias=0.0000
5.6s

=== Bootstrap 595/1000 ===

Chosen filter -> Eg_strong/Eg_weak >= 1.09, data_quantity >= 16 | CV acc=0.9284, CV bin acc=0.9793, n_rows(dedup)=964 | OOB acc=0.8920, OOB bin acc=0.9602, n_rows_test(dedup)=176 |
OOB cameras: ['bartlett', 'glees', 'kenttarova', 'marcell_MN', 'underhill']
OOB n=202 | RMSE=0.1746 | Bias=-0.0295 | FracRMSE=0.3200 | FracBias=-0.1307 | NoneBias=0.0286 | FullBias=-0.0387
Aspect split eligible OOB rows (north/south facing fraction threshold = 0.75): 67 / 202
north_dominated OOB n=37 | RMSE=0.2585 | Bias=-0.0787 | FracRMSE=0.3493 | FracBias=-0.1659 | NoneBias=0.0302 | FullBias=-0.0847
south_dominated OOB n=30 | RMSE=0.1559 | Bias=-0.0264 | FracRMSE=0.4264 | FracBias=-0.1865 | NoneBias=0.0000 | FullBias=-0.0022
Low-gradient eligible OOB rows (gradient_p84 <= 4.0): 8 / 202
low_gradient_p84 OOB n=8 | RMSE=0.0244 | Bias=0.0117 | FracRMSE=0.0488 | FracBias=0.0470 | NoneBias=0.0000 | FullBias=0.0000
5.67s

=== Bootstrap 596/1000 ===

Chosen filter -> Eg_strong/Eg_weak >= 1.05, data_quantity >= 13 | CV acc=0.9380, CV bin acc=0.9741, n_rows(dedup)=1080 | OOB acc=0.8667, OOB bin acc=0.9704, n_rows_test(dedup)=270 |
OOB cameras: ['glees', 'queens', 'tammela', 'underc', 'varrio']
OOB n=290 | RMSE=0.1262 | Bias=0.0040 | FracRMSE=0.2676 | FracBias=-0.0133 | NoneBias=0.0299 | FullBias=-0.0155
Aspect split eligible OOB rows (north/south facing fraction threshold = 0.75): 41 / 290
north_dominated OOB n=22 | RMSE=0.0000 | Bias=0.0000 | FracRMSE=nan | FracBias=nan | NoneBias=0.0000 | FullBias=0.0000
south_dominated OOB n=19 | RMSE=0.0146 | Bias=0.0045 | FracRMSE=nan | FracBias=nan | NoneBias=0.0285 | FullBias=0.0000
Low-gradient eligible OOB rows (gradient_p84 <= 4.0): 1 / 290
low_gradient_p84 OOB n=1 | RMSE=0.0000 | Bias=0.0000 | FracRMSE=nan | FracBias=nan | NoneBias=nan | FullBias=0.0000
5.68s

=== Bootstrap 597/1000 ===

Chosen filter -> Eg_strong/Eg_weak >= 1.05, data_quantity >= 17 | CV acc=0.9182, CV bin acc=0.9783, n_rows(dedup)=966 | OOB acc=0.9642, OOB bin acc=0.9677, n_rows_test(dedup)=279 |
OOB cameras: ['bartlett', 'lacclair', 'oregon_yp', 'queens', 'tammela', 'wslcreek']
OOB n=334 | RMSE=0.1606 | Bias=0.0079 | FracRMSE=0.3623 | FracBias=-0.2517 | NoneBias=0.0668 | FullBias=-0.0276
Aspect split eligible OOB rows (north/south facing fraction threshold = 0.75): 42 / 334
north_dominated OOB n=30 | RMSE=0.2950 | Bias=-0.1082 | FracRMSE=0.5150 | FracBias=-0.3307 | NoneBias=0.0000 | FullBias=-0.0724
south_dominated OOB n=12 | RMSE=0.3472 | Bias=-0.1446 | FracRMSE=0.8500 | FracBias=-0.8500 | NoneBias=0.0000 | FullBias=-0.0039
Low-gradient eligible OOB rows (gradient_p84 <= 4.0): 97 / 334
low_gradient_p84 OOB n=97 | RMSE=0.1590 | Bias=0.0907 | FracRMSE=0.2439 | FracBias=-0.2079 | NoneBias=0.1175 | FullBias=nan
5.95s

=== Bootstrap 598/1000 ===

Chosen filter -> Eg_strong/Eg_weak >= 1.05, data_quantity >= 17 | CV acc=0.9159, CV bin acc=0.9803, n_rows(dedup)=761 | OOB acc=0.9394, OOB bin acc=0.9817, n_rows_test(dedup)=545 |
OOB cameras: ['bartlett', 'hyytiala', 'marcell_MN', 'oregon_yp', 'sodankyla_full', 'underc', 'underhill', 'varrio']
OOB n=593 | RMSE=0.1485 | Bias=0.0043 | FracRMSE=0.3531 | FracBias=-0.2194 | NoneBias=0.0522 | FullBias=-0.0323
Aspect split eligible OOB rows (north/south facing fraction threshold = 0.75): 49 / 593
north_dominated OOB n=37 | RMSE=0.2610 | Bias=-0.0883 | FracRMSE=0.6430 | FracBias=-0.6318 | NoneBias=0.0141 | FullBias=-0.0784
south_dominated OOB n=12 | RMSE=0.3475 | Bias=-0.1467 | FracRMSE=0.8500 | FracBias=-0.8500 | NoneBias=0.0000 | FullBias=-0.0076
Low-gradient eligible OOB rows (gradient_p84 <= 4.0): 125 / 593
low_gradient_p84 OOB n=125 | RMSE=0.1411 | Bias=0.0708 | FracRMSE=0.2384 | FracBias=-0.2084 | NoneBias=0.1052 | FullBias=0.0000
5.26s

=== Bootstrap 599/1000 ===

Chosen filter -> Eg_strong/Eg_weak >= 1.05, data_quantity >= 17 | CV acc=0.9248, CV bin acc=0.9734, n_rows(dedup)=864 | OOB acc=0.9449, OOB bin acc=0.9882, n_rows_test(dedup)=254 |
OOB cameras: ['hyytiala', 'sodankyla_full', 'torgnon', 'wslcreek']
OOB n=260 | RMSE=0.0672 | Bias=-0.0000 | FracRMSE=0.1903 | FracBias=-0.0131 | NoneBias=0.0120 | FullBias=-0.0158
Aspect split eligible OOB rows (north/south facing fraction threshold = 0.75): 27 / 260
north_dominated OOB n=24 | RMSE=0.0683 | Bias=0.0131 | FracRMSE=0.2366 | FracBias=0.1570 | NoneBias=0.0000 | FullBias=0.0000
south_dominated OOB n=3 | RMSE=0.0000 | Bias=0.0000 | FracRMSE=nan | FracBias=nan | NoneBias=0.0000 | FullBias=0.0000
Low-gradient eligible OOB rows (gradient_p84 <= 4.0): 28 / 260
low_gradient_p84 OOB n=28 | RMSE=0.0591 | Bias=0.0050 | FracRMSE=0.1709 | FracBias=-0.1709 | NoneBias=0.0240 | FullBias=0.0000
5.46s

=== Bootstrap 600/1000 ===

Chosen filter -> Eg_strong/Eg_weak >= 1.05, data_quantity >= 17 | CV acc=0.9297, CV bin acc=0.9753, n_rows(dedup)=811 | OOB acc=0.9416, OOB bin acc=0.9947, n_rows_test(dedup)=377 |
OOB cameras: ['kenttarova', 'old_jack_pine', 'sodankyla_full', 'varrio', 'wslcreek']
OOB n=421 | RMSE=0.0908 | Bias=0.0028 | FracRMSE=0.2360 | FracBias=-0.0105 | NoneBias=0.0123 | FullBias=-0.0029
Aspect split eligible OOB rows (north/south facing fraction threshold = 0.75): 84 / 421
north_dominated OOB n=68 | RMSE=0.0425 | Bias=0.0079 | FracRMSE=0.1237 | FracBias=0.0654 | NoneBias=0.0008 | FullBias=0.0000
south_dominated OOB n=16 | RMSE=0.0152 | Bias=0.0044 | FracRMSE=0.0430 | FracBias=0.0350 | NoneBias=0.0000 | FullBias=0.0000
Low-gradient eligible OOB rows (gradient_p84 <= 4.0): 73 / 421
low_gradient_p84 OOB n=73 | RMSE=0.0960 | Bias=-0.0090 | FracRMSE=0.2936 | FracBias=-0.1503 | NoneBias=0.0095 | FullBias=-0.0002
5.2s

=== Bootstrap 601/1000 ===

Chosen filter -> Eg_strong/Eg_weak >= 1.05, data_quantity >= 17 | CV acc=0.8681, CV bin acc=0.9479, n_rows(dedup)=652 | OOB acc=0.8814, OOB bin acc=0.9927, n_rows_test(dedup)=683 |
OOB cameras: ['delta_junction', 'kenttarova', 'lacclair', 'marcell_MN', 'old_jack_pine', 'oregon_yp', 'queens', 'sodankyla_full', 'tammela', 'varrio']
OOB n=801 | RMSE=0.1130 | Bias=0.0169 | FracRMSE=0.2427 | FracBias=-0.0483 | NoneBias=0.0468 | FullBias=-0.0064
Aspect split eligible OOB rows (north/south facing fraction threshold = 0.75): 104 / 801
north_dominated OOB n=86 | RMSE=0.1001 | Bias=0.0002 | FracRMSE=0.2172 | FracBias=-0.0217 | NoneBias=0.0134 | FullBias=-0.0005
south_dominated OOB n=18 | RMSE=0.0143 | Bias=0.0039 | FracRMSE=0.0430 | FracBias=0.0350 | NoneBias=0.0000 | FullBias=0.0000
Low-gradient eligible OOB rows (gradient_p84 <= 4.0): 191 / 801
low_gradient_p84 OOB n=191 | RMSE=0.1410 | Bias=0.0586 | FracRMSE=0.2140 | FracBias=-0.0949 | NoneBias=0.0981 | FullBias=-0.0051
4.78s

=== Bootstrap 602/1000 ===

Chosen filter -> Eg_strong/Eg_weak >= 1.09, data_quantity >= 17 | CV acc=0.9218, CV bin acc=0.9742, n_rows(dedup)=1125 | OOB acc=0.9303, OOB bin acc=0.9965, n_rows_test(dedup)=287 |
OOB cameras: ['delta_junction', 'kenttarova', 'lacclair', 'oregon_yp', 'queens', 'torgnon']
OOB n=376 | RMSE=0.1279 | Bias=0.0243 | FracRMSE=0.2355 | FracBias=-0.0403 | NoneBias=0.0601 | FullBias=-0.0039
Aspect split eligible OOB rows (north/south facing fraction threshold = 0.75): 76 / 376
north_dominated OOB n=61 | RMSE=0.1171 | Bias=-0.0074 | FracRMSE=0.2170 | FracBias=-0.0410 | NoneBias=0.0133 | FullBias=-0.0009
south_dominated OOB n=15 | RMSE=0.0157 | Bias=0.0047 | FracRMSE=0.0430 | FracBias=0.0350 | NoneBias=0.0000 | FullBias=0.0000
Low-gradient eligible OOB rows (gradient_p84 <= 4.0): 125 / 376
low_gradient_p84 OOB n=125 | RMSE=0.1378 | Bias=0.0541 | FracRMSE=0.2155 | FracBias=-0.1061 | NoneBias=0.0856 | FullBias=0.0000
6.11s

=== Bootstrap 603/1000 ===

Chosen filter -> Eg_strong/Eg_weak >= 1.28, data_quantity >= 13 | CV acc=0.9160, CV bin acc=0.9740, n_rows(dedup)=1000 | OOB acc=0.9038, OOB bin acc=0.9904, n_rows_test(dedup)=208 |
OOB cameras: ['bartlett', 'delta_junction', 'glees', 'underhill', 'varrio']
OOB n=249 | RMSE=0.1647 | Bias=-0.0119 | FracRMSE=0.3879 | FracBias=-0.1117 | NoneBias=0.0235 | FullBias=-0.0048
Aspect split eligible OOB rows (north/south facing fraction threshold = 0.75): 88 / 249
north_dominated OOB n=64 | RMSE=0.2109 | Bias=-0.0609 | FracRMSE=0.4292 | FracBias=-0.2789 | NoneBias=0.0144 | FullBias=0.0000
south_dominated OOB n=24 | RMSE=0.1735 | Bias=-0.0354 | FracRMSE=0.8500 | FracBias=-0.8500 | NoneBias=0.0000 | FullBias=0.0000
Low-gradient eligible OOB rows (gradient_p84 <= 4.0): 24 / 249
low_gradient_p84 OOB n=24 | RMSE=0.1239 | Bias=-0.0281 | FracRMSE=0.2146 | FracBias=-0.0843 | NoneBias=0.0000 | FullBias=0.0000
5.75s

=== Bootstrap 604/1000 ===

Chosen filter -> Eg_strong/Eg_weak >= 1.07, data_quantity >= 13 | CV acc=0.9460, CV bin acc=0.9881, n_rows(dedup)=1092 | OOB acc=0.9362, OOB bin acc=0.9681, n_rows_test(dedup)=345 |
OOB cameras: ['bartlett', 'delta_junction', 'marcell_MN', 'oregon_yp', 'underhill', 'willowcreek']
OOB n=402 | RMSE=0.2049 | Bias=0.0085 | FracRMSE=0.3536 | FracBias=-0.1396 | NoneBias=0.0676 | FullBias=-0.0474
Aspect split eligible OOB rows (north/south facing fraction threshold = 0.75): 56 / 402
north_dominated OOB n=47 | RMSE=0.2653 | Bias=-0.0863 | FracRMSE=0.3983 | FracBias=-0.2244 | NoneBias=0.0235 | FullBias=-0.0727
south_dominated OOB n=9 | RMSE=0.4007 | Bias=-0.1889 | FracRMSE=0.8500 | FracBias=-0.8500 | NoneBias=0.0000 | FullBias=0.0000
Low-gradient eligible OOB rows (gradient_p84 <= 4.0): 126 / 402
low_gradient_p84 OOB n=126 | RMSE=0.1388 | Bias=0.0373 | FracRMSE=0.2368 | FracBias=-0.1296 | NoneBias=0.0724 | FullBias=-0.0606
5.84s

=== Bootstrap 605/1000 ===

Chosen filter -> Eg_strong/Eg_weak >= 1.05, data_quantity >= 15 | CV acc=0.9605, CV bin acc=0.9901, n_rows(dedup)=1215 | OOB acc=0.8693, OOB bin acc=0.9216, n_rows_test(dedup)=153 |
OOB cameras: ['bartlett', 'delta_junction', 'underhill', 'willowcreek']
OOB n=190 | RMSE=0.2673 | Bias=-0.0212 | FracRMSE=0.4173 | FracBias=-0.1383 | NoneBias=0.0656 | FullBias=-0.0604
Aspect split eligible OOB rows (north/south facing fraction threshold = 0.75): 54 / 190
north_dominated OOB n=45 | RMSE=0.2868 | Bias=-0.1086 | FracRMSE=0.4327 | FracBias=-0.2646 | NoneBias=0.0052 | FullBias=-0.0846
south_dominated OOB n=9 | RMSE=0.4007 | Bias=-0.1889 | FracRMSE=0.8500 | FracBias=-0.8500 | NoneBias=0.0000 | FullBias=0.0000
Low-gradient eligible OOB rows (gradient_p84 <= 4.0): 26 / 190
low_gradient_p84 OOB n=26 | RMSE=0.1445 | Bias=-0.0347 | FracRMSE=0.2253 | FracBias=-0.0918 | NoneBias=0.0223 | FullBias=-0.0490
6.44s

=== Bootstrap 606/1000 ===

Chosen filter -> Eg_strong/Eg_weak >= 1.05, data_quantity >= 16 | CV acc=0.9474, CV bin acc=0.9803, n_rows(dedup)=1217 | OOB acc=0.9384, OOB bin acc=0.9883, n_rows_test(dedup)=341 |
OOB cameras: ['marcell_MN', 'old_jack_pine', 'sodankyla_full', 'torgnon', 'underc', 'underhill']
OOB n=379 | RMSE=0.1461 | Bias=0.0068 | FracRMSE=0.3263 | FracBias=-0.0543 | NoneBias=0.0275 | FullBias=-0.0014
Aspect split eligible OOB rows (north/south facing fraction threshold = 0.75): 10 / 379
north_dominated OOB n=8 | RMSE=0.0408 | Bias=0.0144 | FracRMSE=nan | FracBias=nan | NoneBias=0.0231 | FullBias=0.0000
south_dominated OOB n=2 | RMSE=0.0000 | Bias=0.0000 | FracRMSE=nan | FracBias=nan | NoneBias=0.0000 | FullBias=0.0000
Low-gradient eligible OOB rows (gradient_p84 <= 4.0): 67 / 379
low_gradient_p84 OOB n=67 | RMSE=0.1057 | Bias=-0.0144 | FracRMSE=0.3232 | FracBias=-0.1567 | NoneBias=0.0035 | FullBias=0.0000
6.51s

=== Bootstrap 607/1000 ===

Chosen filter -> Eg_strong/Eg_weak >= 1.28, data_quantity >= 13 | CV acc=0.9157, CV bin acc=0.9820, n_rows(dedup)=1281 | OOB acc=0.9511, OOB bin acc=0.9707, n_rows_test(dedup)=307 |
OOB cameras: ['bartlett', 'hyytiala', 'kenttarova', 'queens', 'tammela', 'torgnon', 'varrio']
OOB n=337 | RMSE=0.1193 | Bias=-0.0220 | FracRMSE=0.3446 | FracBias=-0.1468 | NoneBias=0.0036 | FullBias=-0.0301
Aspect split eligible OOB rows (north/south facing fraction threshold = 0.75): 76 / 337
north_dominated OOB n=53 | RMSE=0.1862 | Bias=-0.0451 | FracRMSE=0.4083 | FracBias=-0.2231 | NoneBias=0.0057 | FullBias=0.0000
south_dominated OOB n=23 | RMSE=0.2082 | Bias=-0.0570 | FracRMSE=0.4453 | FracBias=-0.2476 | NoneBias=0.0000 | FullBias=-0.0049
Low-gradient eligible OOB rows (gradient_p84 <= 4.0): 10 / 337
low_gradient_p84 OOB n=10 | RMSE=0.0255 | Bias=0.0114 | FracRMSE=0.0571 | FracBias=0.0570 | NoneBias=0.0000 | FullBias=0.0000
6.56s

=== Bootstrap 608/1000 ===

Chosen filter -> Eg_strong/Eg_weak >= 1.05, data_quantity >= 9 | CV acc=0.9561, CV bin acc=0.9743, n_rows(dedup)=1322 | OOB acc=0.8342, OOB bin acc=0.9759, n_rows_test(dedup)=374 |
OOB cameras: ['glees', 'lacclair', 'queens', 'sodankyla_full', 'underc', 'underhill', 'varrio']
OOB n=432 | RMSE=0.1379 | Bias=0.0006 | FracRMSE=0.2834 | FracBias=-0.1062 | NoneBias=0.0391 | FullBias=-0.0105
Aspect split eligible OOB rows (north/south facing fraction threshold = 0.75): 59 / 432
north_dominated OOB n=34 | RMSE=0.0387 | Bias=0.0066 | FracRMSE=nan | FracBias=nan | NoneBias=0.0188 | FullBias=0.0000
south_dominated OOB n=25 | RMSE=0.0000 | Bias=0.0000 | FracRMSE=nan | FracBias=nan | NoneBias=0.0000 | FullBias=0.0000
Low-gradient eligible OOB rows (gradient_p84 <= 4.0): 30 / 432
low_gradient_p84 OOB n=30 | RMSE=0.0343 | Bias=0.0045 | FracRMSE=0.0469 | FracBias=-0.0469 | NoneBias=0.0140 | FullBias=0.0000
6.38s

=== Bootstrap 609/1000 ===

Chosen filter -> Eg_strong/Eg_weak >= 1.07, data_quantity >= 17 | CV acc=0.9102, CV bin acc=0.9675, n_rows(dedup)=924 | OOB acc=0.9602, OOB bin acc=0.9832, n_rows_test(dedup)=477 |
OOB cameras: ['delta_junction', 'old_jack_pine', 'sodankyla_full', 'tammela', 'underhill', 'varrio', 'willowcreek']
OOB n=532 | RMSE=0.1550 | Bias=0.0116 | FracRMSE=0.3272 | FracBias=-0.0085 | NoneBias=0.0314 | FullBias=-0.0087
Aspect split eligible OOB rows (north/south facing fraction threshold = 0.75): 64 / 532
north_dominated OOB n=60 | RMSE=0.1558 | Bias=-0.0150 | FracRMSE=0.3400 | FracBias=-0.1209 | NoneBias=0.0179 | FullBias=0.0000
south_dominated OOB n=4 | RMSE=0.0000 | Bias=0.0000 | FracRMSE=nan | FracBias=nan | NoneBias=0.0000 | FullBias=0.0000
Low-gradient eligible OOB rows (gradient_p84 <= 4.0): 90 / 532
low_gradient_p84 OOB n=90 | RMSE=0.1254 | Bias=-0.0084 | FracRMSE=0.2792 | FracBias=-0.0972 | NoneBias=0.0166 | FullBias=-0.0054
5.49s

=== Bootstrap 610/1000 ===

Chosen filter -> Eg_strong/Eg_weak >= 1.14, data_quantity >= 15 | CV acc=0.9481, CV bin acc=0.9817, n_rows(dedup)=982 | OOB acc=0.9120, OOB bin acc=0.9542, n_rows_test(dedup)=284 |
OOB cameras: ['bartlett', 'delta_junction', 'lacclair', 'oregon_yp', 'torgnon', 'willowcreek']
OOB n=364 | RMSE=0.1948 | Bias=-0.0177 | FracRMSE=0.3598 | FracBias=-0.1515 | NoneBias=0.0297 | FullBias=-0.0390
Aspect split eligible OOB rows (north/south facing fraction threshold = 0.75): 52 / 364
north_dominated OOB n=44 | RMSE=0.3087 | Bias=-0.1074 | FracRMSE=0.4539 | FracBias=-0.2264 | NoneBias=0.0000 | FullBias=-0.1037
south_dominated OOB n=8 | RMSE=0.3005 | Bias=-0.1062 | FracRMSE=0.8500 | FracBias=-0.8500 | NoneBias=nan | FullBias=0.0000
Low-gradient eligible OOB rows (gradient_p84 <= 4.0): 124 / 364
low_gradient_p84 OOB n=124 | RMSE=0.1102 | Bias=-0.0056 | FracRMSE=0.2747 | FracBias=-0.1453 | NoneBias=0.0174 | FullBias=-0.0143
5.7s

=== Bootstrap 611/1000 ===

Chosen filter -> Eg_strong/Eg_weak >= 1.21, data_quantity >= 17 | CV acc=0.9308, CV bin acc=0.9859, n_rows(dedup)=852 | OOB acc=0.9233, OOB bin acc=0.9744, n_rows_test(dedup)=313 |
OOB cameras: ['glees', 'lacclair', 'old_jack_pine', 'sodankyla_full', 'willowcreek']
OOB n=362 | RMSE=0.1659 | Bias=0.0078 | FracRMSE=0.3072 | FracBias=-0.0885 | NoneBias=0.0520 | FullBias=-0.0203
Aspect split eligible OOB rows (north/south facing fraction threshold = 0.75): 23 / 362
north_dominated OOB n=8 | RMSE=0.0000 | Bias=0.0000 | FracRMSE=nan | FracBias=nan | NoneBias=0.0000 | FullBias=0.0000
south_dominated OOB n=15 | RMSE=0.0174 | Bias=0.0046 | FracRMSE=nan | FracBias=nan | NoneBias=0.0174 | FullBias=0.0000
Low-gradient eligible OOB rows (gradient_p84 <= 4.0): 68 / 362
low_gradient_p84 OOB n=68 | RMSE=0.1449 | Bias=-0.0188 | FracRMSE=0.3573 | FracBias=-0.2421 | NoneBias=0.0247 | FullBias=-0.0319
5.68s

=== Bootstrap 612/1000 ===

Chosen filter -> Eg_strong/Eg_weak >= 1.28, data_quantity >= 14 | CV acc=0.9079, CV bin acc=0.9737, n_rows(dedup)=836 | OOB acc=0.9234, OOB bin acc=0.9876, n_rows_test(dedup)=483 |
OOB cameras: ['glees', 'hyytiala', 'kenttarova', 'old_jack_pine', 'sodankyla_full', 'torgnon', 'varrio']
OOB n=529 | RMSE=0.0931 | Bias=-0.0046 | FracRMSE=0.2399 | FracBias=-0.0622 | NoneBias=0.0135 | FullBias=-0.0133
Aspect split eligible OOB rows (north/south facing fraction threshold = 0.75): 85 / 529
north_dominated OOB n=52 | RMSE=0.0148 | Bias=0.0045 | FracRMSE=0.0400 | FracBias=0.0314 | NoneBias=0.0011 | FullBias=0.0000
south_dominated OOB n=33 | RMSE=0.0727 | Bias=-0.0076 | FracRMSE=0.2073 | FracBias=-0.0775 | NoneBias=0.0086 | FullBias=0.0000
Low-gradient eligible OOB rows (gradient_p84 <= 4.0): 77 / 529
low_gradient_p84 OOB n=77 | RMSE=0.1086 | Bias=-0.0175 | FracRMSE=0.3056 | FracBias=-0.1802 | NoneBias=0.0089 | FullBias=-0.0033
5.5s

=== Bootstrap 613/1000 ===

Chosen filter -> Eg_strong/Eg_weak >= 1.05, data_quantity >= 13 | CV acc=0.9555, CV bin acc=0.9858, n_rows(dedup)=1057 | OOB acc=0.9238, OOB bin acc=0.9757, n_rows_test(dedup)=617 |
OOB cameras: ['delta_junction', 'glees', 'hyytiala', 'queens', 'sodankyla_full', 'tammela', 'underhill', 'varrio', 'willowcreek', 'wslcreek']
OOB n=659 | RMSE=0.1430 | Bias=0.0134 | FracRMSE=0.3017 | FracBias=0.0019 | NoneBias=0.0414 | FullBias=-0.0162
Aspect split eligible OOB rows (north/south facing fraction threshold = 0.75): 106 / 659
north_dominated OOB n=83 | RMSE=0.1329 | Bias=-0.0096 | FracRMSE=0.3000 | FracBias=-0.1034 | NoneBias=0.0219 | FullBias=0.0000
south_dominated OOB n=23 | RMSE=0.0286 | Bias=0.0079 | FracRMSE=nan | FracBias=nan | NoneBias=0.0364 | FullBias=0.0000
Low-gradient eligible OOB rows (gradient_p84 <= 4.0): 57 / 659
low_gradient_p84 OOB n=57 | RMSE=0.1343 | Bias=-0.0136 | FracRMSE=0.2123 | FracBias=-0.1139 | NoneBias=0.0392 | FullBias=-0.0262
5.88s

=== Bootstrap 614/1000 ===

Chosen filter -> Eg_strong/Eg_weak >= 1.11, data_quantity >= 10 | CV acc=0.9071, CV bin acc=0.9838, n_rows(dedup)=1109 | OOB acc=0.9128, OOB bin acc=0.9732, n_rows_test(dedup)=447 |
OOB cameras: ['glees', 'hyytiala', 'oregon_yp', 'queens', 'tammela', 'underc', 'underhill']
OOB n=478 | RMSE=0.1479 | Bias=0.0295 | FracRMSE=0.2134 | FracBias=-0.1037 | NoneBias=0.0727 | FullBias=-0.0527
Aspect split eligible OOB rows (north/south facing fraction threshold = 0.75): 24 / 478
north_dominated OOB n=5 | RMSE=0.1508 | Bias=0.0761 | FracRMSE=nan | FracBias=nan | NoneBias=0.1268 | FullBias=0.0000
south_dominated OOB n=19 | RMSE=0.0594 | Bias=0.0060 | FracRMSE=nan | FracBias=nan | NoneBias=0.0700 | FullBias=-0.0111
Low-gradient eligible OOB rows (gradient_p84 <= 4.0): 99 / 478
low_gradient_p84 OOB n=99 | RMSE=0.1537 | Bias=0.0915 | FracRMSE=0.2301 | FracBias=-0.2003 | NoneBias=0.1172 | FullBias=nan
6.12s

=== Bootstrap 615/1000 ===

Chosen filter -> Eg_strong/Eg_weak >= 1.28, data_quantity >= 14 | CV acc=0.9478, CV bin acc=0.9863, n_rows(dedup)=1093 | OOB acc=0.9205, OOB bin acc=0.9761, n_rows_test(dedup)=503 |
OOB cameras: ['bartlett', 'delta_junction', 'glees', 'kenttarova', 'marcell_MN', 'old_jack_pine', 'queens', 'sodankyla_full', 'willowcreek']
OOB n=579 | RMSE=0.1609 | Bias=-0.0156 | FracRMSE=0.3166 | FracBias=-0.1066 | NoneBias=0.0269 | FullBias=-0.0271
Aspect split eligible OOB rows (north/south facing fraction threshold = 0.75): 104 / 579
north_dominated OOB n=70 | RMSE=0.1784 | Bias=-0.0544 | FracRMSE=0.3252 | FracBias=-0.1773 | NoneBias=0.0000 | FullBias=-0.0033
south_dominated OOB n=34 | RMSE=0.1475 | Bias=-0.0264 | FracRMSE=0.4302 | FracBias=-0.2245 | NoneBias=0.0000 | FullBias=0.0000
Low-gradient eligible OOB rows (gradient_p84 <= 4.0): 103 / 579
low_gradient_p84 OOB n=103 | RMSE=0.1388 | Bias=-0.0374 | FracRMSE=0.2896 | FracBias=-0.1950 | NoneBias=0.0111 | FullBias=-0.0315
6.05s

=== Bootstrap 616/1000 ===

Chosen filter -> Eg_strong/Eg_weak >= 1.05, data_quantity >= 17 | CV acc=0.9113, CV bin acc=0.9606, n_rows(dedup)=913 | OOB acc=0.9766, OOB bin acc=0.9915, n_rows_test(dedup)=470 |
OOB cameras: ['hyytiala', 'kenttarova', 'marcell_MN', 'oregon_yp', 'queens', 'sodankyla_full']
OOB n=506 | RMSE=0.1029 | Bias=0.0217 | FracRMSE=0.1719 | FracBias=-0.0882 | NoneBias=0.0523 | FullBias=-0.0217
Aspect split eligible OOB rows (north/south facing fraction threshold = 0.75): 45 / 506
north_dominated OOB n=32 | RMSE=0.0339 | Bias=0.0128 | FracRMSE=0.0430 | FracBias=0.0350 | NoneBias=0.0181 | FullBias=0.0000
south_dominated OOB n=13 | RMSE=0.0169 | Bias=0.0054 | FracRMSE=0.0430 | FracBias=0.0350 | NoneBias=0.0000 | FullBias=0.0000
Low-gradient eligible OOB rows (gradient_p84 <= 4.0): 132 / 506
low_gradient_p84 OOB n=132 | RMSE=0.1456 | Bias=0.0771 | FracRMSE=0.2167 | FracBias=-0.1666 | NoneBias=0.1117 | FullBias=0.0000
5.55s

=== Bootstrap 617/1000 ===

Chosen filter -> Eg_strong/Eg_weak >= 1.18, data_quantity >= 9 | CV acc=0.9312, CV bin acc=0.9834, n_rows(dedup)=901 | OOB acc=0.8828, OOB bin acc=0.9728, n_rows_test(dedup)=478 |
OOB cameras: ['glees', 'kenttarova', 'lacclair', 'old_jack_pine', 'queens', 'sodankyla_full', 'underc', 'willowcreek']
OOB n=565 | RMSE=0.1581 | Bias=0.0162 | FracRMSE=0.2552 | FracBias=0.0001 | NoneBias=0.0540 | FullBias=-0.0115
Aspect split eligible OOB rows (north/south facing fraction threshold = 0.75): 71 / 565
north_dominated OOB n=37 | RMSE=0.0200 | Bias=0.0076 | FracRMSE=0.0430 | FracBias=0.0350 | NoneBias=0.0000 | FullBias=0.0000
south_dominated OOB n=34 | RMSE=0.0249 | Bias=0.0080 | FracRMSE=0.0493 | FracBias=0.0433 | NoneBias=0.0202 | FullBias=0.0000
Low-gradient eligible OOB rows (gradient_p84 <= 4.0): 82 / 565
low_gradient_p84 OOB n=82 | RMSE=0.1253 | Bias=-0.0057 | FracRMSE=0.2832 | FracBias=-0.1268 | NoneBias=0.0228 | FullBias=-0.0114
5.59s

=== Bootstrap 618/1000 ===

Chosen filter -> Eg_strong/Eg_weak >= 1.05, data_quantity >= 14 | CV acc=0.8952, CV bin acc=0.9710, n_rows(dedup)=897 | OOB acc=0.9323, OOB bin acc=0.9677, n_rows_test(dedup)=310 |
OOB cameras: ['bartlett', 'glees', 'lacclair', 'marcell_MN', 'old_jack_pine', 'varrio']
OOB n=377 | RMSE=0.1559 | Bias=-0.0238 | FracRMSE=0.4132 | FracBias=-0.2045 | NoneBias=0.0087 | FullBias=-0.0117
Aspect split eligible OOB rows (north/south facing fraction threshold = 0.75): 61 / 377
north_dominated OOB n=33 | RMSE=0.2966 | Bias=-0.1123 | FracRMSE=0.7204 | FracBias=-0.7054 | NoneBias=0.0000 | FullBias=-0.0722
south_dominated OOB n=28 | RMSE=0.2272 | Bias=-0.0607 | FracRMSE=0.8500 | FracBias=-0.8500 | NoneBias=0.0000 | FullBias=0.0000
Low-gradient eligible OOB rows (gradient_p84 <= 4.0): 42 / 377
low_gradient_p84 OOB n=42 | RMSE=0.1289 | Bias=-0.0281 | FracRMSE=0.3410 | FracBias=-0.1970 | NoneBias=0.0000 | FullBias=0.0000
5.31s

=== Bootstrap 619/1000 ===

Chosen filter -> Eg_strong/Eg_weak >= 1.05, data_quantity >= 16 | CV acc=0.8660, CV bin acc=0.9751, n_rows(dedup)=843 | OOB acc=0.9647, OOB bin acc=0.9833, n_rows_test(dedup)=538 |
OOB cameras: ['bartlett', 'glees', 'hyytiala', 'old_jack_pine', 'oregon_yp', 'tammela', 'varrio']
OOB n=587 | RMSE=0.1436 | Bias=0.0052 | FracRMSE=0.3535 | FracBias=-0.1968 | NoneBias=0.0481 | FullBias=-0.0417
Aspect split eligible OOB rows (north/south facing fraction threshold = 0.75): 54 / 587
north_dominated OOB n=30 | RMSE=0.2791 | Bias=-0.1125 | FracRMSE=0.6163 | FracBias=-0.6113 | NoneBias=0.0000 | FullBias=-0.0855
south_dominated OOB n=24 | RMSE=0.2478 | Bias=-0.0708 | FracRMSE=0.8500 | FracBias=-0.8500 | NoneBias=0.0350 | FullBias=-0.0077
Low-gradient eligible OOB rows (gradient_p84 <= 4.0): 137 / 587
low_gradient_p84 OOB n=137 | RMSE=0.1470 | Bias=0.0626 | FracRMSE=0.2587 | FracBias=-0.1985 | NoneBias=0.0996 | FullBias=-0.0120
5.66s

=== Bootstrap 620/1000 ===

Chosen filter -> Eg_strong/Eg_weak >= 1.05, data_quantity >= 17 | CV acc=0.9025, CV bin acc=0.9756, n_rows(dedup)=985 | OOB acc=0.9274, OOB bin acc=0.9731, n_rows_test(dedup)=372 |
OOB cameras: ['bartlett', 'lacclair', 'old_jack_pine', 'queens', 'sodankyla_full', 'tammela', 'torgnon', 'wslcreek']
OOB n=432 | RMSE=0.1421 | Bias=-0.0189 | FracRMSE=0.3922 | FracBias=-0.1897 | NoneBias=0.0094 | FullBias=-0.0146
Aspect split eligible OOB rows (north/south facing fraction threshold = 0.75): 49 / 432
north_dominated OOB n=35 | RMSE=0.2867 | Bias=-0.0985 | FracRMSE=0.5439 | FracBias=-0.3630 | NoneBias=0.0000 | FullBias=-0.0680
south_dominated OOB n=14 | RMSE=0.3213 | Bias=-0.1214 | FracRMSE=0.8500 | FracBias=-0.8500 | NoneBias=0.0000 | FullBias=0.0000
Low-gradient eligible OOB rows (gradient_p84 <= 4.0): 66 / 432
low_gradient_p84 OOB n=66 | RMSE=0.0978 | Bias=-0.0126 | FracRMSE=0.3103 | FracBias=-0.1895 | NoneBias=0.0097 | FullBias=-0.0028
5.72s

=== Bootstrap 621/1000 ===

Chosen filter -> Eg_strong/Eg_weak >= 1.05, data_quantity >= 14 | CV acc=0.8989, CV bin acc=0.9539, n_rows(dedup)=1019 | OOB acc=0.9039, OOB bin acc=0.9850, n_rows_test(dedup)=333 |
OOB cameras: ['bartlett', 'delta_junction', 'glees', 'sodankyla_full', 'tammela', 'torgnon']
OOB n=373 | RMSE=0.1432 | Bias=-0.0157 | FracRMSE=0.3762 | FracBias=-0.1245 | NoneBias=0.0100 | FullBias=-0.0154
Aspect split eligible OOB rows (north/south facing fraction threshold = 0.75): 74 / 373
north_dominated OOB n=48 | RMSE=0.2582 | Bias=-0.0918 | FracRMSE=0.3892 | FracBias=-0.2178 | NoneBias=0.0024 | FullBias=-0.0936
south_dominated OOB n=26 | RMSE=0.2469 | Bias=-0.0798 | FracRMSE=0.7268 | FracBias=-0.6912 | NoneBias=0.0000 | FullBias=0.0000
Low-gradient eligible OOB rows (gradient_p84 <= 4.0): 52 / 373
low_gradient_p84 OOB n=52 | RMSE=0.0870 | Bias=-0.0038 | FracRMSE=0.1931 | FracBias=-0.0520 | NoneBias=0.0128 | FullBias=0.0000
5.42s

=== Bootstrap 622/1000 ===

Chosen filter -> Eg_strong/Eg_weak >= 1.11, data_quantity >= 16 | CV acc=0.9206, CV bin acc=0.9628, n_rows(dedup)=1235 | OOB acc=0.9402, OOB bin acc=0.9767, n_rows_test(dedup)=301 |
OOB cameras: ['bartlett', 'glees', 'kenttarova', 'oregon_yp', 'torgnon', 'underhill', 'wslcreek']
OOB n=342 | RMSE=0.1562 | Bias=0.0161 | FracRMSE=0.2647 | FracBias=-0.1239 | NoneBias=0.0776 | FullBias=-0.0305
Aspect split eligible OOB rows (north/south facing fraction threshold = 0.75): 88 / 342
north_dominated OOB n=56 | RMSE=0.2119 | Bias=-0.0459 | FracRMSE=0.3228 | FracBias=-0.1135 | NoneBias=0.0332 | FullBias=-0.0453
south_dominated OOB n=32 | RMSE=0.1512 | Bias=-0.0218 | FracRMSE=0.4271 | FracBias=-0.1800 | NoneBias=0.0073 | FullBias=-0.0009
Low-gradient eligible OOB rows (gradient_p84 <= 4.0): 106 / 342
low_gradient_p84 OOB n=106 | RMSE=0.1443 | Bias=0.0707 | FracRMSE=0.2328 | FracBias=-0.1659 | NoneBias=0.0974 | FullBias=0.0000
6.56s

=== Bootstrap 623/1000 ===

Chosen filter -> Eg_strong/Eg_weak >= 1.05, data_quantity >= 13 | CV acc=0.9334, CV bin acc=0.9730, n_rows(dedup)=1111 | OOB acc=0.8675, OOB bin acc=0.9608, n_rows_test(dedup)=332 |
OOB cameras: ['glees', 'hyytiala', 'marcell_MN', 'queens', 'underc', 'underhill', 'wslcreek']
OOB n=353 | RMSE=0.1569 | Bias=0.0147 | FracRMSE=0.2529 | FracBias=0.0056 | NoneBias=0.0635 | FullBias=-0.0336
Aspect split eligible OOB rows (north/south facing fraction threshold = 0.75): 40 / 353
north_dominated OOB n=21 | RMSE=0.1300 | Bias=0.0391 | FracRMSE=0.2849 | FracBias=0.1912 | NoneBias=0.4391 | FullBias=0.0000
south_dominated OOB n=19 | RMSE=0.0494 | Bias=0.0165 | FracRMSE=nan | FracBias=nan | NoneBias=0.0782 | FullBias=0.0000
Low-gradient eligible OOB rows (gradient_p84 <= 4.0): 0 / 353
low_gradient_p84 OOB n=0 | RMSE=nan | Bias=nan | FracRMSE=nan | FracBias=nan | NoneBias=nan | FullBias=nan
5.87s

=== Bootstrap 624/1000 ===

Chosen filter -> Eg_strong/Eg_weak >= 1.05, data_quantity >= 16 | CV acc=0.9280, CV bin acc=0.9838, n_rows(dedup)=1111 | OOB acc=0.9656, OOB bin acc=0.9733, n_rows_test(dedup)=262 |
OOB cameras: ['lacclair', 'oregon_yp', 'queens', 'underhill', 'willowcreek', 'wslcreek']
OOB n=311 | RMSE=0.1764 | Bias=0.0355 | FracRMSE=0.2331 | FracBias=-0.1459 | NoneBias=0.0940 | FullBias=-0.0306
Aspect split eligible OOB rows (north/south facing fraction threshold = 0.75): 27 / 311
north_dominated OOB n=23 | RMSE=0.1029 | Bias=0.0294 | FracRMSE=0.2601 | FracBias=0.1737 | NoneBias=0.1646 | FullBias=0.0000
south_dominated OOB n=4 | RMSE=0.0000 | Bias=0.0000 | FracRMSE=nan | FracBias=nan | NoneBias=nan | FullBias=0.0000
Low-gradient eligible OOB rows (gradient_p84 <= 4.0): 102 / 311
low_gradient_p84 OOB n=102 | RMSE=0.1567 | Bias=0.0652 | FracRMSE=0.2646 | FracBias=-0.2289 | NoneBias=0.0986 | FullBias=-0.2947
5.9s

=== Bootstrap 625/1000 ===

Chosen filter -> Eg_strong/Eg_weak >= 1.18, data_quantity >= 14 | CV acc=0.9126, CV bin acc=0.9806, n_rows(dedup)=721 | OOB acc=0.9384, OOB bin acc=0.9832, n_rows_test(dedup)=536 |
OOB cameras: ['bartlett', 'hyytiala', 'marcell_MN', 'oregon_yp', 'queens', 'sodankyla_full', 'tammela', 'underc']
OOB n=575 | RMSE=0.1346 | Bias=0.0094 | FracRMSE=0.3199 | FracBias=-0.1849 | NoneBias=0.0519 | FullBias=-0.0345
Aspect split eligible OOB rows (north/south facing fraction threshold = 0.75): 20 / 575
north_dominated OOB n=13 | RMSE=0.3127 | Bias=-0.1443 | FracRMSE=0.6504 | FracBias=-0.6394 | NoneBias=0.0071 | FullBias=0.0000
south_dominated OOB n=7 | RMSE=0.3218 | Bias=-0.1286 | FracRMSE=0.8500 | FracBias=-0.8500 | NoneBias=0.0000 | FullBias=-0.0101
Low-gradient eligible OOB rows (gradient_p84 <= 4.0): 127 / 575
low_gradient_p84 OOB n=127 | RMSE=0.1472 | Bias=0.0797 | FracRMSE=0.2265 | FracBias=-0.1940 | NoneBias=0.1153 | FullBias=0.0000
5.08s

=== Bootstrap 626/1000 ===

Chosen filter -> Eg_strong/Eg_weak >= 1.05, data_quantity >= 14 | CV acc=0.8542, CV bin acc=0.9713, n_rows(dedup)=871 | OOB acc=0.9590, OOB bin acc=0.9863, n_rows_test(dedup)=585 |
OOB cameras: ['kenttarova', 'old_jack_pine', 'oregon_yp', 'sodankyla_full', 'tammela', 'torgnon', 'willowcreek', 'wslcreek']
OOB n=644 | RMSE=0.1401 | Bias=0.0212 | FracRMSE=0.2174 | FracBias=-0.0780 | NoneBias=0.0633 | FullBias=-0.0278
Aspect split eligible OOB rows (north/south facing fraction threshold = 0.75): 69 / 644
north_dominated OOB n=52 | RMSE=0.0619 | Bias=0.0137 | FracRMSE=0.1339 | FracBias=0.0652 | NoneBias=0.0199 | FullBias=-0.0037
south_dominated OOB n=17 | RMSE=0.0840 | Bias=-0.0212 | FracRMSE=0.1732 | FracBias=-0.0902 | NoneBias=0.0000 | FullBias=0.0000
Low-gradient eligible OOB rows (gradient_p84 <= 4.0): 180 / 644
low_gradient_p84 OOB n=180 | RMSE=0.1453 | Bias=0.0476 | FracRMSE=0.2434 | FracBias=-0.1881 | NoneBias=0.0945 | FullBias=-0.0352
5.19s

=== Bootstrap 627/1000 ===

Chosen filter -> Eg_strong/Eg_weak >= 1.05, data_quantity >= 14 | CV acc=0.9170, CV bin acc=0.9428, n_rows(dedup)=1084 | OOB acc=0.8649, OOB bin acc=0.9653, n_rows_test(dedup)=259 |
OOB cameras: ['glees', 'kenttarova', 'lacclair', 'sodankyla_full', 'torgnon', 'underhill']
OOB n=310 | RMSE=0.0835 | Bias=-0.0004 | FracRMSE=0.1553 | FracBias=-0.0549 | NoneBias=0.0173 | FullBias=-0.0025
Aspect split eligible OOB rows (north/south facing fraction threshold = 0.75): 71 / 310
north_dominated OOB n=38 | RMSE=0.0172 | Bias=0.0058 | FracRMSE=0.0400 | FracBias=0.0314 | NoneBias=0.0002 | FullBias=0.0000
south_dominated OOB n=33 | RMSE=0.0570 | Bias=-0.0056 | FracRMSE=0.1636 | FracBias=-0.0465 | NoneBias=0.0000 | FullBias=0.0000
Low-gradient eligible OOB rows (gradient_p84 <= 4.0): 37 / 310
low_gradient_p84 OOB n=37 | RMSE=0.0349 | Bias=0.0103 | FracRMSE=0.0706 | FracBias=0.0694 | NoneBias=0.0102 | FullBias=0.0000
5.66s

=== Bootstrap 628/1000 ===

Chosen filter -> Eg_strong/Eg_weak >= 1.05, data_quantity >= 14 | CV acc=0.8869, CV bin acc=0.9600, n_rows(dedup)=849 | OOB acc=0.9546, OOB bin acc=0.9887, n_rows_test(dedup)=441 |
OOB cameras: ['hyytiala', 'kenttarova', 'queens', 'sodankyla_full', 'tammela', 'varrio']
OOB n=467 | RMSE=0.0577 | Bias=-0.0024 | FracRMSE=0.0802 | FracBias=0.0074 | NoneBias=0.0068 | FullBias=-0.0154
Aspect split eligible OOB rows (north/south facing fraction threshold = 0.75): 72 / 467
north_dominated OOB n=55 | RMSE=0.0176 | Bias=0.0054 | FracRMSE=0.0400 | FracBias=0.0314 | NoneBias=0.0045 | FullBias=0.0000
south_dominated OOB n=17 | RMSE=0.0166 | Bias=0.0060 | FracRMSE=0.0395 | FracBias=0.0338 | NoneBias=0.0000 | FullBias=0.0000
Low-gradient eligible OOB rows (gradient_p84 <= 4.0): 38 / 467
low_gradient_p84 OOB n=38 | RMSE=0.0534 | Bias=0.0080 | FracRMSE=0.1054 | FracBias=-0.0260 | NoneBias=0.0225 | FullBias=0.0000
5.04s

=== Bootstrap 629/1000 ===

Chosen filter -> Eg_strong/Eg_weak >= 1.05, data_quantity >= 16 | CV acc=0.9399, CV bin acc=0.9842, n_rows(dedup)=1264 | OOB acc=0.9283, OOB bin acc=0.9620, n_rows_test(dedup)=237 |
OOB cameras: ['glees', 'kenttarova', 'queens', 'tammela', 'willowcreek']
OOB n=254 | RMSE=0.1523 | Bias=0.0143 | FracRMSE=0.0441 | FracBias=0.0364 | NoneBias=0.0481 | FullBias=-0.0316
Aspect split eligible OOB rows (north/south facing fraction threshold = 0.75): 53 / 254
north_dominated OOB n=27 | RMSE=0.0204 | Bias=0.0081 | FracRMSE=0.0400 | FracBias=0.0314 | NoneBias=0.0000 | FullBias=0.0000
south_dominated OOB n=26 | RMSE=0.0187 | Bias=0.0066 | FracRMSE=0.0488 | FracBias=0.0429 | NoneBias=0.0074 | FullBias=0.0000
Low-gradient eligible OOB rows (gradient_p84 <= 4.0): 12 / 254
low_gradient_p84 OOB n=12 | RMSE=0.1764 | Bias=-0.0024 | FracRMSE=0.0593 | FracBias=0.0593 | NoneBias=0.0723 | FullBias=-0.1452
6.71s

=== Bootstrap 630/1000 ===

Chosen filter -> Eg_strong/Eg_weak >= 1.05, data_quantity >= 17 | CV acc=0.9444, CV bin acc=0.9843, n_rows(dedup)=953 | OOB acc=0.9310, OOB bin acc=0.9755, n_rows_test(dedup)=449 |
OOB cameras: ['bartlett', 'delta_junction', 'glees', 'oregon_yp', 'queens', 'sodankyla_full', 'willowcreek']
OOB n=502 | RMSE=0.1708 | Bias=0.0068 | FracRMSE=0.3450 | FracBias=-0.1432 | NoneBias=0.0546 | FullBias=-0.0316
Aspect split eligible OOB rows (north/south facing fraction threshold = 0.75): 71 / 502
north_dominated OOB n=49 | RMSE=0.2373 | Bias=-0.0770 | FracRMSE=0.3653 | FracBias=-0.1923 | NoneBias=0.0055 | FullBias=-0.0794
south_dominated OOB n=22 | RMSE=0.2563 | Bias=-0.0773 | FracRMSE=0.8500 | FracBias=-0.8500 | NoneBias=0.0000 | FullBias=0.0000
Low-gradient eligible OOB rows (gradient_p84 <= 4.0): 150 / 502
low_gradient_p84 OOB n=150 | RMSE=0.1300 | Bias=0.0337 | FracRMSE=0.2295 | FracBias=-0.1311 | NoneBias=0.0707 | FullBias=-0.0256
5.58s

=== Bootstrap 631/1000 ===

Chosen filter -> Eg_strong/Eg_weak >= 1.05, data_quantity >= 15 | CV acc=0.9262, CV bin acc=0.9783, n_rows(dedup)=1247 | OOB acc=0.8959, OOB bin acc=0.9616, n_rows_test(dedup)=365 |
OOB cameras: ['hyytiala', 'kenttarova', 'lacclair', 'queens', 'sodankyla_full', 'torgnon', 'underc']
OOB n=429 | RMSE=0.1031 | Bias=-0.0072 | FracRMSE=0.2170 | FracBias=-0.0696 | NoneBias=0.0125 | FullBias=-0.0151
Aspect split eligible OOB rows (north/south facing fraction threshold = 0.75): 52 / 429
north_dominated OOB n=35 | RMSE=0.0179 | Bias=0.0063 | FracRMSE=0.0400 | FracBias=0.0314 | NoneBias=0.0000 | FullBias=0.0000
south_dominated OOB n=17 | RMSE=0.0207 | Bias=0.0076 | FracRMSE=0.0493 | FracBias=0.0433 | NoneBias=0.0000 | FullBias=0.0000
Low-gradient eligible OOB rows (gradient_p84 <= 4.0): 36 / 429
low_gradient_p84 OOB n=36 | RMSE=0.0369 | Bias=0.0043 | FracRMSE=0.0878 | FracBias=-0.0021 | NoneBias=0.0094 | FullBias=0.0000
6.4s

=== Bootstrap 632/1000 ===

Chosen filter -> Eg_strong/Eg_weak >= 1.18, data_quantity >= 14 | CV acc=0.9421, CV bin acc=0.9764, n_rows(dedup)=933 | OOB acc=0.9079, OOB bin acc=0.9693, n_rows_test(dedup)=391 |
OOB cameras: ['bartlett', 'glees', 'hyytiala', 'kenttarova', 'oregon_yp', 'underc']
OOB n=442 | RMSE=0.1483 | Bias=0.0120 | FracRMSE=0.2704 | FracBias=-0.1144 | NoneBias=0.0618 | FullBias=-0.0440
Aspect split eligible OOB rows (north/south facing fraction threshold = 0.75): 66 / 442
north_dominated OOB n=34 | RMSE=0.1935 | Bias=-0.0455 | FracRMSE=0.3542 | FracBias=-0.1681 | NoneBias=0.0149 | FullBias=0.0000
south_dominated OOB n=32 | RMSE=0.1507 | Bias=-0.0238 | FracRMSE=0.4263 | FracBias=-0.1883 | NoneBias=0.0011 | FullBias=-0.0007
Low-gradient eligible OOB rows (gradient_p84 <= 4.0): 106 / 442
low_gradient_p84 OOB n=106 | RMSE=0.1515 | Bias=0.0810 | FracRMSE=0.2246 | FracBias=-0.1612 | NoneBias=0.1085 | FullBias=0.0000
5.65s

=== Bootstrap 633/1000 ===

Chosen filter -> Eg_strong/Eg_weak >= 1.25, data_quantity >= 16 | CV acc=0.9512, CV bin acc=0.9867, n_rows(dedup)=1127 | OOB acc=0.8754, OOB bin acc=0.9723, n_rows_test(dedup)=289 |
OOB cameras: ['delta_junction', 'kenttarova', 'lacclair', 'queens', 'tammela', 'underc', 'willowcreek']
OOB n=374 | RMSE=0.1808 | Bias=0.0048 | FracRMSE=0.3003 | FracBias=-0.0349 | NoneBias=0.0416 | FullBias=-0.0144
Aspect split eligible OOB rows (north/south facing fraction threshold = 0.75): 76 / 374
north_dominated OOB n=61 | RMSE=0.1601 | Bias=-0.0242 | FracRMSE=0.2946 | FracBias=-0.0821 | NoneBias=0.0000 | FullBias=0.0000
south_dominated OOB n=15 | RMSE=0.0221 | Bias=0.0087 | FracRMSE=0.0493 | FracBias=0.0433 | NoneBias=0.0000 | FullBias=0.0000
Low-gradient eligible OOB rows (gradient_p84 <= 4.0): 34 / 374
low_gradient_p84 OOB n=34 | RMSE=0.1301 | Bias=-0.0172 | FracRMSE=0.2262 | FracBias=-0.0686 | NoneBias=0.0158 | FullBias=-0.0120
6.31s

=== Bootstrap 634/1000 ===

Chosen filter -> Eg_strong/Eg_weak >= 1.18, data_quantity >= 16 | CV acc=0.9471, CV bin acc=0.9794, n_rows(dedup)=1020 | OOB acc=0.8799, OOB bin acc=0.9647, n_rows_test(dedup)=283 |
OOB cameras: ['bartlett', 'glees', 'hyytiala', 'tammela', 'underc', 'wslcreek']
OOB n=304 | RMSE=0.1364 | Bias=-0.0135 | FracRMSE=0.3982 | FracBias=-0.1712 | NoneBias=0.0146 | FullBias=-0.0215
Aspect split eligible OOB rows (north/south facing fraction threshold = 0.75): 43 / 304
north_dominated OOB n=24 | RMSE=0.2469 | Bias=-0.0748 | FracRMSE=0.5410 | FracBias=-0.3588 | NoneBias=0.0000 | FullBias=0.0000
south_dominated OOB n=19 | RMSE=0.1950 | Bias=-0.0447 | FracRMSE=0.8500 | FracBias=-0.8500 | NoneBias=0.0000 | FullBias=0.0000
Low-gradient eligible OOB rows (gradient_p84 <= 4.0): 0 / 304
low_gradient_p84 OOB n=0 | RMSE=nan | Bias=nan | FracRMSE=nan | FracBias=nan | NoneBias=nan | FullBias=nan
5.85s

=== Bootstrap 635/1000 ===

Chosen filter -> Eg_strong/Eg_weak >= 1.18, data_quantity >= 16 | CV acc=0.9449, CV bin acc=0.9766, n_rows(dedup)=853 | OOB acc=0.9176, OOB bin acc=0.9867, n_rows_test(dedup)=376 |
OOB cameras: ['hyytiala', 'lacclair', 'marcell_MN', 'sodankyla_full', 'underc', 'varrio']
OOB n=429 | RMSE=0.0970 | Bias=-0.0020 | FracRMSE=0.2562 | FracBias=-0.0751 | NoneBias=0.0180 | FullBias=-0.0111
Aspect split eligible OOB rows (north/south facing fraction threshold = 0.75): 34 / 429
north_dominated OOB n=28 | RMSE=0.0000 | Bias=0.0000 | FracRMSE=nan | FracBias=nan | NoneBias=0.0000 | FullBias=0.0000
south_dominated OOB n=6 | RMSE=0.0000 | Bias=0.0000 | FracRMSE=nan | FracBias=nan | NoneBias=0.0000 | FullBias=0.0000
Low-gradient eligible OOB rows (gradient_p84 <= 4.0): 28 / 429
low_gradient_p84 OOB n=28 | RMSE=0.0611 | Bias=0.0054 | FracRMSE=0.1739 | FracBias=-0.1739 | NoneBias=0.0250 | FullBias=0.0000
5.31s

=== Bootstrap 636/1000 ===

Chosen filter -> Eg_strong/Eg_weak >= 1.05, data_quantity >= 16 | CV acc=0.9532, CV bin acc=0.9880, n_rows(dedup)=834 | OOB acc=0.9099, OOB bin acc=0.9767, n_rows_test(dedup)=344 |
OOB cameras: ['delta_junction', 'old_jack_pine', 'underc', 'varrio', 'willowcreek']
OOB n=412 | RMSE=0.1951 | Bias=0.0170 | FracRMSE=0.3614 | FracBias=0.0072 | NoneBias=0.0436 | FullBias=-0.0089
Aspect split eligible OOB rows (north/south facing fraction threshold = 0.75): 56 / 412
north_dominated OOB n=53 | RMSE=0.1742 | Bias=-0.0196 | FracRMSE=0.3824 | FracBias=-0.0947 | NoneBias=0.0000 | FullBias=0.0000
south_dominated OOB n=3 | RMSE=0.0000 | Bias=0.0000 | FracRMSE=nan | FracBias=nan | NoneBias=nan | FullBias=0.0000
Low-gradient eligible OOB rows (gradient_p84 <= 4.0): 65 / 412
low_gradient_p84 OOB n=65 | RMSE=0.1450 | Bias=-0.0092 | FracRMSE=0.2965 | FracBias=-0.0680 | NoneBias=0.0105 | FullBias=-0.0011
5.35s

=== Bootstrap 637/1000 ===

Chosen filter -> Eg_strong/Eg_weak >= 1.13, data_quantity >= 16 | CV acc=0.9051, CV bin acc=0.9795, n_rows(dedup)=1170 | OOB acc=0.9367, OOB bin acc=0.9819, n_rows_test(dedup)=221 |
OOB cameras: ['glees', 'kenttarova', 'lacclair', 'old_jack_pine', 'underhill']
OOB n=287 | RMSE=0.1303 | Bias=0.0065 | FracRMSE=0.2295 | FracBias=-0.0399 | NoneBias=0.0386 | FullBias=-0.0044
Aspect split eligible OOB rows (north/south facing fraction threshold = 0.75): 58 / 287
north_dominated OOB n=31 | RMSE=0.0773 | Bias=0.0211 | FracRMSE=0.0400 | FracBias=0.0314 | NoneBias=0.0543 | FullBias=0.0000
south_dominated OOB n=27 | RMSE=0.0259 | Bias=0.0099 | FracRMSE=0.0493 | FracBias=0.0433 | NoneBias=0.0230 | FullBias=0.0000
Low-gradient eligible OOB rows (gradient_p84 <= 4.0): 45 / 287
low_gradient_p84 OOB n=45 | RMSE=0.1312 | Bias=-0.0267 | FracRMSE=0.3095 | FracBias=-0.1604 | NoneBias=0.0043 | FullBias=-0.0035
6.3s

=== Bootstrap 638/1000 ===

Chosen filter -> Eg_strong/Eg_weak >= 1.18, data_quantity >= 11 | CV acc=0.9491, CV bin acc=0.9813, n_rows(dedup)=963 | OOB acc=0.8849, OOB bin acc=0.9760, n_rows_test(dedup)=417 |
OOB cameras: ['delta_junction', 'hyytiala', 'marcell_MN', 'old_jack_pine', 'underc', 'wslcreek']
OOB n=487 | RMSE=0.1588 | Bias=0.0104 | FracRMSE=0.3631 | FracBias=0.0322 | NoneBias=0.0143 | FullBias=-0.0024
Aspect split eligible OOB rows (north/south facing fraction threshold = 0.75): 53 / 487
north_dominated OOB n=51 | RMSE=0.1844 | Bias=-0.0136 | FracRMSE=0.3653 | FracBias=-0.0533 | NoneBias=0.0000 | FullBias=0.0000
south_dominated OOB n=2 | RMSE=0.0000 | Bias=0.0000 | FracRMSE=nan | FracBias=nan | NoneBias=nan | FullBias=0.0000
Low-gradient eligible OOB rows (gradient_p84 <= 4.0): 63 / 487
low_gradient_p84 OOB n=63 | RMSE=0.1439 | Bias=-0.0114 | FracRMSE=0.3053 | FracBias=-0.0512 | NoneBias=0.0000 | FullBias=0.0000
5.72s

=== Bootstrap 639/1000 ===

Chosen filter -> Eg_strong/Eg_weak >= 1.05, data_quantity >= 13 | CV acc=0.9081, CV bin acc=0.9734, n_rows(dedup)=979 | OOB acc=0.9691, OOB bin acc=0.9931, n_rows_test(dedup)=291 |
OOB cameras: ['oregon_yp', 'queens', 'underhill', 'varrio', 'wslcreek']
OOB n=316 | RMSE=0.1362 | Bias=0.0419 | FracRMSE=0.2269 | FracBias=-0.1396 | NoneBias=0.0876 | FullBias=-0.0019
Aspect split eligible OOB rows (north/south facing fraction threshold = 0.75): 51 / 316
north_dominated OOB n=44 | RMSE=0.0733 | Bias=0.0151 | FracRMSE=0.2641 | FracBias=0.1765 | NoneBias=0.0390 | FullBias=0.0000
south_dominated OOB n=7 | RMSE=0.0000 | Bias=0.0000 | FracRMSE=nan | FracBias=nan | NoneBias=0.0000 | FullBias=0.0000
Low-gradient eligible OOB rows (gradient_p84 <= 4.0): 100 / 316
low_gradient_p84 OOB n=100 | RMSE=0.1619 | Bias=0.0864 | FracRMSE=0.2561 | FracBias=-0.2124 | NoneBias=0.1136 | FullBias=0.0000
5.67s

=== Bootstrap 640/1000 ===

Chosen filter -> Eg_strong/Eg_weak >= 1.05, data_quantity >= 16 | CV acc=0.9456, CV bin acc=0.9750, n_rows(dedup)=1122 | OOB acc=0.9177, OOB bin acc=0.9465, n_rows_test(dedup)=243 |
OOB cameras: ['bartlett', 'hyytiala', 'kenttarova', 'marcell_MN', 'queens']
OOB n=271 | RMSE=0.1648 | Bias=-0.0376 | FracRMSE=0.3781 | FracBias=-0.1631 | NoneBias=0.0004 | FullBias=-0.0574
Aspect split eligible OOB rows (north/south facing fraction threshold = 0.75): 57 / 271
north_dominated OOB n=36 | RMSE=0.3040 | Bias=-0.1056 | FracRMSE=0.4088 | FracBias=-0.1993 | NoneBias=0.0000 | FullBias=-0.1065
south_dominated OOB n=21 | RMSE=0.2630 | Bias=-0.0748 | FracRMSE=0.5389 | FracBias=-0.3140 | NoneBias=0.0000 | FullBias=0.0000
Low-gradient eligible OOB rows (gradient_p84 <= 4.0): 8 / 271
low_gradient_p84 OOB n=8 | RMSE=0.0300 | Bias=0.0150 | FracRMSE=0.0600 | FracBias=0.0600 | NoneBias=0.0000 | FullBias=0.0000
6.05s

=== Bootstrap 641/1000 ===

Chosen filter -> Eg_strong/Eg_weak >= 1.05, data_quantity >= 16 | CV acc=0.8924, CV bin acc=0.9684, n_rows(dedup)=855 | OOB acc=0.9661, OOB bin acc=0.9859, n_rows_test(dedup)=354 |
OOB cameras: ['glees', 'hyytiala', 'kenttarova', 'oregon_yp', 'queens']
OOB n=388 | RMSE=0.1280 | Bias=0.0501 | FracRMSE=0.1271 | FracBias=-0.0566 | NoneBias=0.0919 | FullBias=-0.0394
Aspect split eligible OOB rows (north/south facing fraction threshold = 0.75): 54 / 388
north_dominated OOB n=28 | RMSE=0.0467 | Bias=0.0217 | FracRMSE=0.0400 | FracBias=0.0314 | NoneBias=0.0497 | FullBias=-0.0007
south_dominated OOB n=26 | RMSE=0.0521 | Bias=0.0168 | FracRMSE=0.0402 | FracBias=0.0121 | NoneBias=0.0665 | FullBias=0.0000
Low-gradient eligible OOB rows (gradient_p84 <= 4.0): 106 / 388
low_gradient_p84 OOB n=106 | RMSE=0.1641 | Bias=0.1084 | FracRMSE=0.1835 | FracBias=-0.1348 | NoneBias=0.1366 | FullBias=0.0000
5.44s

=== Bootstrap 642/1000 ===

Chosen filter -> Eg_strong/Eg_weak >= 1.20, data_quantity >= 13 | CV acc=0.9031, CV bin acc=0.9697, n_rows(dedup)=1022 | OOB acc=0.9094, OOB bin acc=0.9871, n_rows_test(dedup)=309 |
OOB cameras: ['bartlett', 'glees', 'kenttarova', 'marcell_MN', 'queens', 'sodankyla_full', 'torgnon']
OOB n=338 | RMSE=0.1176 | Bias=-0.0170 | FracRMSE=0.3216 | FracBias=-0.1532 | NoneBias=0.0169 | FullBias=-0.0176
Aspect split eligible OOB rows (north/south facing fraction threshold = 0.75): 75 / 338
north_dominated OOB n=39 | RMSE=0.1999 | Bias=-0.0554 | FracRMSE=0.3759 | FracBias=-0.2030 | NoneBias=0.0065 | FullBias=0.0000
south_dominated OOB n=36 | RMSE=0.1624 | Bias=-0.0350 | FracRMSE=0.4338 | FracBias=-0.2553 | NoneBias=0.0121 | FullBias=-0.0028
Low-gradient eligible OOB rows (gradient_p84 <= 4.0): 38 / 338
low_gradient_p84 OOB n=38 | RMSE=0.0558 | Bias=0.0042 | FracRMSE=0.1335 | FracBias=-0.0649 | NoneBias=0.0209 | FullBias=0.0000
5.66s

=== Bootstrap 643/1000 ===

Chosen filter -> Eg_strong/Eg_weak >= 1.05, data_quantity >= 16 | CV acc=0.9366, CV bin acc=0.9799, n_rows(dedup)=947 | OOB acc=0.9585, OOB bin acc=0.9879, n_rows_test(dedup)=579 |
OOB cameras: ['delta_junction', 'oregon_yp', 'queens', 'sodankyla_full', 'tammela', 'torgnon', 'underhill', 'varrio', 'willowcreek', 'wslcreek']
OOB n=635 | RMSE=0.1454 | Bias=0.0278 | FracRMSE=0.2686 | FracBias=-0.0343 | NoneBias=0.0629 | FullBias=-0.0132
Aspect split eligible OOB rows (north/south facing fraction threshold = 0.75): 87 / 635
north_dominated OOB n=80 | RMSE=0.1237 | Bias=0.0038 | FracRMSE=0.2742 | FracBias=-0.0267 | NoneBias=0.0261 | FullBias=0.0000
south_dominated OOB n=7 | RMSE=0.0000 | Bias=0.0000 | FracRMSE=nan | FracBias=nan | NoneBias=0.0000 | FullBias=0.0000
Low-gradient eligible OOB rows (gradient_p84 <= 4.0): 152 / 635
low_gradient_p84 OOB n=152 | RMSE=0.1470 | Bias=0.0566 | FracRMSE=0.2136 | FracBias=-0.1065 | NoneBias=0.0972 | FullBias=-0.0260
5.27s

=== Bootstrap 644/1000 ===

Chosen filter -> Eg_strong/Eg_weak >= 1.26, data_quantity >= 16 | CV acc=0.9223, CV bin acc=0.9835, n_rows(dedup)=849 | OOB acc=0.9201, OOB bin acc=0.9722, n_rows_test(dedup)=288 |
OOB cameras: ['kenttarova', 'marcell_MN', 'old_jack_pine', 'torgnon', 'willowcreek', 'wslcreek']
OOB n=329 | RMSE=0.1601 | Bias=0.0009 | FracRMSE=0.2409 | FracBias=-0.0368 | NoneBias=0.0437 | FullBias=-0.0268
Aspect split eligible OOB rows (north/south facing fraction threshold = 0.75): 57 / 329
north_dominated OOB n=43 | RMSE=0.0467 | Bias=0.0119 | FracRMSE=0.1016 | FracBias=0.0539 | NoneBias=0.0054 | FullBias=0.0000
south_dominated OOB n=14 | RMSE=0.0227 | Bias=0.0093 | FracRMSE=0.0491 | FracBias=0.0432 | NoneBias=0.0000 | FullBias=0.0000
Low-gradient eligible OOB rows (gradient_p84 <= 4.0): 49 / 329
low_gradient_p84 OOB n=49 | RMSE=0.1441 | Bias=-0.0289 | FracRMSE=0.3058 | FracBias=-0.1602 | NoneBias=0.0161 | FullBias=-0.0503
5.51s

=== Bootstrap 645/1000 ===

Chosen filter -> Eg_strong/Eg_weak >= 1.13, data_quantity >= 16 | CV acc=0.9569, CV bin acc=0.9848, n_rows(dedup)=1183 | OOB acc=0.8343, OOB bin acc=0.9029, n_rows_test(dedup)=175 |
OOB cameras: ['bartlett', 'hyytiala', 'lacclair', 'torgnon', 'underc']
OOB n=224 | RMSE=0.1926 | Bias=-0.0413 | FracRMSE=0.4040 | FracBias=-0.2561 | NoneBias=0.0167 | FullBias=-0.0464
Aspect split eligible OOB rows (north/south facing fraction threshold = 0.75): 18 / 224
north_dominated OOB n=10 | RMSE=0.5662 | Bias=-0.3942 | FracRMSE=0.7475 | FracBias=-0.7380 | NoneBias=0.0000 | FullBias=-0.2879
south_dominated OOB n=8 | RMSE=0.3005 | Bias=-0.1062 | FracRMSE=0.8500 | FracBias=-0.8500 | NoneBias=nan | FullBias=0.0000
Low-gradient eligible OOB rows (gradient_p84 <= 4.0): 0 / 224
low_gradient_p84 OOB n=0 | RMSE=nan | Bias=nan | FracRMSE=nan | FracBias=nan | NoneBias=nan | FullBias=nan
6.39s

=== Bootstrap 646/1000 ===

Chosen filter -> Eg_strong/Eg_weak >= 1.18, data_quantity >= 14 | CV acc=0.9264, CV bin acc=0.9853, n_rows(dedup)=1155 | OOB acc=0.8683, OOB bin acc=0.9624, n_rows_test(dedup)=319 |
OOB cameras: ['glees', 'hyytiala', 'kenttarova', 'torgnon', 'underc', 'varrio']
OOB n=356 | RMSE=0.1064 | Bias=-0.0068 | FracRMSE=0.2103 | FracBias=-0.0372 | NoneBias=0.0149 | FullBias=-0.0201
Aspect split eligible OOB rows (north/south facing fraction threshold = 0.75): 81 / 356
north_dominated OOB n=49 | RMSE=0.0151 | Bias=0.0045 | FracRMSE=0.0400 | FracBias=0.0314 | NoneBias=0.0000 | FullBias=0.0000
south_dominated OOB n=32 | RMSE=0.0765 | Bias=-0.0092 | FracRMSE=0.2165 | FracBias=-0.0736 | NoneBias=0.0000 | FullBias=0.0000
Low-gradient eligible OOB rows (gradient_p84 <= 4.0): 9 / 356
low_gradient_p84 OOB n=9 | RMSE=0.0283 | Bias=0.0133 | FracRMSE=0.0600 | FracBias=0.0600 | NoneBias=0.0000 | FullBias=0.0000
6.39s

=== Bootstrap 647/1000 ===

Chosen filter -> Eg_strong/Eg_weak >= 1.05, data_quantity >= 17 | CV acc=0.9287, CV bin acc=0.9649, n_rows(dedup)=912 | OOB acc=0.9244, OOB bin acc=0.9815, n_rows_test(dedup)=542 |
OOB cameras: ['kenttarova', 'old_jack_pine', 'sodankyla_full', 'tammela', 'underc', 'varrio', 'willowcreek', 'wslcreek']
OOB n=600 | RMSE=0.1406 | Bias=0.0107 | FracRMSE=0.2757 | FracBias=-0.0010 | NoneBias=0.0309 | FullBias=-0.0082
Aspect split eligible OOB rows (north/south facing fraction threshold = 0.75): 84 / 600
north_dominated OOB n=68 | RMSE=0.0386 | Bias=0.0072 | FracRMSE=0.1126 | FracBias=0.0612 | NoneBias=0.0000 | FullBias=0.0000
south_dominated OOB n=16 | RMSE=0.0152 | Bias=0.0044 | FracRMSE=0.0430 | FracBias=0.0350 | NoneBias=0.0000 | FullBias=0.0000
Low-gradient eligible OOB rows (gradient_p84 <= 4.0): 77 / 600
low_gradient_p84 OOB n=77 | RMSE=0.1016 | Bias=-0.0055 | FracRMSE=0.3008 | FracBias=-0.1121 | NoneBias=0.0116 | FullBias=-0.0057
5.57s

=== Bootstrap 648/1000 ===

Chosen filter -> Eg_strong/Eg_weak >= 1.24, data_quantity >= 16 | CV acc=0.9160, CV bin acc=0.9846, n_rows(dedup)=1167 | OOB acc=0.9645, OOB bin acc=0.9787, n_rows_test(dedup)=423 |
OOB cameras: ['bartlett', 'glees', 'old_jack_pine', 'oregon_yp', 'queens', 'tammela', 'underhill', 'willowcreek']
OOB n=463 | RMSE=0.1628 | Bias=0.0087 | FracRMSE=0.3564 | FracBias=-0.1755 | NoneBias=0.0467 | FullBias=-0.0234
Aspect split eligible OOB rows (north/south facing fraction threshold = 0.75): 28 / 463
north_dominated OOB n=9 | RMSE=0.3796 | Bias=-0.1879 | FracRMSE=0.6492 | FracBias=-0.6238 | NoneBias=0.0602 | FullBias=0.0000
south_dominated OOB n=19 | RMSE=0.1950 | Bias=-0.0447 | FracRMSE=0.8500 | FracBias=-0.8500 | NoneBias=0.0000 | FullBias=0.0000
Low-gradient eligible OOB rows (gradient_p84 <= 4.0): 139 / 463
low_gradient_p84 OOB n=139 | RMSE=0.1313 | Bias=0.0195 | FracRMSE=0.2924 | FracBias=-0.2200 | NoneBias=0.0537 | FullBias=-0.0389
6.48s

=== Bootstrap 649/1000 ===

Chosen filter -> Eg_strong/Eg_weak >= 1.09, data_quantity >= 13 | CV acc=0.9193, CV bin acc=0.9792, n_rows(dedup)=867 | OOB acc=0.8665, OOB bin acc=0.9572, n_rows_test(dedup)=397 |
OOB cameras: ['bartlett', 'glees', 'hyytiala', 'kenttarova', 'sodankyla_full', 'willowcreek']
OOB n=423 | RMSE=0.1641 | Bias=-0.0136 | FracRMSE=0.3150 | FracBias=-0.1436 | NoneBias=0.0377 | FullBias=-0.0561
Aspect split eligible OOB rows (north/south facing fraction threshold = 0.75): 75 / 423
north_dominated OOB n=42 | RMSE=0.2337 | Bias=-0.0791 | FracRMSE=0.3508 | FracBias=-0.1878 | NoneBias=0.0069 | FullBias=-0.0706
south_dominated OOB n=33 | RMSE=0.1508 | Bias=-0.0221 | FracRMSE=0.4270 | FracBias=-0.2090 | NoneBias=0.0255 | FullBias=-0.0032
Low-gradient eligible OOB rows (gradient_p84 <= 4.0): 42 / 423
low_gradient_p84 OOB n=42 | RMSE=0.1104 | Bias=-0.0035 | FracRMSE=0.1464 | FracBias=-0.0786 | NoneBias=0.0407 | FullBias=-0.0343
5.32s

=== Bootstrap 650/1000 ===

Chosen filter -> Eg_strong/Eg_weak >= 1.05, data_quantity >= 16 | CV acc=0.9548, CV bin acc=0.9870, n_rows(dedup)=1151 | OOB acc=0.9342, OOB bin acc=0.9715, n_rows_test(dedup)=456 |
OOB cameras: ['hyytiala', 'queens', 'sodankyla_full', 'tammela', 'varrio', 'willowcreek', 'wslcreek']
OOB n=468 | RMSE=0.1201 | Bias=0.0036 | FracRMSE=0.2378 | FracBias=0.0006 | NoneBias=0.0260 | FullBias=-0.0255
Aspect split eligible OOB rows (north/south facing fraction threshold = 0.75): 50 / 468
north_dominated OOB n=44 | RMSE=0.0542 | Bias=0.0077 | FracRMSE=0.2544 | FracBias=0.1696 | NoneBias=0.0000 | FullBias=0.0000
south_dominated OOB n=6 | RMSE=0.0000 | Bias=0.0000 | FracRMSE=nan | FracBias=nan | NoneBias=0.0000 | FullBias=0.0000
Low-gradient eligible OOB rows (gradient_p84 <= 4.0): 32 / 468
low_gradient_p84 OOB n=32 | RMSE=0.1293 | Bias=-0.0057 | FracRMSE=0.2220 | FracBias=-0.2220 | NoneBias=0.0473 | FullBias=-0.0419
6.25s

=== Bootstrap 651/1000 ===

Chosen filter -> Eg_strong/Eg_weak >= 1.05, data_quantity >= 16 | CV acc=0.9194, CV bin acc=0.9677, n_rows(dedup)=930 | OOB acc=0.9384, OOB bin acc=0.9832, n_rows_test(dedup)=357 |
OOB cameras: ['delta_junction', 'glees', 'hyytiala', 'lacclair', 'oregon_yp']
OOB n=433 | RMSE=0.1238 | Bias=0.0217 | FracRMSE=0.2354 | FracBias=-0.0785 | NoneBias=0.0584 | FullBias=-0.0217
Aspect split eligible OOB rows (north/south facing fraction threshold = 0.75): 51 / 433
north_dominated OOB n=36 | RMSE=0.1564 | Bias=-0.0136 | FracRMSE=0.2791 | FracBias=-0.0595 | NoneBias=0.0117 | FullBias=0.0000
south_dominated OOB n=15 | RMSE=0.0285 | Bias=0.0104 | FracRMSE=nan | FracBias=nan | NoneBias=0.0520 | FullBias=0.0000
Low-gradient eligible OOB rows (gradient_p84 <= 4.0): 120 / 433
low_gradient_p84 OOB n=120 | RMSE=0.1484 | Bias=0.0721 | FracRMSE=0.2138 | FracBias=-0.0954 | NoneBias=0.1038 | FullBias=0.0000
5.76s

=== Bootstrap 652/1000 ===

Chosen filter -> Eg_strong/Eg_weak >= 1.18, data_quantity >= 14 | CV acc=0.9317, CV bin acc=0.9671, n_rows(dedup)=1156 | OOB acc=0.9418, OOB bin acc=0.9795, n_rows_test(dedup)=292 |
OOB cameras: ['bartlett', 'lacclair', 'marcell_MN', 'sodankyla_full', 'tammela', 'wslcreek']
OOB n=335 | RMSE=0.1095 | Bias=-0.0165 | FracRMSE=0.4066 | FracBias=-0.2603 | NoneBias=0.0044 | FullBias=-0.0047
Aspect split eligible OOB rows (north/south facing fraction threshold = 0.75): 42 / 335
north_dominated OOB n=32 | RMSE=0.2356 | Bias=-0.0684 | FracRMSE=0.5961 | FracBias=-0.4378 | NoneBias=0.0000 | FullBias=0.0000
south_dominated OOB n=10 | RMSE=0.2688 | Bias=-0.0850 | FracRMSE=0.8500 | FracBias=-0.8500 | NoneBias=0.0000 | FullBias=0.0000
Low-gradient eligible OOB rows (gradient_p84 <= 4.0): 29 / 335
low_gradient_p84 OOB n=29 | RMSE=0.0170 | Bias=0.0044 | FracRMSE=0.0486 | FracBias=0.0486 | NoneBias=0.0060 | FullBias=0.0000
6.25s

=== Bootstrap 653/1000 ===

Chosen filter -> Eg_strong/Eg_weak >= 1.05, data_quantity >= 16 | CV acc=0.9568, CV bin acc=0.9823, n_rows(dedup)=903 | OOB acc=0.8779, OOB bin acc=0.9670, n_rows_test(dedup)=303 |
OOB cameras: ['delta_junction', 'glees', 'queens', 'underc', 'varrio', 'willowcreek']
OOB n=352 | RMSE=0.1807 | Bias=0.0163 | FracRMSE=0.3035 | FracBias=-0.0143 | NoneBias=0.0647 | FullBias=-0.0155
Aspect split eligible OOB rows (north/south facing fraction threshold = 0.75): 70 / 352
north_dominated OOB n=53 | RMSE=0.1459 | Bias=-0.0321 | FracRMSE=0.3203 | FracBias=-0.1546 | NoneBias=0.0000 | FullBias=0.0000
south_dominated OOB n=17 | RMSE=0.0171 | Bias=0.0042 | FracRMSE=nan | FracBias=nan | NoneBias=0.0239 | FullBias=0.0000
Low-gradient eligible OOB rows (gradient_p84 <= 4.0): 26 / 352
low_gradient_p84 OOB n=26 | RMSE=0.1699 | Bias=-0.0257 | FracRMSE=0.2241 | FracBias=-0.0966 | NoneBias=0.0505 | FullBias=-0.0500
5.47s

=== Bootstrap 654/1000 ===

Chosen filter -> Eg_strong/Eg_weak >= 1.18, data_quantity >= 15 | CV acc=0.9312, CV bin acc=0.9817, n_rows(dedup)=930 | OOB acc=0.8636, OOB bin acc=0.9685, n_rows_test(dedup)=286 |
OOB cameras: ['bartlett', 'delta_junction', 'hyytiala', 'marcell_MN', 'queens', 'torgnon', 'underc']
OOB n=336 | RMSE=0.1669 | Bias=-0.0141 | FracRMSE=0.3752 | FracBias=-0.0919 | NoneBias=0.0122 | FullBias=-0.0159
Aspect split eligible OOB rows (north/south facing fraction threshold = 0.75): 46 / 336
north_dominated OOB n=39 | RMSE=0.2727 | Bias=-0.0897 | FracRMSE=0.4551 | FracBias=-0.2499 | NoneBias=0.0000 | FullBias=0.0000
south_dominated OOB n=7 | RMSE=0.3213 | Bias=-0.1214 | FracRMSE=0.8500 | FracBias=-0.8500 | NoneBias=nan | FullBias=0.0000
Low-gradient eligible OOB rows (gradient_p84 <= 4.0): 22 / 336
low_gradient_p84 OOB n=22 | RMSE=0.1418 | Bias=-0.0202 | FracRMSE=0.2352 | FracBias=-0.0556 | NoneBias=0.0000 | FullBias=0.0000
5.57s

=== Bootstrap 655/1000 ===

Chosen filter -> Eg_strong/Eg_weak >= 1.05, data_quantity >= 16 | CV acc=0.9167, CV bin acc=0.9729, n_rows(dedup)=996 | OOB acc=0.9599, OOB bin acc=0.9927, n_rows_test(dedup)=274 |
OOB cameras: ['kenttarova', 'queens', 'sodankyla_full', 'underhill', 'varrio']
OOB n=299 | RMSE=0.0804 | Bias=0.0061 | FracRMSE=0.0932 | FracBias=0.0019 | NoneBias=0.0207 | FullBias=-0.0044
Aspect split eligible OOB rows (north/south facing fraction threshold = 0.75): 72 / 299
north_dominated OOB n=55 | RMSE=0.0542 | Bias=0.0116 | FracRMSE=0.0400 | FracBias=0.0314 | NoneBias=0.0231 | FullBias=0.0000
south_dominated OOB n=17 | RMSE=0.0152 | Bias=0.0032 | FracRMSE=0.0362 | FracBias=0.0183 | NoneBias=0.0000 | FullBias=0.0000
Low-gradient eligible OOB rows (gradient_p84 <= 4.0): 36 / 299
low_gradient_p84 OOB n=36 | RMSE=0.0562 | Bias=0.0039 | FracRMSE=0.1226 | FracBias=-0.0528 | NoneBias=0.0176 | FullBias=0.0000
5.76s

=== Bootstrap 656/1000 ===

Chosen filter -> Eg_strong/Eg_weak >= 1.14, data_quantity >= 13 | CV acc=0.9221, CV bin acc=0.9815, n_rows(dedup)=1296 | OOB acc=0.9018, OOB bin acc=0.9455, n_rows_test(dedup)=275 |
OOB cameras: ['bartlett', 'glees', 'kenttarova', 'marcell_MN', 'queens', 'willowcreek', 'wslcreek']
OOB n=304 | RMSE=0.1870 | Bias=-0.0193 | FracRMSE=0.3065 | FracBias=-0.1022 | NoneBias=0.0582 | FullBias=-0.0498
Aspect split eligible OOB rows (north/south facing fraction threshold = 0.75): 89 / 304
north_dominated OOB n=54 | RMSE=0.2156 | Bias=-0.0594 | FracRMSE=0.3440 | FracBias=-0.1434 | NoneBias=0.0038 | FullBias=-0.0416
south_dominated OOB n=35 | RMSE=0.1458 | Bias=-0.0233 | FracRMSE=0.4280 | FracBias=-0.2151 | NoneBias=0.0182 | FullBias=-0.0026
Low-gradient eligible OOB rows (gradient_p84 <= 4.0): 13 / 304
low_gradient_p84 OOB n=13 | RMSE=0.1806 | Bias=-0.0330 | FracRMSE=0.0710 | FracBias=-0.0102 | NoneBias=0.0580 | FullBias=-0.1514
6.46s

=== Bootstrap 657/1000 ===

Chosen filter -> Eg_strong/Eg_weak >= 1.11, data_quantity >= 16 | CV acc=0.9566, CV bin acc=0.9744, n_rows(dedup)=898 | OOB acc=0.8731, OOB bin acc=0.9925, n_rows_test(dedup)=268 |
OOB cameras: ['sodankyla_full', 'underc', 'varrio', 'wslcreek']
OOB n=293 | RMSE=0.1093 | Bias=0.0049 | FracRMSE=0.2808 | FracBias=-0.0487 | NoneBias=0.0267 | FullBias=-0.0022
Aspect split eligible OOB rows (north/south facing fraction threshold = 0.75): 49 / 293
north_dominated OOB n=44 | RMSE=0.0428 | Bias=0.0060 | FracRMSE=0.2006 | FracBias=0.1315 | NoneBias=0.0000 | FullBias=0.0000
south_dominated OOB n=5 | RMSE=0.0000 | Bias=0.0000 | FracRMSE=nan | FracBias=nan | NoneBias=0.0000 | FullBias=0.0000
Low-gradient eligible OOB rows (gradient_p84 <= 4.0): 28 / 293
low_gradient_p84 OOB n=28 | RMSE=0.0414 | Bias=0.0056 | FracRMSE=0.0556 | FracBias=-0.0556 | NoneBias=0.0163 | FullBias=0.0000
5.39s

=== Bootstrap 658/1000 ===

Chosen filter -> Eg_strong/Eg_weak >= 1.05, data_quantity >= 16 | CV acc=0.9393, CV bin acc=0.9801, n_rows(dedup)=956 | OOB acc=0.8938, OOB bin acc=0.9778, n_rows_test(dedup)=405 |
OOB cameras: ['marcell_MN', 'sodankyla_full', 'tammela', 'underc', 'varrio', 'willowcreek']
OOB n=430 | RMSE=0.1406 | Bias=0.0018 | FracRMSE=0.3014 | FracBias=-0.1184 | NoneBias=0.0336 | FullBias=-0.0188
Aspect split eligible OOB rows (north/south facing fraction threshold = 0.75): 30 / 430
north_dominated OOB n=26 | RMSE=0.0000 | Bias=0.0000 | FracRMSE=nan | FracBias=nan | NoneBias=0.0000 | FullBias=0.0000
south_dominated OOB n=4 | RMSE=0.0000 | Bias=0.0000 | FracRMSE=nan | FracBias=nan | NoneBias=0.0000 | FullBias=0.0000
Low-gradient eligible OOB rows (gradient_p84 <= 4.0): 32 / 430
low_gradient_p84 OOB n=32 | RMSE=0.1021 | Bias=-0.0080 | FracRMSE=0.1754 | FracBias=-0.1754 | NoneBias=0.0331 | FullBias=-0.0360
5.77s

=== Bootstrap 659/1000 ===

Chosen filter -> Eg_strong/Eg_weak >= 1.05, data_quantity >= 16 | CV acc=0.9364, CV bin acc=0.9837, n_rows(dedup)=1226 | OOB acc=0.8708, OOB bin acc=0.9375, n_rows_test(dedup)=240 |
OOB cameras: ['bartlett', 'delta_junction', 'lacclair', 'queens', 'tammela', 'torgnon', 'willowcreek']
OOB n=306 | RMSE=0.2054 | Bias=-0.0276 | FracRMSE=0.3820 | FracBias=-0.1681 | NoneBias=0.0305 | FullBias=-0.0437
Aspect split eligible OOB rows (north/south facing fraction threshold = 0.75): 56 / 306
north_dominated OOB n=44 | RMSE=0.2888 | Bias=-0.1177 | FracRMSE=0.4185 | FracBias=-0.2653 | NoneBias=0.0000 | FullBias=-0.0978
south_dominated OOB n=12 | RMSE=0.3470 | Bias=-0.1417 | FracRMSE=0.8500 | FracBias=-0.8500 | NoneBias=0.0000 | FullBias=0.0000
Low-gradient eligible OOB rows (gradient_p84 <= 4.0): 26 / 306
low_gradient_p84 OOB n=26 | RMSE=0.1512 | Bias=-0.0411 | FracRMSE=0.2144 | FracBias=-0.0882 | NoneBias=0.0223 | FullBias=-0.0731
6.32s

=== Bootstrap 660/1000 ===

Chosen filter -> Eg_strong/Eg_weak >= 1.05, data_quantity >= 16 | CV acc=0.9345, CV bin acc=0.9744, n_rows(dedup)=1053 | OOB acc=0.9135, OOB bin acc=0.9568, n_rows_test(dedup)=185 |
OOB cameras: ['glees', 'lacclair', 'old_jack_pine', 'queens', 'torgnon']
OOB n=234 | RMSE=0.1240 | Bias=-0.0043 | FracRMSE=0.3099 | FracBias=-0.0917 | NoneBias=0.0151 | FullBias=0.0000
Aspect split eligible OOB rows (north/south facing fraction threshold = 0.75): 19 / 234
north_dominated OOB n=2 | RMSE=0.0000 | Bias=0.0000 | FracRMSE=nan | FracBias=nan | NoneBias=nan | FullBias=0.0000
south_dominated OOB n=17 | RMSE=0.0000 | Bias=0.0000 | FracRMSE=nan | FracBias=nan | NoneBias=0.0000 | FullBias=0.0000
Low-gradient eligible OOB rows (gradient_p84 <= 4.0): 39 / 234
low_gradient_p84 OOB n=39 | RMSE=0.1314 | Bias=-0.0296 | FracRMSE=0.3350 | FracBias=-0.1924 | NoneBias=0.0000 | FullBias=0.0000
6.03s

=== Bootstrap 661/1000 ===

Chosen filter -> Eg_strong/Eg_weak >= 1.18, data_quantity >= 16 | CV acc=0.9729, CV bin acc=0.9901, n_rows(dedup)=811 | OOB acc=0.8620, OOB bin acc=0.9606, n_rows_test(dedup)=355 |
OOB cameras: ['glees', 'hyytiala', 'lacclair', 'sodankyla_full', 'torgnon', 'underc', 'willowcreek']
OOB n=399 | RMSE=0.1528 | Bias=0.0079 | FracRMSE=0.2723 | FracBias=-0.0625 | NoneBias=0.0452 | FullBias=-0.0224
Aspect split eligible OOB rows (north/south facing fraction threshold = 0.75): 25 / 399
north_dominated OOB n=8 | RMSE=0.0000 | Bias=0.0000 | FracRMSE=nan | FracBias=nan | NoneBias=0.0000 | FullBias=0.0000
south_dominated OOB n=17 | RMSE=0.0000 | Bias=0.0000 | FracRMSE=nan | FracBias=nan | NoneBias=0.0000 | FullBias=0.0000
Low-gradient eligible OOB rows (gradient_p84 <= 4.0): 32 / 399
low_gradient_p84 OOB n=32 | RMSE=0.1167 | Bias=-0.0021 | FracRMSE=0.1658 | FracBias=-0.1658 | NoneBias=0.0443 | FullBias=-0.0353
5.53s

=== Bootstrap 662/1000 ===

Chosen filter -> Eg_strong/Eg_weak >= 1.05, data_quantity >= 13 | CV acc=0.9286, CV bin acc=0.9738, n_rows(dedup)=1261 | OOB acc=0.9359, OOB bin acc=0.9637, n_rows_test(dedup)=468 |
OOB cameras: ['bartlett', 'glees', 'hyytiala', 'kenttarova', 'lacclair', 'old_jack_pine', 'tammela', 'underhill', 'wslcreek']
OOB n=549 | RMSE=0.1479 | Bias=-0.0133 | FracRMSE=0.3324 | FracBias=-0.1167 | NoneBias=0.0160 | FullBias=-0.0216
Aspect split eligible OOB rows (north/south facing fraction threshold = 0.75): 100 / 549
north_dominated OOB n=60 | RMSE=0.2314 | Bias=-0.0583 | FracRMSE=0.3860 | FracBias=-0.1697 | NoneBias=0.0223 | FullBias=-0.0409
south_dominated OOB n=40 | RMSE=0.1905 | Bias=-0.0392 | FracRMSE=0.5389 | FracBias=-0.3140 | NoneBias=0.0000 | FullBias=0.0000
Low-gradient eligible OOB rows (gradient_p84 <= 4.0): 50 / 549
low_gradient_p84 OOB n=50 | RMSE=0.1166 | Bias=-0.0209 | FracRMSE=0.2915 | FracBias=-0.1320 | NoneBias=0.0003 | FullBias=0.0000
6.33s

=== Bootstrap 663/1000 ===

Chosen filter -> Eg_strong/Eg_weak >= 1.05, data_quantity >= 9 | CV acc=0.9518, CV bin acc=0.9692, n_rows(dedup)=1203 | OOB acc=0.8379, OOB bin acc=0.9512, n_rows_test(dedup)=512 |
OOB cameras: ['bartlett', 'glees', 'hyytiala', 'kenttarova', 'queens', 'sodankyla_full', 'underc', 'underhill', 'wslcreek']
OOB n=560 | RMSE=0.1625 | Bias=-0.0190 | FracRMSE=0.3432 | FracBias=-0.1366 | NoneBias=0.0203 | FullBias=-0.0341
Aspect split eligible OOB rows (north/south facing fraction threshold = 0.75): 111 / 560
north_dominated OOB n=68 | RMSE=0.2438 | Bias=-0.0641 | FracRMSE=0.4079 | FracBias=-0.1813 | NoneBias=0.0014 | FullBias=-0.0473
south_dominated OOB n=43 | RMSE=0.1838 | Bias=-0.0365 | FracRMSE=0.5389 | FracBias=-0.3140 | NoneBias=0.0000 | FullBias=0.0000
Low-gradient eligible OOB rows (gradient_p84 <= 4.0): 38 / 560
low_gradient_p84 OOB n=38 | RMSE=0.0376 | Bias=0.0051 | FracRMSE=0.0805 | FracBias=0.0031 | NoneBias=0.0109 | FullBias=0.0000
5.84s

=== Bootstrap 664/1000 ===

Chosen filter -> Eg_strong/Eg_weak >= 1.05, data_quantity >= 17 | CV acc=0.9122, CV bin acc=0.9775, n_rows(dedup)=979 | OOB acc=0.9555, OOB bin acc=0.9948, n_rows_test(dedup)=382 |
OOB cameras: ['lacclair', 'old_jack_pine', 'oregon_yp', 'sodankyla_full', 'torgnon', 'underhill']
OOB n=447 | RMSE=0.1370 | Bias=0.0326 | FracRMSE=0.2550 | FracBias=-0.1160 | NoneBias=0.0748 | FullBias=-0.0055
Aspect split eligible OOB rows (north/south facing fraction threshold = 0.75): 15 / 447
north_dominated OOB n=11 | RMSE=0.1003 | Bias=0.0341 | FracRMSE=nan | FracBias=nan | NoneBias=0.0626 | FullBias=0.0000
south_dominated OOB n=4 | RMSE=0.0000 | Bias=0.0000 | FracRMSE=nan | FracBias=nan | NoneBias=0.0000 | FullBias=0.0000
Low-gradient eligible OOB rows (gradient_p84 <= 4.0): 163 / 447
low_gradient_p84 OOB n=163 | RMSE=0.1452 | Bias=0.0609 | FracRMSE=0.2500 | FracBias=-0.1903 | NoneBias=0.1005 | FullBias=-0.0080
5.78s

=== Bootstrap 665/1000 ===

Chosen filter -> Eg_strong/Eg_weak >= 1.30, data_quantity >= 13 | CV acc=0.8874, CV bin acc=0.9680, n_rows(dedup)=968 | OOB acc=0.9389, OOB bin acc=0.9885, n_rows_test(dedup)=262 |
OOB cameras: ['bartlett', 'kenttarova', 'queens', 'sodankyla_full', 'tammela', 'torgnon']
OOB n=288 | RMSE=0.1130 | Bias=-0.0142 | FracRMSE=0.3182 | FracBias=-0.1338 | NoneBias=0.0089 | FullBias=-0.0123
Aspect split eligible OOB rows (north/south facing fraction threshold = 0.75): 59 / 288
north_dominated OOB n=38 | RMSE=0.2038 | Bias=-0.0576 | FracRMSE=0.3785 | FracBias=-0.2034 | NoneBias=0.0047 | FullBias=0.0000
south_dominated OOB n=21 | RMSE=0.2074 | Bias=-0.0567 | FracRMSE=0.4251 | FracBias=-0.2383 | NoneBias=0.0000 | FullBias=0.0000
Low-gradient eligible OOB rows (gradient_p84 <= 4.0): 38 / 288
low_gradient_p84 OOB n=38 | RMSE=0.0507 | Bias=0.0048 | FracRMSE=0.1140 | FracBias=-0.0394 | NoneBias=0.0176 | FullBias=0.0000
5.72s

=== Bootstrap 666/1000 ===

Chosen filter -> Eg_strong/Eg_weak >= 1.09, data_quantity >= 16 | CV acc=0.9443, CV bin acc=0.9750, n_rows(dedup)=879 | OOB acc=0.9075, OOB bin acc=0.9760, n_rows_test(dedup)=292 |
OOB cameras: ['glees', 'lacclair', 'sodankyla_full', 'tammela', 'torgnon', 'willowcreek']
OOB n=324 | RMSE=0.1550 | Bias=0.0160 | FracRMSE=0.2646 | FracBias=-0.0615 | NoneBias=0.0573 | FullBias=-0.0190
Aspect split eligible OOB rows (north/south facing fraction threshold = 0.75): 25 / 324
north_dominated OOB n=8 | RMSE=0.0000 | Bias=0.0000 | FracRMSE=nan | FracBias=nan | NoneBias=0.0000 | FullBias=0.0000
south_dominated OOB n=17 | RMSE=0.0326 | Bias=0.0106 | FracRMSE=nan | FracBias=nan | NoneBias=0.0452 | FullBias=0.0000
Low-gradient eligible OOB rows (gradient_p84 <= 4.0): 32 / 324
low_gradient_p84 OOB n=32 | RMSE=0.1485 | Bias=0.0066 | FracRMSE=0.1890 | FracBias=-0.1890 | NoneBias=0.0681 | FullBias=-0.0388
5.23s

=== Bootstrap 667/1000 ===

Chosen filter -> Eg_strong/Eg_weak >= 1.05, data_quantity >= 13 | CV acc=0.9341, CV bin acc=0.9846, n_rows(dedup)=1107 | OOB acc=0.8468, OOB bin acc=0.9459, n_rows_test(dedup)=222 |
OOB cameras: ['glees', 'hyytiala', 'underc', 'underhill']
OOB n=237 | RMSE=0.1742 | Bias=0.0106 | FracRMSE=0.2571 | FracBias=-0.0189 | NoneBias=0.0497 | FullBias=-0.0429
Aspect split eligible OOB rows (north/south facing fraction threshold = 0.75): 19 / 237
north_dominated OOB n=3 | RMSE=0.2286 | Bias=0.1320 | FracRMSE=nan | FracBias=nan | NoneBias=0.3960 | FullBias=0.0000
south_dominated OOB n=16 | RMSE=0.0150 | Bias=0.0050 | FracRMSE=nan | FracBias=nan | NoneBias=0.0200 | FullBias=0.0000
Low-gradient eligible OOB rows (gradient_p84 <= 4.0): 0 / 237
low_gradient_p84 OOB n=0 | RMSE=nan | Bias=nan | FracRMSE=nan | FracBias=nan | NoneBias=nan | FullBias=nan
5.87s

=== Bootstrap 668/1000 ===

Chosen filter -> Eg_strong/Eg_weak >= 1.05, data_quantity >= 16 | CV acc=0.9057, CV bin acc=0.9458, n_rows(dedup)=923 | OOB acc=0.9364, OOB bin acc=0.9886, n_rows_test(dedup)=440 |
OOB cameras: ['delta_junction', 'glees', 'hyytiala', 'sodankyla_full', 'tammela', 'underhill', 'wslcreek']
OOB n=475 | RMSE=0.1061 | Bias=0.0095 | FracRMSE=0.2711 | FracBias=0.0047 | NoneBias=0.0238 | FullBias=-0.0089
Aspect split eligible OOB rows (north/south facing fraction threshold = 0.75): 74 / 475
north_dominated OOB n=59 | RMSE=0.1440 | Bias=-0.0055 | FracRMSE=0.2851 | FracBias=-0.0617 | NoneBias=0.0267 | FullBias=0.0000
south_dominated OOB n=15 | RMSE=0.0357 | Bias=0.0129 | FracRMSE=nan | FracBias=nan | NoneBias=0.0483 | FullBias=0.0000
Low-gradient eligible OOB rows (gradient_p84 <= 4.0): 50 / 475
low_gradient_p84 OOB n=50 | RMSE=0.0902 | Bias=0.0009 | FracRMSE=0.1833 | FracBias=-0.0484 | NoneBias=0.0228 | FullBias=0.0000
5.34s

=== Bootstrap 669/1000 ===

Chosen filter -> Eg_strong/Eg_weak >= 1.05, data_quantity >= 17 | CV acc=0.9218, CV bin acc=0.9899, n_rows(dedup)=895 | OOB acc=0.9388, OOB bin acc=0.9641, n_rows_test(dedup)=474 |
OOB cameras: ['bartlett', 'hyytiala', 'marcell_MN', 'old_jack_pine', 'sodankyla_full', 'willowcreek', 'wslcreek']
OOB n=508 | RMSE=0.1732 | Bias=-0.0273 | FracRMSE=0.4069 | FracBias=-0.2290 | NoneBias=0.0240 | FullBias=-0.0634
Aspect split eligible OOB rows (north/south facing fraction threshold = 0.75): 43 / 508
north_dominated OOB n=33 | RMSE=0.2720 | Bias=-0.0954 | FracRMSE=0.5056 | FracBias=-0.3312 | NoneBias=0.0000 | FullBias=-0.0678
south_dominated OOB n=10 | RMSE=0.3823 | Bias=-0.1828 | FracRMSE=0.8500 | FracBias=-0.8500 | NoneBias=0.0000 | FullBias=-0.0213
Low-gradient eligible OOB rows (gradient_p84 <= 4.0): 70 / 508
low_gradient_p84 OOB n=70 | RMSE=0.1352 | Bias=-0.0299 | FracRMSE=0.3590 | FracBias=-0.2878 | NoneBias=0.0189 | FullBias=-0.0469
5.79s

=== Bootstrap 670/1000 ===

Chosen filter -> Eg_strong/Eg_weak >= 1.11, data_quantity >= 16 | CV acc=0.9345, CV bin acc=0.9796, n_rows(dedup)=1130 | OOB acc=0.9354, OOB bin acc=0.9845, n_rows_test(dedup)=387 |
OOB cameras: ['delta_junction', 'glees', 'hyytiala', 'tammela', 'torgnon', 'underhill', 'varrio', 'wslcreek']
OOB n=425 | RMSE=0.1146 | Bias=0.0090 | FracRMSE=0.3001 | FracBias=-0.0082 | NoneBias=0.0260 | FullBias=-0.0067
Aspect split eligible OOB rows (north/south facing fraction threshold = 0.75): 91 / 425
north_dominated OOB n=73 | RMSE=0.1395 | Bias=-0.0139 | FracRMSE=0.3025 | FracBias=-0.1149 | NoneBias=0.0240 | FullBias=0.0000
south_dominated OOB n=18 | RMSE=0.0321 | Bias=0.0100 | FracRMSE=nan | FracBias=nan | NoneBias=0.0599 | FullBias=0.0000
Low-gradient eligible OOB rows (gradient_p84 <= 4.0): 22 / 425
low_gradient_p84 OOB n=22 | RMSE=0.1327 | Bias=-0.0428 | FracRMSE=0.2200 | FracBias=-0.1176 | NoneBias=0.0000 | FullBias=0.0000
6.37s

=== Bootstrap 671/1000 ===

Chosen filter -> Eg_strong/Eg_weak >= 1.05, data_quantity >= 15 | CV acc=0.9338, CV bin acc=0.9919, n_rows(dedup)=1117 | OOB acc=0.9352, OOB bin acc=0.9666, n_rows_test(dedup)=509 |
OOB cameras: ['bartlett', 'hyytiala', 'old_jack_pine', 'oregon_yp', 'torgnon', 'underc', 'willowcreek', 'wslcreek']
OOB n=570 | RMSE=0.1792 | Bias=-0.0025 | FracRMSE=0.3511 | FracBias=-0.1624 | NoneBias=0.0456 | FullBias=-0.0507
Aspect split eligible OOB rows (north/south facing fraction threshold = 0.75): 39 / 570
north_dominated OOB n=28 | RMSE=0.3150 | Bias=-0.1194 | FracRMSE=0.5348 | FracBias=-0.3464 | NoneBias=0.0000 | FullBias=-0.0805
south_dominated OOB n=11 | RMSE=0.3624 | Bias=-0.1545 | FracRMSE=0.8500 | FracBias=-0.8500 | NoneBias=0.0000 | FullBias=0.0000
Low-gradient eligible OOB rows (gradient_p84 <= 4.0): 142 / 570
low_gradient_p84 OOB n=142 | RMSE=0.1322 | Bias=0.0222 | FracRMSE=0.2908 | FracBias=-0.2233 | NoneBias=0.0581 | FullBias=-0.0469
6.36s

=== Bootstrap 672/1000 ===

Chosen filter -> Eg_strong/Eg_weak >= 1.07, data_quantity >= 15 | CV acc=0.9385, CV bin acc=0.9781, n_rows(dedup)=1139 | OOB acc=0.9421, OOB bin acc=0.9697, n_rows_test(dedup)=363 |
OOB cameras: ['bartlett', 'kenttarova', 'marcell_MN', 'sodankyla_full', 'tammela', 'willowcreek']
OOB n=392 | RMSE=0.1625 | Bias=-0.0114 | FracRMSE=0.3599 | FracBias=-0.1498 | NoneBias=0.0257 | FullBias=-0.0290
Aspect split eligible OOB rows (north/south facing fraction threshold = 0.75): 62 / 392
north_dominated OOB n=41 | RMSE=0.2495 | Bias=-0.0756 | FracRMSE=0.3813 | FracBias=-0.1787 | NoneBias=0.0000 | FullBias=-0.0691
south_dominated OOB n=21 | RMSE=0.2630 | Bias=-0.0748 | FracRMSE=0.5389 | FracBias=-0.3140 | NoneBias=0.0000 | FullBias=0.0000
Low-gradient eligible OOB rows (gradient_p84 <= 4.0): 40 / 392
low_gradient_p84 OOB n=40 | RMSE=0.0636 | Bias=-0.0006 | FracRMSE=0.0692 | FracBias=0.0118 | NoneBias=0.0176 | FullBias=-0.0218
6.31s

=== Bootstrap 673/1000 ===

Chosen filter -> Eg_strong/Eg_weak >= 1.28, data_quantity >= 16 | CV acc=0.9135, CV bin acc=0.9767, n_rows(dedup)=902 | OOB acc=0.9424, OOB bin acc=0.9820, n_rows_test(dedup)=278 |
OOB cameras: ['hyytiala', 'queens', 'sodankyla_full', 'tammela', 'torgnon']
OOB n=280 | RMSE=0.0737 | Bias=-0.0054 | FracRMSE=0.2743 | FracBias=-0.2705 | NoneBias=0.0110 | FullBias=-0.0289
Aspect split eligible OOB rows (north/south facing fraction threshold = 0.75): 9 / 280
north_dominated OOB n=6 | RMSE=0.0000 | Bias=0.0000 | FracRMSE=nan | FracBias=nan | NoneBias=0.0000 | FullBias=0.0000
south_dominated OOB n=3 | RMSE=0.0000 | Bias=0.0000 | FracRMSE=nan | FracBias=nan | NoneBias=0.0000 | FullBias=0.0000
Low-gradient eligible OOB rows (gradient_p84 <= 4.0): 28 / 280
low_gradient_p84 OOB n=28 | RMSE=0.0657 | Bias=0.0055 | FracRMSE=0.2251 | FracBias=-0.2251 | NoneBias=0.0293 | FullBias=0.0000
5.6s

=== Bootstrap 674/1000 ===

Chosen filter -> Eg_strong/Eg_weak >= 1.09, data_quantity >= 16 | CV acc=0.9238, CV bin acc=0.9807, n_rows(dedup)=1141 | OOB acc=0.8735, OOB bin acc=0.9289, n_rows_test(dedup)=253 |
OOB cameras: ['bartlett', 'glees', 'hyytiala', 'lacclair', 'queens', 'tammela', 'torgnon']
OOB n=289 | RMSE=0.1540 | Bias=-0.0419 | FracRMSE=0.4678 | FracBias=-0.3931 | NoneBias=0.0049 | FullBias=-0.0637
Aspect split eligible OOB rows (north/south facing fraction threshold = 0.75): 32 / 289
north_dominated OOB n=10 | RMSE=0.5355 | Bias=-0.3742 | FracRMSE=0.6888 | FracBias=-0.6834 | NoneBias=0.0000 | FullBias=-0.2821
south_dominated OOB n=22 | RMSE=0.1835 | Bias=-0.0447 | FracRMSE=0.8500 | FracBias=-0.8500 | NoneBias=0.0000 | FullBias=-0.0075
Low-gradient eligible OOB rows (gradient_p84 <= 4.0): 0 / 289
low_gradient_p84 OOB n=0 | RMSE=nan | Bias=nan | FracRMSE=nan | FracBias=nan | NoneBias=nan | FullBias=nan
6.21s

=== Bootstrap 675/1000 ===

Chosen filter -> Eg_strong/Eg_weak >= 1.14, data_quantity >= 10 | CV acc=0.9156, CV bin acc=0.9660, n_rows(dedup)=912 | OOB acc=0.9264, OOB bin acc=0.9729, n_rows_test(dedup)=516 |
OOB cameras: ['bartlett', 'glees', 'kenttarova', 'lacclair', 'old_jack_pine', 'oregon_yp', 'sodankyla_full']
OOB n=612 | RMSE=0.1506 | Bias=-0.0001 | FracRMSE=0.3196 | FracBias=-0.1188 | NoneBias=0.0396 | FullBias=-0.0174
Aspect split eligible OOB rows (north/south facing fraction threshold = 0.75): 85 / 612
north_dominated OOB n=47 | RMSE=0.3086 | Bias=-0.1017 | FracRMSE=0.4539 | FracBias=-0.2369 | NoneBias=0.0046 | FullBias=-0.0952
south_dominated OOB n=38 | RMSE=0.1386 | Bias=-0.0189 | FracRMSE=0.4271 | FracBias=-0.1800 | NoneBias=0.0000 | FullBias=0.0000
Low-gradient eligible OOB rows (gradient_p84 <= 4.0): 177 / 612
low_gradient_p84 OOB n=177 | RMSE=0.1262 | Bias=0.0356 | FracRMSE=0.2477 | FracBias=-0.1331 | NoneBias=0.0643 | FullBias=0.0000
5.41s

=== Bootstrap 676/1000 ===

Chosen filter -> Eg_strong/Eg_weak >= 1.05, data_quantity >= 16 | CV acc=0.8993, CV bin acc=0.9844, n_rows(dedup)=834 | OOB acc=0.9675, OOB bin acc=0.9777, n_rows_test(dedup)=493 |
OOB cameras: ['bartlett', 'marcell_MN', 'old_jack_pine', 'oregon_yp', 'sodankyla_full', 'underhill', 'willowcreek']
OOB n=540 | RMSE=0.1737 | Bias=0.0025 | FracRMSE=0.3671 | FracBias=-0.2057 | NoneBias=0.0510 | FullBias=-0.0346
Aspect split eligible OOB rows (north/south facing fraction threshold = 0.75): 27 / 540
north_dominated OOB n=18 | RMSE=0.3721 | Bias=-0.1794 | FracRMSE=0.6572 | FracBias=-0.6354 | NoneBias=0.0195 | FullBias=-0.2112
south_dominated OOB n=9 | RMSE=0.4007 | Bias=-0.1889 | FracRMSE=0.8500 | FracBias=-0.8500 | NoneBias=0.0000 | FullBias=0.0000
Low-gradient eligible OOB rows (gradient_p84 <= 4.0): 169 / 540
low_gradient_p84 OOB n=169 | RMSE=0.1261 | Bias=0.0225 | FracRMSE=0.2807 | FracBias=-0.2193 | NoneBias=0.0590 | FullBias=-0.0242
5.32s

=== Bootstrap 677/1000 ===

Chosen filter -> Eg_strong/Eg_weak >= 1.18, data_quantity >= 9 | CV acc=0.9496, CV bin acc=0.9776, n_rows(dedup)=892 | OOB acc=0.8247, OOB bin acc=0.9827, n_rows_test(dedup)=405 |
OOB cameras: ['glees', 'kenttarova', 'old_jack_pine', 'sodankyla_full', 'underc']
OOB n=460 | RMSE=0.1241 | Bias=0.0064 | FracRMSE=0.2395 | FracBias=-0.0238 | NoneBias=0.0307 | FullBias=-0.0072
Aspect split eligible OOB rows (north/south facing fraction threshold = 0.75): 66 / 460
north_dominated OOB n=35 | RMSE=0.0206 | Bias=0.0080 | FracRMSE=0.0430 | FracBias=0.0350 | NoneBias=0.0000 | FullBias=0.0000
south_dominated OOB n=31 | RMSE=0.0191 | Bias=0.0064 | FracRMSE=0.0493 | FracBias=0.0433 | NoneBias=0.0097 | FullBias=0.0000
Low-gradient eligible OOB rows (gradient_p84 <= 4.0): 78 / 460
low_gradient_p84 OOB n=78 | RMSE=0.1040 | Bias=-0.0128 | FracRMSE=0.2928 | FracBias=-0.1454 | NoneBias=0.0074 | FullBias=0.0000
5.29s

=== Bootstrap 678/1000 ===

Chosen filter -> Eg_strong/Eg_weak >= 1.05, data_quantity >= 16 | CV acc=0.9523, CV bin acc=0.9901, n_rows(dedup)=1216 | OOB acc=0.8691, OOB bin acc=0.9455, n_rows_test(dedup)=275 |
OOB cameras: ['bartlett', 'delta_junction', 'glees', 'lacclair', 'underhill', 'varrio', 'willowcreek']
OOB n=347 | RMSE=0.2015 | Bias=-0.0207 | FracRMSE=0.3871 | FracBias=-0.1734 | NoneBias=0.0470 | FullBias=-0.0276
Aspect split eligible OOB rows (north/south facing fraction threshold = 0.75): 92 / 347
north_dominated OOB n=66 | RMSE=0.2393 | Bias=-0.0787 | FracRMSE=0.4256 | FracBias=-0.2698 | NoneBias=0.0034 | FullBias=-0.0496
south_dominated OOB n=26 | RMSE=0.2357 | Bias=-0.0654 | FracRMSE=0.8500 | FracBias=-0.8500 | NoneBias=0.0000 | FullBias=0.0000
Low-gradient eligible OOB rows (gradient_p84 <= 4.0): 26 / 347
low_gradient_p84 OOB n=26 | RMSE=0.1480 | Bias=-0.0412 | FracRMSE=0.2168 | FracBias=-0.0910 | NoneBias=0.0199 | FullBias=-0.0679
6.32s

=== Bootstrap 679/1000 ===

Chosen filter -> Eg_strong/Eg_weak >= 1.06, data_quantity >= 9 | CV acc=0.9054, CV bin acc=0.9758, n_rows(dedup)=909 | OOB acc=0.9696, OOB bin acc=0.9959, n_rows_test(dedup)=493 |
OOB cameras: ['kenttarova', 'marcell_MN', 'old_jack_pine', 'oregon_yp', 'sodankyla_full']
OOB n=554 | RMSE=0.1195 | Bias=0.0267 | FracRMSE=0.2141 | FracBias=-0.0662 | NoneBias=0.0635 | FullBias=-0.0083
Aspect split eligible OOB rows (north/south facing fraction threshold = 0.75): 49 / 554
north_dominated OOB n=35 | RMSE=0.0342 | Bias=0.0133 | FracRMSE=0.0383 | FracBias=0.0304 | NoneBias=0.0185 | FullBias=0.0000
south_dominated OOB n=14 | RMSE=0.0163 | Bias=0.0051 | FracRMSE=0.0351 | FracBias=0.0237 | NoneBias=0.0000 | FullBias=0.0000
Low-gradient eligible OOB rows (gradient_p84 <= 4.0): 178 / 554
low_gradient_p84 OOB n=178 | RMSE=0.1453 | Bias=0.0634 | FracRMSE=0.2231 | FracBias=-0.1478 | NoneBias=0.1037 | FullBias=-0.0034
5.22s

=== Bootstrap 680/1000 ===

Chosen filter -> Eg_strong/Eg_weak >= 1.09, data_quantity >= 16 | CV acc=0.9196, CV bin acc=0.9836, n_rows(dedup)=1157 | OOB acc=0.9456, OOB bin acc=0.9592, n_rows_test(dedup)=147 |
OOB cameras: ['bartlett', 'kenttarova', 'tammela', 'underhill']
OOB n=170 | RMSE=0.1775 | Bias=-0.0277 | FracRMSE=0.3157 | FracBias=-0.1206 | NoneBias=0.0160 | FullBias=-0.0489
Aspect split eligible OOB rows (north/south facing fraction threshold = 0.75): 54 / 170
north_dominated OOB n=37 | RMSE=0.2558 | Bias=-0.0771 | FracRMSE=0.3446 | FracBias=-0.1635 | NoneBias=0.0328 | FullBias=-0.0840
south_dominated OOB n=17 | RMSE=0.2074 | Bias=-0.0486 | FracRMSE=0.4262 | FracBias=-0.1901 | NoneBias=0.0000 | FullBias=-0.0067
Low-gradient eligible OOB rows (gradient_p84 <= 4.0): 8 / 170
low_gradient_p84 OOB n=8 | RMSE=0.0223 | Bias=0.0100 | FracRMSE=0.0447 | FracBias=0.0398 | NoneBias=0.0000 | FullBias=0.0000
6.24s

=== Bootstrap 681/1000 ===

Chosen filter -> Eg_strong/Eg_weak >= 1.05, data_quantity >= 16 | CV acc=0.8887, CV bin acc=0.9858, n_rows(dedup)=1060 | OOB acc=0.9692, OOB bin acc=0.9856, n_rows_test(dedup)=487 |
OOB cameras: ['lacclair', 'marcell_MN', 'old_jack_pine', 'oregon_yp', 'tammela', 'varrio', 'willowcreek']
OOB n=561 | RMSE=0.1402 | Bias=0.0101 | FracRMSE=0.2694 | FracBias=-0.1451 | NoneBias=0.0508 | FullBias=-0.0244
Aspect split eligible OOB rows (north/south facing fraction threshold = 0.75): 28 / 561
north_dominated OOB n=23 | RMSE=0.0000 | Bias=0.0000 | FracRMSE=nan | FracBias=nan | NoneBias=0.0000 | FullBias=0.0000
south_dominated OOB n=5 | RMSE=0.0000 | Bias=0.0000 | FracRMSE=nan | FracBias=nan | NoneBias=nan | FullBias=0.0000
Low-gradient eligible OOB rows (gradient_p84 <= 4.0): 141 / 561
low_gradient_p84 OOB n=141 | RMSE=0.1432 | Bias=0.0331 | FracRMSE=0.2828 | FracBias=-0.2298 | NoneBias=0.0742 | FullBias=-0.0806
6.13s

=== Bootstrap 682/1000 ===

Chosen filter -> Eg_strong/Eg_weak >= 1.05, data_quantity >= 16 | CV acc=0.9368, CV bin acc=0.9703, n_rows(dedup)=1281 | OOB acc=0.9066, OOB bin acc=0.9728, n_rows_test(dedup)=257 |
OOB cameras: ['bartlett', 'glees', 'kenttarova', 'marcell_MN', 'torgnon', 'underhill', 'varrio']
OOB n=290 | RMSE=0.1534 | Bias=-0.0205 | FracRMSE=0.3742 | FracBias=-0.1530 | NoneBias=0.0122 | FullBias=-0.0168
Aspect split eligible OOB rows (north/south facing fraction threshold = 0.75): 95 / 290
north_dominated OOB n=58 | RMSE=0.2279 | Bias=-0.0615 | FracRMSE=0.3938 | FracBias=-0.1889 | NoneBias=0.0000 | FullBias=-0.0525
south_dominated OOB n=37 | RMSE=0.1981 | Bias=-0.0424 | FracRMSE=0.5389 | FracBias=-0.3140 | NoneBias=0.0000 | FullBias=0.0000
Low-gradient eligible OOB rows (gradient_p84 <= 4.0): 8 / 290
low_gradient_p84 OOB n=8 | RMSE=0.0300 | Bias=0.0150 | FracRMSE=0.0600 | FracBias=0.0600 | NoneBias=0.0000 | FullBias=0.0000
6.6s

=== Bootstrap 683/1000 ===

Chosen filter -> Eg_strong/Eg_weak >= 1.20, data_quantity >= 15 | CV acc=0.9586, CV bin acc=0.9774, n_rows(dedup)=1063 | OOB acc=0.8921, OOB bin acc=0.9796, n_rows_test(dedup)=343 |
OOB cameras: ['bartlett', 'delta_junction', 'glees', 'tammela', 'torgnon', 'underc', 'varrio', 'wslcreek']
OOB n=399 | RMSE=0.1467 | Bias=-0.0066 | FracRMSE=0.3591 | FracBias=-0.0707 | NoneBias=0.0170 | FullBias=-0.0065
Aspect split eligible OOB rows (north/south facing fraction threshold = 0.75): 104 / 399
north_dominated OOB n=79 | RMSE=0.1804 | Bias=-0.0402 | FracRMSE=0.4009 | FracBias=-0.1986 | NoneBias=0.0000 | FullBias=0.0000
south_dominated OOB n=25 | RMSE=0.1700 | Bias=-0.0340 | FracRMSE=0.8500 | FracBias=-0.8500 | NoneBias=0.0000 | FullBias=0.0000
Low-gradient eligible OOB rows (gradient_p84 <= 4.0): 22 / 399
low_gradient_p84 OOB n=22 | RMSE=0.1351 | Bias=-0.0231 | FracRMSE=0.2241 | FracBias=-0.0635 | NoneBias=0.0000 | FullBias=0.0000
6.22s

=== Bootstrap 684/1000 ===

Chosen filter -> Eg_strong/Eg_weak >= 1.18, data_quantity >= 17 | CV acc=0.9361, CV bin acc=0.9872, n_rows(dedup)=704 | OOB acc=0.9269, OOB bin acc=0.9909, n_rows_test(dedup)=547 |
OOB cameras: ['bartlett', 'delta_junction', 'kenttarova', 'lacclair', 'old_jack_pine', 'oregon_yp', 'tammela', 'underc', 'varrio']
OOB n=676 | RMSE=0.1607 | Bias=-0.0112 | FracRMSE=0.3678 | FracBias=-0.0975 | NoneBias=0.0098 | FullBias=-0.0049
Aspect split eligible OOB rows (north/south facing fraction threshold = 0.75): 107 / 676
north_dominated OOB n=86 | RMSE=0.2201 | Bias=-0.0367 | FracRMSE=0.4565 | FracBias=-0.1578 | NoneBias=0.0000 | FullBias=0.0000
south_dominated OOB n=21 | RMSE=0.1860 | Bias=-0.0371 | FracRMSE=0.4920 | FracBias=-0.2600 | NoneBias=0.0000 | FullBias=0.0000
Low-gradient eligible OOB rows (gradient_p84 <= 4.0): 161 / 676
low_gradient_p84 OOB n=161 | RMSE=0.1218 | Bias=-0.0140 | FracRMSE=0.3258 | FracBias=-0.1191 | NoneBias=0.0030 | FullBias=0.0000
5.34s

=== Bootstrap 685/1000 ===

Chosen filter -> Eg_strong/Eg_weak >= 1.30, data_quantity >= 9 | CV acc=0.9493, CV bin acc=0.9866, n_rows(dedup)=671 | OOB acc=0.9051, OOB bin acc=0.9877, n_rows_test(dedup)=653 |
OOB cameras: ['glees', 'kenttarova', 'old_jack_pine', 'oregon_yp', 'queens', 'sodankyla_full', 'varrio', 'willowcreek', 'wslcreek']
OOB n=719 | RMSE=0.1394 | Bias=0.0294 | FracRMSE=0.2161 | FracBias=-0.0513 | NoneBias=0.0775 | FullBias=-0.0102
Aspect split eligible OOB rows (north/south facing fraction threshold = 0.75): 112 / 719
north_dominated OOB n=75 | RMSE=0.0638 | Bias=0.0133 | FracRMSE=0.1653 | FracBias=0.0755 | NoneBias=0.0153 | FullBias=0.0000
south_dominated OOB n=37 | RMSE=0.0366 | Bias=0.0102 | FracRMSE=0.0352 | FracBias=0.0247 | NoneBias=0.0431 | FullBias=0.0000
Low-gradient eligible OOB rows (gradient_p84 <= 4.0): 182 / 719
low_gradient_p84 OOB n=182 | RMSE=0.1505 | Bias=0.0542 | FracRMSE=0.2360 | FracBias=-0.1608 | NoneBias=0.0977 | FullBias=-0.0198
5.02s

=== Bootstrap 686/1000 ===

Chosen filter -> Eg_strong/Eg_weak >= 1.28, data_quantity >= 11 | CV acc=0.9569, CV bin acc=0.9845, n_rows(dedup)=904 | OOB acc=0.8497, OOB bin acc=0.9590, n_rows_test(dedup)=366 |
OOB cameras: ['glees', 'hyytiala', 'lacclair', 'sodankyla_full', 'underc', 'willowcreek']
OOB n=413 | RMSE=0.1963 | Bias=0.0264 | FracRMSE=0.3733 | FracBias=0.0649 | NoneBias=0.0773 | FullBias=-0.0244
Aspect split eligible OOB rows (north/south facing fraction threshold = 0.75): 28 / 413
north_dominated OOB n=9 | RMSE=0.0000 | Bias=0.0000 | FracRMSE=nan | FracBias=nan | NoneBias=0.0000 | FullBias=0.0000
south_dominated OOB n=19 | RMSE=0.0542 | Bias=0.0153 | FracRMSE=nan | FracBias=nan | NoneBias=0.0726 | FullBias=0.0000
Low-gradient eligible OOB rows (gradient_p84 <= 4.0): 33 / 413
low_gradient_p84 OOB n=33 | RMSE=0.2110 | Bias=0.0116 | FracRMSE=0.2314 | FracBias=-0.2314 | NoneBias=0.0906 | FullBias=-0.0438
5.48s

=== Bootstrap 687/1000 ===

Chosen filter -> Eg_strong/Eg_weak >= 1.18, data_quantity >= 14 | CV acc=0.9240, CV bin acc=0.9520, n_rows(dedup)=855 | OOB acc=0.8834, OOB bin acc=0.9941, n_rows_test(dedup)=506 |
OOB cameras: ['glees', 'oregon_yp', 'queens', 'sodankyla_full', 'tammela', 'torgnon', 'underc', 'varrio']
OOB n=544 | RMSE=0.1122 | Bias=0.0182 | FracRMSE=0.2631 | FracBias=-0.1281 | NoneBias=0.0502 | FullBias=-0.0040
Aspect split eligible OOB rows (north/south facing fraction threshold = 0.75): 51 / 544
north_dominated OOB n=29 | RMSE=0.0000 | Bias=0.0000 | FracRMSE=nan | FracBias=nan | NoneBias=0.0000 | FullBias=0.0000
south_dominated OOB n=22 | RMSE=0.0706 | Bias=-0.0151 | FracRMSE=0.3312 | FracBias=-0.3312 | NoneBias=0.0000 | FullBias=0.0000
Low-gradient eligible OOB rows (gradient_p84 <= 4.0): 128 / 544
low_gradient_p84 OOB n=128 | RMSE=0.1401 | Bias=0.0568 | FracRMSE=0.2613 | FracBias=-0.2073 | NoneBias=0.0887 | FullBias=0.0000
5.22s

=== Bootstrap 688/1000 ===

Chosen filter -> Eg_strong/Eg_weak >= 1.28, data_quantity >= 16 | CV acc=0.9185, CV bin acc=0.9854, n_rows(dedup)=957 | OOB acc=0.8971, OOB bin acc=0.9754, n_rows_test(dedup)=447 |
OOB cameras: ['bartlett', 'kenttarova', 'lacclair', 'old_jack_pine', 'queens', 'sodankyla_full', 'varrio', 'willowcreek', 'wslcreek']
OOB n=525 | RMSE=0.1467 | Bias=-0.0108 | FracRMSE=0.2962 | FracBias=-0.1171 | NoneBias=0.0314 | FullBias=-0.0217
Aspect split eligible OOB rows (north/south facing fraction threshold = 0.75): 101 / 525
north_dominated OOB n=76 | RMSE=0.1311 | Bias=-0.0187 | FracRMSE=0.3296 | FracBias=-0.1213 | NoneBias=0.0026 | FullBias=-0.0000
south_dominated OOB n=25 | RMSE=0.1716 | Bias=-0.0365 | FracRMSE=0.4265 | FracBias=-0.2044 | NoneBias=0.0000 | FullBias=-0.0055
Low-gradient eligible OOB rows (gradient_p84 <= 4.0): 77 / 525
low_gradient_p84 OOB n=77 | RMSE=0.1245 | Bias=-0.0252 | FracRMSE=0.3023 | FracBias=-0.2012 | NoneBias=0.0166 | FullBias=-0.0318
5.71s

=== Bootstrap 689/1000 ===

Chosen filter -> Eg_strong/Eg_weak >= 1.28, data_quantity >= 17 | CV acc=0.9069, CV bin acc=0.9772, n_rows(dedup)=1010 | OOB acc=0.9256, OOB bin acc=0.9835, n_rows_test(dedup)=242 |
OOB cameras: ['bartlett', 'lacclair', 'queens', 'sodankyla_full', 'varrio', 'wslcreek']
OOB n=284 | RMSE=0.1049 | Bias=-0.0144 | FracRMSE=0.4052 | FracBias=-0.2661 | NoneBias=0.0112 | FullBias=-0.0068
Aspect split eligible OOB rows (north/south facing fraction threshold = 0.75): 63 / 284
north_dominated OOB n=50 | RMSE=0.1570 | Bias=-0.0319 | FracRMSE=0.4965 | FracBias=-0.3186 | NoneBias=0.0000 | FullBias=0.0000
south_dominated OOB n=13 | RMSE=0.2364 | Bias=-0.0702 | FracRMSE=0.8500 | FracBias=-0.8500 | NoneBias=0.0000 | FullBias=-0.0057
Low-gradient eligible OOB rows (gradient_p84 <= 4.0): 28 / 284
low_gradient_p84 OOB n=28 | RMSE=0.0599 | Bias=0.0037 | FracRMSE=0.2106 | FracBias=-0.2106 | NoneBias=0.0243 | FullBias=0.0000
5.88s

=== Bootstrap 690/1000 ===

Chosen filter -> Eg_strong/Eg_weak >= 1.09, data_quantity >= 17 | CV acc=0.9149, CV bin acc=0.9814, n_rows(dedup)=752 | OOB acc=0.9261, OOB bin acc=0.9848, n_rows_test(dedup)=528 |
OOB cameras: ['delta_junction', 'kenttarova', 'marcell_MN', 'old_jack_pine', 'oregon_yp', 'tammela', 'torgnon', 'willowcreek']
OOB n=608 | RMSE=0.1541 | Bias=0.0303 | FracRMSE=0.2478 | FracBias=-0.0232 | NoneBias=0.0665 | FullBias=-0.0233
Aspect split eligible OOB rows (north/south facing fraction threshold = 0.75): 71 / 608
north_dominated OOB n=59 | RMSE=0.1215 | Bias=0.0008 | FracRMSE=0.2183 | FracBias=-0.0181 | NoneBias=0.0182 | FullBias=-0.0003
south_dominated OOB n=12 | RMSE=0.0176 | Bias=0.0058 | FracRMSE=0.0430 | FracBias=0.0350 | NoneBias=0.0000 | FullBias=0.0000
Low-gradient eligible OOB rows (gradient_p84 <= 4.0): 166 / 608
low_gradient_p84 OOB n=166 | RMSE=0.1561 | Bias=0.0652 | FracRMSE=0.2175 | FracBias=-0.0884 | NoneBias=0.1064 | FullBias=-0.0358
5.54s

=== Bootstrap 691/1000 ===

Chosen filter -> Eg_strong/Eg_weak >= 1.07, data_quantity >= 16 | CV acc=0.9566, CV bin acc=0.9876, n_rows(dedup)=967 | OOB acc=0.8913, OOB bin acc=0.9783, n_rows_test(dedup)=368 |
OOB cameras: ['delta_junction', 'glees', 'marcell_MN', 'old_jack_pine', 'queens', 'willowcreek', 'wslcreek']
OOB n=422 | RMSE=0.1679 | Bias=0.0087 | FracRMSE=0.3174 | FracBias=-0.0271 | NoneBias=0.0407 | FullBias=-0.0122
Aspect split eligible OOB rows (north/south facing fraction threshold = 0.75): 66 / 422
north_dominated OOB n=51 | RMSE=0.1619 | Bias=-0.0242 | FracRMSE=0.3207 | FracBias=-0.0949 | NoneBias=0.0000 | FullBias=0.0000
south_dominated OOB n=15 | RMSE=0.0080 | Bias=0.0021 | FracRMSE=nan | FracBias=nan | NoneBias=0.0104 | FullBias=0.0000
Low-gradient eligible OOB rows (gradient_p84 <= 4.0): 64 / 422
low_gradient_p84 OOB n=64 | RMSE=0.1504 | Bias=-0.0277 | FracRMSE=0.2880 | FracBias=-0.1400 | NoneBias=0.0145 | FullBias=-0.0191
5.59s

=== Bootstrap 692/1000 ===

Chosen filter -> Eg_strong/Eg_weak >= 1.05, data_quantity >= 17 | CV acc=0.8820, CV bin acc=0.9699, n_rows(dedup)=898 | OOB acc=0.9657, OOB bin acc=0.9844, n_rows_test(dedup)=321 |
OOB cameras: ['hyytiala', 'old_jack_pine', 'torgnon', 'underhill', 'varrio', 'wslcreek']
OOB n=349 | RMSE=0.1120 | Bias=-0.0015 | FracRMSE=0.2919 | FracBias=-0.0635 | NoneBias=0.0182 | FullBias=-0.0170
Aspect split eligible OOB rows (north/south facing fraction threshold = 0.75): 44 / 349
north_dominated OOB n=39 | RMSE=0.0673 | Bias=0.0147 | FracRMSE=0.2169 | FracBias=0.1430 | NoneBias=0.0410 | FullBias=0.0000
south_dominated OOB n=5 | RMSE=0.0000 | Bias=0.0000 | FracRMSE=nan | FracBias=nan | NoneBias=nan | FullBias=0.0000
Low-gradient eligible OOB rows (gradient_p84 <= 4.0): 38 / 349
low_gradient_p84 OOB n=38 | RMSE=0.1300 | Bias=-0.0298 | FracRMSE=0.3456 | FracBias=-0.2418 | NoneBias=0.0102 | FullBias=-0.0221
5.46s

=== Bootstrap 693/1000 ===

Chosen filter -> Eg_strong/Eg_weak >= 1.27, data_quantity >= 12 | CV acc=0.9613, CV bin acc=0.9825, n_rows(dedup)=1086 | OOB acc=0.8499, OOB bin acc=0.9603, n_rows_test(dedup)=353 |
OOB cameras: ['bartlett', 'delta_junction', 'glees', 'lacclair', 'marcell_MN', 'old_jack_pine', 'queens', 'underc']
OOB n=454 | RMSE=0.1993 | Bias=-0.0132 | FracRMSE=0.4196 | FracBias=-0.0942 | NoneBias=0.0190 | FullBias=-0.0076
Aspect split eligible OOB rows (north/south facing fraction threshold = 0.75): 66 / 454
north_dominated OOB n=42 | RMSE=0.3472 | Bias=-0.1020 | FracRMSE=0.5809 | FracBias=-0.2856 | NoneBias=0.0000 | FullBias=0.0000
south_dominated OOB n=24 | RMSE=0.1735 | Bias=-0.0354 | FracRMSE=0.8500 | FracBias=-0.8500 | NoneBias=0.0000 | FullBias=0.0000
Low-gradient eligible OOB rows (gradient_p84 <= 4.0): 62 / 454
low_gradient_p84 OOB n=62 | RMSE=0.1701 | Bias=-0.0075 | FracRMSE=0.3580 | FracBias=-0.0332 | NoneBias=0.0000 | FullBias=0.0000
6.01s

=== Bootstrap 694/1000 ===

Chosen filter -> Eg_strong/Eg_weak >= 1.18, data_quantity >= 17 | CV acc=0.9185, CV bin acc=0.9803, n_rows(dedup)=712 | OOB acc=0.9324, OOB bin acc=0.9907, n_rows_test(dedup)=429 |
OOB cameras: ['delta_junction', 'hyytiala', 'kenttarova', 'marcell_MN', 'oregon_yp', 'torgnon', 'wslcreek']
OOB n=493 | RMSE=0.1153 | Bias=0.0155 | FracRMSE=0.2108 | FracBias=-0.0544 | NoneBias=0.0518 | FullBias=-0.0265
Aspect split eligible OOB rows (north/south facing fraction threshold = 0.75): 90 / 493
north_dominated OOB n=77 | RMSE=0.1089 | Bias=-0.0020 | FracRMSE=0.2141 | FracBias=-0.0237 | NoneBias=0.0155 | FullBias=-0.0004
south_dominated OOB n=13 | RMSE=0.0169 | Bias=0.0054 | FracRMSE=0.0430 | FracBias=0.0350 | NoneBias=0.0000 | FullBias=0.0000
Low-gradient eligible OOB rows (gradient_p84 <= 4.0): 125 / 493
low_gradient_p84 OOB n=125 | RMSE=0.1385 | Bias=0.0645 | FracRMSE=0.1997 | FracBias=-0.1023 | NoneBias=0.0980 | FullBias=0.0000
5.29s

=== Bootstrap 695/1000 ===

Chosen filter -> Eg_strong/Eg_weak >= 1.18, data_quantity >= 13 | CV acc=0.9601, CV bin acc=0.9815, n_rows(dedup)=1404 | OOB acc=0.8898, OOB bin acc=0.9718, n_rows_test(dedup)=354 |
OOB cameras: ['delta_junction', 'glees', 'lacclair', 'queens', 'sodankyla_full', 'torgnon', 'willowcreek', 'wslcreek']
OOB n=420 | RMSE=0.1588 | Bias=0.0058 | FracRMSE=0.3014 | FracBias=-0.0373 | NoneBias=0.0507 | FullBias=-0.0145
Aspect split eligible OOB rows (north/south facing fraction threshold = 0.75): 82 / 420
north_dominated OOB n=59 | RMSE=0.1432 | Bias=-0.0263 | FracRMSE=0.3051 | FracBias=-0.1192 | NoneBias=0.0000 | FullBias=0.0000
south_dominated OOB n=23 | RMSE=0.0354 | Bias=-0.0074 | FracRMSE=0.1700 | FracBias=-0.1700 | NoneBias=0.0000 | FullBias=0.0000
Low-gradient eligible OOB rows (gradient_p84 <= 4.0): 56 / 420
low_gradient_p84 OOB n=56 | RMSE=0.1338 | Bias=-0.0177 | FracRMSE=0.2174 | FracBias=-0.1253 | NoneBias=0.0343 | FullBias=-0.0271
6.88s

=== Bootstrap 696/1000 ===

Chosen filter -> Eg_strong/Eg_weak >= 1.20, data_quantity >= 9 | CV acc=0.9081, CV bin acc=0.9843, n_rows(dedup)=827 | OOB acc=0.9466, OOB bin acc=0.9856, n_rows_test(dedup)=487 |
OOB cameras: ['delta_junction', 'glees', 'marcell_MN', 'old_jack_pine', 'oregon_yp', 'queens', 'willowcreek']
OOB n=557 | RMSE=0.1616 | Bias=0.0138 | FracRMSE=0.3341 | FracBias=-0.0322 | NoneBias=0.0359 | FullBias=-0.0092
Aspect split eligible OOB rows (north/south facing fraction threshold = 0.75): 53 / 557
north_dominated OOB n=35 | RMSE=0.2057 | Bias=-0.0202 | FracRMSE=0.3669 | FracBias=-0.0643 | NoneBias=0.0000 | FullBias=0.0000
south_dominated OOB n=18 | RMSE=0.0000 | Bias=0.0000 | FracRMSE=nan | FracBias=nan | NoneBias=0.0000 | FullBias=0.0000
Low-gradient eligible OOB rows (gradient_p84 <= 4.0): 166 / 557
low_gradient_p84 OOB n=166 | RMSE=0.1233 | Bias=0.0057 | FracRMSE=0.2856 | FracBias=-0.1220 | NoneBias=0.0290 | FullBias=-0.0012
5.44s

=== Bootstrap 697/1000 ===

Chosen filter -> Eg_strong/Eg_weak >= 1.20, data_quantity >= 11 | CV acc=0.9147, CV bin acc=0.9568, n_rows(dedup)=856 | OOB acc=0.9309, OOB bin acc=0.9764, n_rows_test(dedup)=593 |
OOB cameras: ['bartlett', 'hyytiala', 'kenttarova', 'marcell_MN', 'oregon_yp', 'sodankyla_full', 'tammela', 'underc']
OOB n=653 | RMSE=0.1323 | Bias=0.0054 | FracRMSE=0.2910 | FracBias=-0.1315 | NoneBias=0.0448 | FullBias=-0.0268
Aspect split eligible OOB rows (north/south facing fraction threshold = 0.75): 60 / 653
north_dominated OOB n=41 | RMSE=0.2293 | Bias=-0.0606 | FracRMSE=0.4222 | FracBias=-0.2182 | NoneBias=0.0113 | FullBias=0.0000
south_dominated OOB n=19 | RMSE=0.1956 | Bias=-0.0394 | FracRMSE=0.4264 | FracBias=-0.1873 | NoneBias=0.0000 | FullBias=0.0000
Low-gradient eligible OOB rows (gradient_p84 <= 4.0): 137 / 653
low_gradient_p84 OOB n=137 | RMSE=0.1399 | Bias=0.0673 | FracRMSE=0.2194 | FracBias=-0.1566 | NoneBias=0.1013 | FullBias=0.0000
5.04s

=== Bootstrap 698/1000 ===

Chosen filter -> Eg_strong/Eg_weak >= 1.05, data_quantity >= 17 | CV acc=0.9223, CV bin acc=0.9815, n_rows(dedup)=811 | OOB acc=0.9488, OOB bin acc=0.9765, n_rows_test(dedup)=469 |
OOB cameras: ['delta_junction', 'hyytiala', 'old_jack_pine', 'queens', 'tammela', 'varrio', 'willowcreek']
OOB n=523 | RMSE=0.1429 | Bias=-0.0014 | FracRMSE=0.3147 | FracBias=-0.0520 | NoneBias=0.0186 | FullBias=-0.0223
Aspect split eligible OOB rows (north/south facing fraction threshold = 0.75): 56 / 523
north_dominated OOB n=52 | RMSE=0.1444 | Bias=-0.0328 | FracRMSE=0.3139 | FracBias=-0.1552 | NoneBias=0.0000 | FullBias=0.0000
south_dominated OOB n=4 | RMSE=0.0000 | Bias=0.0000 | FracRMSE=nan | FracBias=nan | NoneBias=nan | FullBias=0.0000
Low-gradient eligible OOB rows (gradient_p84 <= 4.0): 63 / 523
low_gradient_p84 OOB n=63 | RMSE=0.1446 | Bias=-0.0332 | FracRMSE=0.2873 | FracBias=-0.1409 | NoneBias=0.0092 | FullBias=-0.0359
5.66s

=== Bootstrap 699/1000 ===

Chosen filter -> Eg_strong/Eg_weak >= 1.05, data_quantity >= 13 | CV acc=0.9352, CV bin acc=0.9589, n_rows(dedup)=1095 | OOB acc=0.8639, OOB bin acc=0.9684, n_rows_test(dedup)=316 |
OOB cameras: ['delta_junction', 'glees', 'queens', 'underc', 'varrio', 'wslcreek']
OOB n=369 | RMSE=0.1477 | Bias=-0.0009 | FracRMSE=0.3149 | FracBias=-0.0084 | NoneBias=0.0208 | FullBias=-0.0115
Aspect split eligible OOB rows (north/south facing fraction threshold = 0.75): 95 / 369
north_dominated OOB n=74 | RMSE=0.1324 | Bias=-0.0130 | FracRMSE=0.3158 | FracBias=-0.0741 | NoneBias=0.0000 | FullBias=0.0000
south_dominated OOB n=21 | RMSE=0.0000 | Bias=0.0000 | FracRMSE=nan | FracBias=nan | NoneBias=0.0000 | FullBias=0.0000
Low-gradient eligible OOB rows (gradient_p84 <= 4.0): 24 / 369
low_gradient_p84 OOB n=24 | RMSE=0.1339 | Bias=-0.0108 | FracRMSE=0.2320 | FracBias=-0.0323 | NoneBias=0.0000 | FullBias=0.0000
5.94s

=== Bootstrap 700/1000 ===

Chosen filter -> Eg_strong/Eg_weak >= 1.05, data_quantity >= 16 | CV acc=0.8909, CV bin acc=0.9857, n_rows(dedup)=770 | OOB acc=0.9553, OOB bin acc=0.9713, n_rows_test(dedup)=627 |
OOB cameras: ['bartlett', 'delta_junction', 'hyytiala', 'lacclair', 'old_jack_pine', 'oregon_yp', 'queens', 'sodankyla_full', 'willowcreek']
OOB n=731 | RMSE=0.1599 | Bias=0.0040 | FracRMSE=0.3223 | FracBias=-0.1214 | NoneBias=0.0453 | FullBias=-0.0331
Aspect split eligible OOB rows (north/south facing fraction threshold = 0.75): 63 / 731
north_dominated OOB n=51 | RMSE=0.2531 | Bias=-0.0785 | FracRMSE=0.3849 | FracBias=-0.1888 | NoneBias=0.0069 | FullBias=-0.0881
south_dominated OOB n=12 | RMSE=0.3470 | Bias=-0.1417 | FracRMSE=0.8500 | FracBias=-0.8500 | NoneBias=0.0000 | FullBias=0.0000
Low-gradient eligible OOB rows (gradient_p84 <= 4.0): 191 / 731
low_gradient_p84 OOB n=191 | RMSE=0.1328 | Bias=0.0359 | FracRMSE=0.2352 | FracBias=-0.1271 | NoneBias=0.0753 | FullBias=-0.0204
5.45s

=== Bootstrap 701/1000 ===

Chosen filter -> Eg_strong/Eg_weak >= 1.28, data_quantity >= 13 | CV acc=0.9365, CV bin acc=0.9817, n_rows(dedup)=1149 | OOB acc=0.9333, OOB bin acc=0.9788, n_rows_test(dedup)=330 |
OOB cameras: ['glees', 'hyytiala', 'kenttarova', 'queens', 'tammela', 'varrio']
OOB n=353 | RMSE=0.0573 | Bias=-0.0034 | FracRMSE=0.0442 | FracBias=0.0365 | NoneBias=0.0054 | FullBias=-0.0164
Aspect split eligible OOB rows (north/south facing fraction threshold = 0.75): 77 / 353
north_dominated OOB n=46 | RMSE=0.0156 | Bias=0.0048 | FracRMSE=0.0400 | FracBias=0.0314 | NoneBias=0.0000 | FullBias=0.0000
south_dominated OOB n=31 | RMSE=0.0158 | Bias=0.0049 | FracRMSE=0.0493 | FracBias=0.0433 | NoneBias=0.0035 | FullBias=0.0000
Low-gradient eligible OOB rows (gradient_p84 <= 4.0): 10 / 353
low_gradient_p84 OOB n=10 | RMSE=0.0268 | Bias=0.0120 | FracRMSE=0.0600 | FracBias=0.0600 | NoneBias=0.0000 | FullBias=0.0000
6.29s

=== Bootstrap 702/1000 ===

Chosen filter -> Eg_strong/Eg_weak >= 1.07, data_quantity >= 13 | CV acc=0.9207, CV bin acc=0.9698, n_rows(dedup)=1324 | OOB acc=0.9197, OOB bin acc=0.9873, n_rows_test(dedup)=473 |
OOB cameras: ['bartlett', 'glees', 'lacclair', 'marcell_MN', 'oregon_yp', 'sodankyla_full', 'tammela', 'torgnon', 'underhill']
OOB n=535 | RMSE=0.1455 | Bias=0.0060 | FracRMSE=0.3520 | FracBias=-0.2617 | NoneBias=0.0587 | FullBias=-0.0185
Aspect split eligible OOB rows (north/south facing fraction threshold = 0.75): 50 / 535
north_dominated OOB n=21 | RMSE=0.3254 | Bias=-0.1471 | FracRMSE=0.5582 | FracBias=-0.5485 | NoneBias=0.0526 | FullBias=-0.1264
south_dominated OOB n=29 | RMSE=0.2365 | Bias=-0.0662 | FracRMSE=0.7306 | FracBias=-0.6984 | NoneBias=0.0335 | FullBias=-0.0013
Low-gradient eligible OOB rows (gradient_p84 <= 4.0): 128 / 535
low_gradient_p84 OOB n=128 | RMSE=0.1308 | Bias=0.0559 | FracRMSE=0.2537 | FracBias=-0.2254 | NoneBias=0.0883 | FullBias=0.0000
6.48s

=== Bootstrap 703/1000 ===

Chosen filter -> Eg_strong/Eg_weak >= 1.05, data_quantity >= 16 | CV acc=0.9058, CV bin acc=0.9575, n_rows(dedup)=1200 | OOB acc=0.9079, OOB bin acc=0.9561, n_rows_test(dedup)=456 |
OOB cameras: ['bartlett', 'hyytiala', 'lacclair', 'marcell_MN', 'queens', 'sodankyla_full', 'tammela', 'torgnon', 'varrio']
OOB n=505 | RMSE=0.1201 | Bias=-0.0218 | FracRMSE=0.4652 | FracBias=-0.3487 | NoneBias=0.0024 | FullBias=-0.0186
Aspect split eligible OOB rows (north/south facing fraction threshold = 0.75): 53 / 505
north_dominated OOB n=37 | RMSE=0.2964 | Bias=-0.1074 | FracRMSE=0.7381 | FracBias=-0.7293 | NoneBias=0.0000 | FullBias=-0.0812
south_dominated OOB n=16 | RMSE=0.3005 | Bias=-0.1062 | FracRMSE=0.8500 | FracBias=-0.8500 | NoneBias=0.0000 | FullBias=0.0000
Low-gradient eligible OOB rows (gradient_p84 <= 4.0): 28 / 505
low_gradient_p84 OOB n=28 | RMSE=0.0302 | Bias=0.0012 | FracRMSE=0.0942 | FracBias=-0.0942 | NoneBias=0.0099 | FullBias=0.0000
6.3s

=== Bootstrap 704/1000 ===

Chosen filter -> Eg_strong/Eg_weak >= 1.05, data_quantity >= 13 | CV acc=0.9242, CV bin acc=0.9754, n_rows(dedup)=1056 | OOB acc=0.9669, OOB bin acc=0.9924, n_rows_test(dedup)=393 |
OOB cameras: ['kenttarova', 'marcell_MN', 'oregon_yp', 'sodankyla_full', 'torgnon', 'underhill']
OOB n=432 | RMSE=0.1312 | Bias=0.0352 | FracRMSE=0.1705 | FracBias=-0.0900 | NoneBias=0.0805 | FullBias=-0.0098
Aspect split eligible OOB rows (north/south facing fraction threshold = 0.75): 53 / 432
north_dominated OOB n=37 | RMSE=0.0810 | Bias=0.0234 | FracRMSE=0.0400 | FracBias=0.0314 | NoneBias=0.0537 | FullBias=-0.0030
south_dominated OOB n=16 | RMSE=0.0700 | Bias=-0.0163 | FracRMSE=0.1400 | FracBias=-0.0650 | NoneBias=0.0000 | FullBias=0.0000
Low-gradient eligible OOB rows (gradient_p84 <= 4.0): 137 / 432
low_gradient_p84 OOB n=137 | RMSE=0.1467 | Bias=0.0756 | FracRMSE=0.2108 | FracBias=-0.1611 | NoneBias=0.1124 | FullBias=0.0000
5.59s

=== Bootstrap 705/1000 ===

Chosen filter -> Eg_strong/Eg_weak >= 1.29, data_quantity >= 17 | CV acc=0.9595, CV bin acc=0.9786, n_rows(dedup)=889 | OOB acc=0.8848, OOB bin acc=0.9908, n_rows_test(dedup)=217 |
OOB cameras: ['delta_junction', 'lacclair', 'torgnon', 'underc', 'varrio', 'wslcreek']
OOB n=293 | RMSE=0.1467 | Bias=0.0004 | FracRMSE=0.3118 | FracBias=-0.0331 | NoneBias=0.0279 | FullBias=-0.0016
Aspect split eligible OOB rows (north/south facing fraction threshold = 0.75): 78 / 293
north_dominated OOB n=71 | RMSE=0.1320 | Bias=-0.0171 | FracRMSE=0.3085 | FracBias=-0.0934 | NoneBias=0.0000 | FullBias=0.0000
south_dominated OOB n=7 | RMSE=0.0000 | Bias=0.0000 | FracRMSE=nan | FracBias=nan | NoneBias=nan | FullBias=0.0000
Low-gradient eligible OOB rows (gradient_p84 <= 4.0): 21 / 293
low_gradient_p84 OOB n=21 | RMSE=0.1374 | Bias=-0.0237 | FracRMSE=0.2226 | FracBias=-0.0623 | NoneBias=0.0000 | FullBias=0.0000
5.87s

=== Bootstrap 706/1000 ===

Chosen filter -> Eg_strong/Eg_weak >= 1.18, data_quantity >= 17 | CV acc=0.9332, CV bin acc=0.9760, n_rows(dedup)=749 | OOB acc=0.9339, OOB bin acc=0.9974, n_rows_test(dedup)=378 |
OOB cameras: ['delta_junction', 'kenttarova', 'marcell_MN', 'oregon_yp', 'queens', 'tammela', 'torgnon']
OOB n=439 | RMSE=0.1217 | Bias=0.0265 | FracRMSE=0.2363 | FracBias=-0.0332 | NoneBias=0.0562 | FullBias=-0.0080
Aspect split eligible OOB rows (north/south facing fraction threshold = 0.75): 72 / 439
north_dominated OOB n=59 | RMSE=0.1229 | Bias=-0.0010 | FracRMSE=0.2227 | FracBias=-0.0217 | NoneBias=0.0154 | FullBias=0.0000
south_dominated OOB n=13 | RMSE=0.0169 | Bias=0.0054 | FracRMSE=0.0430 | FracBias=0.0350 | NoneBias=0.0000 | FullBias=0.0000
Low-gradient eligible OOB rows (gradient_p84 <= 4.0): 125 / 439
low_gradient_p84 OOB n=125 | RMSE=0.1530 | Bias=0.0759 | FracRMSE=0.2093 | FracBias=-0.0771 | NoneBias=0.1079 | FullBias=0.0000
5.36s

=== Bootstrap 707/1000 ===

Chosen filter -> Eg_strong/Eg_weak >= 1.05, data_quantity >= 16 | CV acc=0.8953, CV bin acc=0.9693, n_rows(dedup)=879 | OOB acc=0.9585, OOB bin acc=0.9941, n_rows_test(dedup)=506 |
OOB cameras: ['lacclair', 'marcell_MN', 'old_jack_pine', 'oregon_yp', 'sodankyla_full', 'torgnon', 'underhill', 'varrio']
OOB n=582 | RMSE=0.1206 | Bias=0.0238 | FracRMSE=0.2507 | FracBias=-0.1171 | NoneBias=0.0649 | FullBias=-0.0039
Aspect split eligible OOB rows (north/south facing fraction threshold = 0.75): 38 / 582
north_dominated OOB n=31 | RMSE=0.0505 | Bias=0.0107 | FracRMSE=nan | FracBias=nan | NoneBias=0.0276 | FullBias=0.0000
south_dominated OOB n=7 | RMSE=0.0000 | Bias=0.0000 | FracRMSE=nan | FracBias=nan | NoneBias=0.0000 | FullBias=0.0000
Low-gradient eligible OOB rows (gradient_p84 <= 4.0): 165 / 582
low_gradient_p84 OOB n=165 | RMSE=0.1420 | Bias=0.0595 | FracRMSE=0.2462 | FracBias=-0.1820 | NoneBias=0.0986 | FullBias=-0.0030
5.26s

=== Bootstrap 708/1000 ===

Chosen filter -> Eg_strong/Eg_weak >= 1.18, data_quantity >= 16 | CV acc=0.9571, CV bin acc=0.9818, n_rows(dedup)=932 | OOB acc=0.8797, OOB bin acc=0.9725, n_rows_test(dedup)=291 |
OOB cameras: ['bartlett', 'sodankyla_full', 'underc', 'varrio', 'willowcreek']
OOB n=317 | RMSE=0.1802 | Bias=-0.0030 | FracRMSE=0.4100 | FracBias=-0.1988 | NoneBias=0.0546 | FullBias=-0.0226
Aspect split eligible OOB rows (north/south facing fraction threshold = 0.75): 41 / 317
north_dominated OOB n=32 | RMSE=0.2054 | Bias=-0.0606 | FracRMSE=0.6708 | FracBias=-0.6461 | NoneBias=0.0000 | FullBias=0.0000
south_dominated OOB n=9 | RMSE=0.2833 | Bias=-0.0944 | FracRMSE=0.8500 | FracBias=-0.8500 | NoneBias=0.0000 | FullBias=0.0000
Low-gradient eligible OOB rows (gradient_p84 <= 4.0): 32 / 317
low_gradient_p84 OOB n=32 | RMSE=0.0887 | Bias=-0.0064 | FracRMSE=0.1409 | FracBias=-0.1409 | NoneBias=0.0292 | FullBias=-0.0313
5.48s

=== Bootstrap 709/1000 ===

Chosen filter -> Eg_strong/Eg_weak >= 1.05, data_quantity >= 17 | CV acc=0.9359, CV bin acc=0.9800, n_rows(dedup)=1202 | OOB acc=0.9497, OOB bin acc=0.9911, n_rows_test(dedup)=338 |
OOB cameras: ['delta_junction', 'kenttarova', 'old_jack_pine', 'underhill', 'varrio', 'wslcreek']
OOB n=409 | RMSE=0.1387 | Bias=0.0042 | FracRMSE=0.2974 | FracBias=-0.0016 | NoneBias=0.0136 | FullBias=-0.0018
Aspect split eligible OOB rows (north/south facing fraction threshold = 0.75): 112 / 409
north_dominated OOB n=97 | RMSE=0.1219 | Bias=-0.0102 | FracRMSE=0.2752 | FracBias=-0.0548 | NoneBias=0.0022 | FullBias=0.0000
south_dominated OOB n=15 | RMSE=0.0157 | Bias=0.0047 | FracRMSE=0.0430 | FracBias=0.0350 | NoneBias=0.0000 | FullBias=0.0000
Low-gradient eligible OOB rows (gradient_p84 <= 4.0): 66 / 409
low_gradient_p84 OOB n=66 | RMSE=0.1355 | Bias=-0.0223 | FracRMSE=0.2942 | FracBias=-0.1053 | NoneBias=0.0000 | FullBias=0.0000
6.6s

=== Bootstrap 710/1000 ===

Chosen filter -> Eg_strong/Eg_weak >= 1.05, data_quantity >= 17 | CV acc=0.9256, CV bin acc=0.9645, n_rows(dedup)=874 | OOB acc=0.9112, OOB bin acc=0.9970, n_rows_test(dedup)=338 |
OOB cameras: ['glees', 'marcell_MN', 'sodankyla_full', 'tammela', 'varrio']
OOB n=349 | RMSE=0.0671 | Bias=0.0040 | FracRMSE=0.2658 | FracBias=-0.1910 | NoneBias=0.0198 | FullBias=-0.0045
Aspect split eligible OOB rows (north/south facing fraction threshold = 0.75): 41 / 349
north_dominated OOB n=25 | RMSE=0.0000 | Bias=0.0000 | FracRMSE=nan | FracBias=nan | NoneBias=0.0000 | FullBias=0.0000
south_dominated OOB n=16 | RMSE=0.0315 | Bias=0.0109 | FracRMSE=nan | FracBias=nan | NoneBias=0.0437 | FullBias=0.0000
Low-gradient eligible OOB rows (gradient_p84 <= 4.0): 28 / 349
low_gradient_p84 OOB n=28 | RMSE=0.0711 | Bias=0.0097 | FracRMSE=0.1832 | FracBias=-0.1832 | NoneBias=0.0350 | FullBias=0.0000
5.32s

=== Bootstrap 711/1000 ===

Chosen filter -> Eg_strong/Eg_weak >= 1.11, data_quantity >= 17 | CV acc=0.9334, CV bin acc=0.9771, n_rows(dedup)=916 | OOB acc=0.9083, OOB bin acc=0.9685, n_rows_test(dedup)=349 |
OOB cameras: ['bartlett', 'hyytiala', 'lacclair', 'sodankyla_full', 'tammela', 'underc']
OOB n=400 | RMSE=0.1430 | Bias=-0.0197 | FracRMSE=0.3808 | FracBias=-0.2250 | NoneBias=0.0119 | FullBias=-0.0253
Aspect split eligible OOB rows (north/south facing fraction threshold = 0.75): 24 / 400
north_dominated OOB n=16 | RMSE=0.4306 | Bias=-0.2352 | FracRMSE=0.7134 | FracBias=-0.7002 | NoneBias=0.0000 | FullBias=-0.2079
south_dominated OOB n=8 | RMSE=0.3005 | Bias=-0.1062 | FracRMSE=0.8500 | FracBias=-0.8500 | NoneBias=0.0000 | FullBias=0.0000
Low-gradient eligible OOB rows (gradient_p84 <= 4.0): 28 / 400
low_gradient_p84 OOB n=28 | RMSE=0.0315 | Bias=0.0029 | FracRMSE=0.0700 | FracBias=-0.0700 | NoneBias=0.0116 | FullBias=0.0000
5.83s

=== Bootstrap 712/1000 ===

Chosen filter -> Eg_strong/Eg_weak >= 1.11, data_quantity >= 16 | CV acc=0.9303, CV bin acc=0.9799, n_rows(dedup)=1047 | OOB acc=0.9458, OOB bin acc=0.9852, n_rows_test(dedup)=203 |
OOB cameras: ['kenttarova', 'old_jack_pine', 'underhill', 'wslcreek']
OOB n=242 | RMSE=0.1318 | Bias=0.0046 | FracRMSE=0.2343 | FracBias=-0.0217 | NoneBias=0.0257 | FullBias=-0.0058
Aspect split eligible OOB rows (north/south facing fraction threshold = 0.75): 60 / 242
north_dominated OOB n=47 | RMSE=0.0670 | Bias=0.0177 | FracRMSE=0.1093 | FracBias=0.0566 | NoneBias=0.0403 | FullBias=0.0000
south_dominated OOB n=13 | RMSE=0.0237 | Bias=0.0100 | FracRMSE=0.0493 | FracBias=0.0433 | NoneBias=0.0000 | FullBias=0.0000
Low-gradient eligible OOB rows (gradient_p84 <= 4.0): 46 / 242
low_gradient_p84 OOB n=46 | RMSE=0.1325 | Bias=-0.0284 | FracRMSE=0.3165 | FracBias=-0.1668 | NoneBias=0.0029 | FullBias=-0.0051
5.83s

=== Bootstrap 713/1000 ===

Chosen filter -> Eg_strong/Eg_weak >= 1.05, data_quantity >= 9 | CV acc=0.8863, CV bin acc=0.9543, n_rows(dedup)=809 | OOB acc=0.9618, OOB bin acc=0.9847, n_rows_test(dedup)=523 |
OOB cameras: ['bartlett', 'kenttarova', 'old_jack_pine', 'oregon_yp', 'tammela', 'varrio', 'wslcreek']
OOB n=595 | RMSE=0.1419 | Bias=-0.0002 | FracRMSE=0.3346 | FracBias=-0.1153 | NoneBias=0.0314 | FullBias=-0.0137
Aspect split eligible OOB rows (north/south facing fraction threshold = 0.75): 107 / 595
north_dominated OOB n=81 | RMSE=0.2119 | Bias=-0.0482 | FracRMSE=0.3922 | FracBias=-0.1618 | NoneBias=0.0037 | FullBias=-0.0332
south_dominated OOB n=26 | RMSE=0.2363 | Bias=-0.0604 | FracRMSE=0.5389 | FracBias=-0.3140 | NoneBias=0.0000 | FullBias=0.0000
Low-gradient eligible OOB rows (gradient_p84 <= 4.0): 151 / 595
low_gradient_p84 OOB n=151 | RMSE=0.1290 | Bias=0.0296 | FracRMSE=0.2630 | FracBias=-0.1611 | NoneBias=0.0578 | FullBias=0.0000
5.14s

=== Bootstrap 714/1000 ===

Chosen filter -> Eg_strong/Eg_weak >= 1.27, data_quantity >= 11 | CV acc=0.9311, CV bin acc=0.9699, n_rows(dedup)=929 | OOB acc=0.8925, OOB bin acc=0.9940, n_rows_test(dedup)=335 |
OOB cameras: ['delta_junction', 'glees', 'kenttarova', 'lacclair', 'marcell_MN', 'old_jack_pine']
OOB n=436 | RMSE=0.1327 | Bias=0.0040 | FracRMSE=0.2806 | FracBias=-0.0047 | NoneBias=0.0156 | FullBias=-0.0017
Aspect split eligible OOB rows (north/south facing fraction threshold = 0.75): 93 / 436
north_dominated OOB n=62 | RMSE=0.1405 | Bias=-0.0176 | FracRMSE=0.2537 | FracBias=-0.0576 | NoneBias=0.0000 | FullBias=0.0000
south_dominated OOB n=31 | RMSE=0.0173 | Bias=0.0056 | FracRMSE=0.0493 | FracBias=0.0433 | NoneBias=0.0075 | FullBias=0.0000
Low-gradient eligible OOB rows (gradient_p84 <= 4.0): 72 / 436
low_gradient_p84 OOB n=72 | RMSE=0.1235 | Bias=-0.0202 | FracRMSE=0.2618 | FracBias=-0.0935 | NoneBias=0.0011 | FullBias=0.0000
5.68s

=== Bootstrap 715/1000 ===

Chosen filter -> Eg_strong/Eg_weak >= 1.05, data_quantity >= 16 | CV acc=0.9363, CV bin acc=0.9828, n_rows(dedup)=1162 | OOB acc=0.9724, OOB bin acc=0.9764, n_rows_test(dedup)=254 |
OOB cameras: ['bartlett', 'old_jack_pine', 'queens', 'tammela', 'underhill', 'wslcreek']
OOB n=283 | RMSE=0.1729 | Bias=-0.0168 | FracRMSE=0.4195 | FracBias=-0.1692 | NoneBias=0.0172 | FullBias=-0.0215
Aspect split eligible OOB rows (north/south facing fraction threshold = 0.75): 39 / 283
north_dominated OOB n=29 | RMSE=0.2956 | Bias=-0.0992 | FracRMSE=0.5177 | FracBias=-0.3243 | NoneBias=0.0663 | FullBias=-0.0693
south_dominated OOB n=10 | RMSE=0.3801 | Bias=-0.1700 | FracRMSE=0.8500 | FracBias=-0.8500 | NoneBias=0.0000 | FullBias=0.0000
Low-gradient eligible OOB rows (gradient_p84 <= 4.0): 39 / 283
low_gradient_p84 OOB n=39 | RMSE=0.1243 | Bias=-0.0253 | FracRMSE=0.3125 | FracBias=-0.1941 | NoneBias=0.0085 | FullBias=-0.0046
6.02s

=== Bootstrap 716/1000 ===

Chosen filter -> Eg_strong/Eg_weak >= 1.05, data_quantity >= 14 | CV acc=0.9450, CV bin acc=0.9704, n_rows(dedup)=981 | OOB acc=0.9162, OOB bin acc=0.9884, n_rows_test(dedup)=346 |
OOB cameras: ['glees', 'kenttarova', 'marcell_MN', 'oregon_yp', 'underc']
OOB n=396 | RMSE=0.1326 | Bias=0.0309 | FracRMSE=0.2063 | FracBias=-0.0605 | NoneBias=0.0766 | FullBias=-0.0113
Aspect split eligible OOB rows (north/south facing fraction threshold = 0.75): 55 / 396
north_dominated OOB n=28 | RMSE=0.0332 | Bias=0.0129 | FracRMSE=0.0400 | FracBias=0.0314 | NoneBias=0.0176 | FullBias=0.0000
south_dominated OOB n=27 | RMSE=0.0122 | Bias=0.0034 | FracRMSE=0.0365 | FracBias=0.0291 | NoneBias=0.0009 | FullBias=0.0000
Low-gradient eligible OOB rows (gradient_p84 <= 4.0): 106 / 396
low_gradient_p84 OOB n=106 | RMSE=0.1565 | Bias=0.0808 | FracRMSE=0.2302 | FracBias=-0.1627 | NoneBias=0.1085 | FullBias=0.0000
5.58s

=== Bootstrap 717/1000 ===

Chosen filter -> Eg_strong/Eg_weak >= 1.05, data_quantity >= 16 | CV acc=0.9593, CV bin acc=0.9802, n_rows(dedup)=908 | OOB acc=0.9018, OOB bin acc=0.9922, n_rows_test(dedup)=387 |
OOB cameras: ['delta_junction', 'glees', 'old_jack_pine', 'sodankyla_full', 'underc']
OOB n=451 | RMSE=0.1729 | Bias=0.0189 | FracRMSE=0.3894 | FracBias=0.0616 | NoneBias=0.0226 | FullBias=0.0000
Aspect split eligible OOB rows (north/south facing fraction threshold = 0.75): 53 / 451
north_dominated OOB n=39 | RMSE=0.2240 | Bias=-0.0087 | FracRMSE=0.4218 | FracBias=-0.0310 | NoneBias=0.0000 | FullBias=0.0000
south_dominated OOB n=14 | RMSE=0.0000 | Bias=0.0000 | FracRMSE=nan | FracBias=nan | NoneBias=0.0000 | FullBias=0.0000
Low-gradient eligible OOB rows (gradient_p84 <= 4.0): 89 / 451
low_gradient_p84 OOB n=89 | RMSE=0.1376 | Bias=0.0077 | FracRMSE=0.3328 | FracBias=0.0354 | NoneBias=0.0033 | FullBias=0.0000
5.38s

=== Bootstrap 718/1000 ===

Chosen filter -> Eg_strong/Eg_weak >= 1.18, data_quantity >= 17 | CV acc=0.9586, CV bin acc=0.9862, n_rows(dedup)=941 | OOB acc=0.8743, OOB bin acc=0.9581, n_rows_test(dedup)=167 |
OOB cameras: ['delta_junction', 'marcell_MN', 'torgnon', 'willowcreek']
OOB n=198 | RMSE=0.2031 | Bias=-0.0065 | FracRMSE=0.3160 | FracBias=-0.0694 | NoneBias=0.0521 | FullBias=-0.0411
Aspect split eligible OOB rows (north/south facing fraction threshold = 0.75): 34 / 198
north_dominated OOB n=33 | RMSE=0.1805 | Bias=-0.0583 | FracRMSE=0.3126 | FracBias=-0.1749 | NoneBias=0.0000 | FullBias=0.0000
south_dominated OOB n=1 | RMSE=0.0000 | Bias=0.0000 | FracRMSE=nan | FracBias=nan | NoneBias=nan | FullBias=0.0000
Low-gradient eligible OOB rows (gradient_p84 <= 4.0): 25 / 198
low_gradient_p84 OOB n=25 | RMSE=0.1612 | Bias=-0.0494 | FracRMSE=0.2185 | FracBias=-0.1122 | NoneBias=0.0302 | FullBias=-0.0763
5.83s

=== Bootstrap 719/1000 ===

Chosen filter -> Eg_strong/Eg_weak >= 1.05, data_quantity >= 16 | CV acc=0.8783, CV bin acc=0.9783, n_rows(dedup)=920 | OOB acc=0.9355, OOB bin acc=0.9844, n_rows_test(dedup)=512 |
OOB cameras: ['bartlett', 'delta_junction', 'lacclair', 'oregon_yp', 'queens', 'sodankyla_full', 'tammela', 'torgnon', 'varrio']
OOB n=602 | RMSE=0.1346 | Bias=0.0019 | FracRMSE=0.3321 | FracBias=-0.1435 | NoneBias=0.0391 | FullBias=-0.0118
Aspect split eligible OOB rows (north/south facing fraction threshold = 0.75): 87 / 602
north_dominated OOB n=71 | RMSE=0.2152 | Bias=-0.0562 | FracRMSE=0.3870 | FracBias=-0.1877 | NoneBias=0.0052 | FullBias=-0.0483
south_dominated OOB n=16 | RMSE=0.3005 | Bias=-0.1062 | FracRMSE=0.8500 | FracBias=-0.8500 | NoneBias=0.0000 | FullBias=0.0000
Low-gradient eligible OOB rows (gradient_p84 <= 4.0): 148 / 602
low_gradient_p84 OOB n=148 | RMSE=0.1323 | Bias=0.0503 | FracRMSE=0.2214 | FracBias=-0.1076 | NoneBias=0.0835 | FullBias=0.0000
5.67s

=== Bootstrap 720/1000 ===

Chosen filter -> Eg_strong/Eg_weak >= 1.09, data_quantity >= 16 | CV acc=0.9410, CV bin acc=0.9681, n_rows(dedup)=1067 | OOB acc=0.8700, OOB bin acc=0.9552, n_rows_test(dedup)=223 |
OOB cameras: ['bartlett', 'glees', 'marcell_MN', 'tammela', 'underc']
OOB n=246 | RMSE=0.1811 | Bias=-0.0281 | FracRMSE=0.4396 | FracBias=-0.2470 | NoneBias=0.0183 | FullBias=-0.0272
Aspect split eligible OOB rows (north/south facing fraction threshold = 0.75): 26 / 246
north_dominated OOB n=8 | RMSE=0.6267 | Bias=-0.4870 | FracRMSE=0.7260 | FracBias=-0.7156 | NoneBias=0.0000 | FullBias=-0.4372
south_dominated OOB n=18 | RMSE=0.2003 | Bias=-0.0472 | FracRMSE=0.8500 | FracBias=-0.8500 | NoneBias=0.0000 | FullBias=0.0000
Low-gradient eligible OOB rows (gradient_p84 <= 4.0): 0 / 246
low_gradient_p84 OOB n=0 | RMSE=nan | Bias=nan | FracRMSE=nan | FracBias=nan | NoneBias=nan | FullBias=nan
6.04s

=== Bootstrap 721/1000 ===

Chosen filter -> Eg_strong/Eg_weak >= 1.05, data_quantity >= 17 | CV acc=0.9192, CV bin acc=0.9793, n_rows(dedup)=916 | OOB acc=0.9440, OOB bin acc=0.9813, n_rows_test(dedup)=375 |
OOB cameras: ['delta_junction', 'sodankyla_full', 'tammela', 'underhill', 'varrio', 'willowcreek']
OOB n=412 | RMSE=0.1506 | Bias=0.0070 | FracRMSE=0.3062 | FracBias=-0.0320 | NoneBias=0.0332 | FullBias=-0.0159
Aspect split eligible OOB rows (north/south facing fraction threshold = 0.75): 64 / 412
north_dominated OOB n=60 | RMSE=0.1373 | Bias=-0.0210 | FracRMSE=0.3074 | FracBias=-0.1423 | NoneBias=0.0126 | FullBias=0.0000
south_dominated OOB n=4 | RMSE=0.0000 | Bias=0.0000 | FracRMSE=nan | FracBias=nan | NoneBias=0.0000 | FullBias=0.0000
Low-gradient eligible OOB rows (gradient_p84 <= 4.0): 53 / 412
low_gradient_p84 OOB n=53 | RMSE=0.1186 | Bias=-0.0124 | FracRMSE=0.2100 | FracBias=-0.0818 | NoneBias=0.0278 | FullBias=-0.0242
5.46s

=== Bootstrap 722/1000 ===

Chosen filter -> Eg_strong/Eg_weak >= 1.20, data_quantity >= 10 | CV acc=0.9540, CV bin acc=0.9823, n_rows(dedup)=847 | OOB acc=0.8782, OOB bin acc=0.9839, n_rows_test(dedup)=435 |
OOB cameras: ['delta_junction', 'glees', 'kenttarova', 'marcell_MN', 'oregon_yp', 'underc', 'underhill']
OOB n=516 | RMSE=0.1530 | Bias=0.0350 | FracRMSE=0.2596 | FracBias=0.0106 | NoneBias=0.0719 | FullBias=-0.0063
Aspect split eligible OOB rows (north/south facing fraction threshold = 0.75): 96 / 516
north_dominated OOB n=65 | RMSE=0.1388 | Bias=0.0092 | FracRMSE=0.2291 | FracBias=-0.0074 | NoneBias=0.0336 | FullBias=0.0000
south_dominated OOB n=31 | RMSE=0.0268 | Bias=0.0097 | FracRMSE=0.0493 | FracBias=0.0433 | NoneBias=0.0246 | FullBias=0.0000
Low-gradient eligible OOB rows (gradient_p84 <= 4.0): 131 / 516
low_gradient_p84 OOB n=131 | RMSE=0.1459 | Bias=0.0577 | FracRMSE=0.2284 | FracBias=-0.0718 | NoneBias=0.0859 | FullBias=0.0000
5.26s

=== Bootstrap 723/1000 ===

Chosen filter -> Eg_strong/Eg_weak >= 1.09, data_quantity >= 16 | CV acc=0.9252, CV bin acc=0.9813, n_rows(dedup)=963 | OOB acc=0.9363, OOB bin acc=0.9602, n_rows_test(dedup)=377 |
OOB cameras: ['bartlett', 'glees', 'kenttarova', 'lacclair', 'oregon_yp', 'tammela', 'willowcreek']
OOB n=446 | RMSE=0.1673 | Bias=0.0101 | FracRMSE=0.2681 | FracBias=-0.1491 | NoneBias=0.0695 | FullBias=-0.0463
Aspect split eligible OOB rows (north/south facing fraction threshold = 0.75): 70 / 446
north_dominated OOB n=38 | RMSE=0.2397 | Bias=-0.0751 | FracRMSE=0.3290 | FracBias=-0.1543 | NoneBias=0.0155 | FullBias=-0.0763
south_dominated OOB n=32 | RMSE=0.1511 | Bias=-0.0236 | FracRMSE=0.4261 | FracBias=-0.1982 | NoneBias=0.0121 | FullBias=-0.0016
Low-gradient eligible OOB rows (gradient_p84 <= 4.0): 110 / 446
low_gradient_p84 OOB n=110 | RMSE=0.1493 | Bias=0.0680 | FracRMSE=0.2275 | FracBias=-0.1711 | NoneBias=0.1014 | FullBias=-0.1355
5.67s

=== Bootstrap 724/1000 ===

Chosen filter -> Eg_strong/Eg_weak >= 1.05, data_quantity >= 16 | CV acc=0.9233, CV bin acc=0.9591, n_rows(dedup)=978 | OOB acc=0.8287, OOB bin acc=0.9936, n_rows_test(dedup)=467 |
OOB cameras: ['delta_junction', 'kenttarova', 'marcell_MN', 'old_jack_pine', 'sodankyla_full', 'varrio']
OOB n=543 | RMSE=0.1161 | Bias=0.0028 | FracRMSE=0.2886 | FracBias=0.0007 | NoneBias=0.0081 | FullBias=-0.0016
Aspect split eligible OOB rows (north/south facing fraction threshold = 0.75): 102 / 543
north_dominated OOB n=86 | RMSE=0.1313 | Bias=-0.0104 | FracRMSE=0.2871 | FracBias=-0.0498 | NoneBias=0.0000 | FullBias=0.0000
south_dominated OOB n=16 | RMSE=0.0214 | Bias=0.0081 | FracRMSE=0.0493 | FracBias=0.0433 | NoneBias=0.0000 | FullBias=0.0000
Low-gradient eligible OOB rows (gradient_p84 <= 4.0): 97 / 543
low_gradient_p84 OOB n=97 | RMSE=0.1100 | Bias=-0.0078 | FracRMSE=0.2589 | FracBias=-0.0552 | NoneBias=0.0037 | FullBias=0.0000
5.43s

=== Bootstrap 725/1000 ===

Chosen filter -> Eg_strong/Eg_weak >= 1.06, data_quantity >= 16 | CV acc=0.9297, CV bin acc=0.9766, n_rows(dedup)=1195 | OOB acc=0.8819, OOB bin acc=0.9557, n_rows_test(dedup)=271 |
OOB cameras: ['bartlett', 'hyytiala', 'queens', 'sodankyla_full', 'torgnon', 'underhill']
OOB n=280 | RMSE=0.1643 | Bias=-0.0292 | FracRMSE=0.5991 | FracBias=-0.5435 | NoneBias=0.0159 | FullBias=-0.0552
Aspect split eligible OOB rows (north/south facing fraction threshold = 0.75): 28 / 280
north_dominated OOB n=17 | RMSE=0.3856 | Bias=-0.1923 | FracRMSE=0.6431 | FracBias=-0.6371 | NoneBias=0.0293 | FullBias=-0.2233
south_dominated OOB n=11 | RMSE=0.3649 | Bias=-0.1672 | FracRMSE=0.8500 | FracBias=-0.8500 | NoneBias=0.0000 | FullBias=-0.0199
Low-gradient eligible OOB rows (gradient_p84 <= 4.0): 28 / 280
low_gradient_p84 OOB n=28 | RMSE=0.0605 | Bias=0.0037 | FracRMSE=0.2220 | FracBias=-0.2220 | NoneBias=0.0251 | FullBias=0.0000
6.12s

=== Bootstrap 726/1000 ===

Chosen filter -> Eg_strong/Eg_weak >= 1.05, data_quantity >= 15 | CV acc=0.9425, CV bin acc=0.9828, n_rows(dedup)=1044 | OOB acc=0.8994, OOB bin acc=0.9763, n_rows_test(dedup)=169 |
OOB cameras: ['lacclair', 'old_jack_pine', 'underc']
OOB n=233 | RMSE=0.1628 | Bias=0.0015 | FracRMSE=0.2864 | FracBias=-0.0559 | NoneBias=0.0351 | FullBias=-0.0067
Aspect split eligible OOB rows (north/south facing fraction threshold = 0.75): 4 / 233
north_dominated OOB n=2 | RMSE=0.0000 | Bias=0.0000 | FracRMSE=nan | FracBias=nan | NoneBias=nan | FullBias=0.0000
south_dominated OOB n=2 | RMSE=0.0000 | Bias=0.0000 | FracRMSE=nan | FracBias=nan | NoneBias=nan | FullBias=0.0000
Low-gradient eligible OOB rows (gradient_p84 <= 4.0): 40 / 233
low_gradient_p84 OOB n=40 | RMSE=0.1215 | Bias=-0.0234 | FracRMSE=0.3111 | FracBias=-0.1817 | NoneBias=0.0062 | FullBias=0.0000
5.87s

=== Bootstrap 727/1000 ===

Chosen filter -> Eg_strong/Eg_weak >= 1.05, data_quantity >= 16 | CV acc=0.8855, CV bin acc=0.9800, n_rows(dedup)=1048 | OOB acc=0.9904, OOB bin acc=0.9936, n_rows_test(dedup)=312 |
OOB cameras: ['lacclair', 'marcell_MN', 'old_jack_pine', 'oregon_yp', 'underhill']
OOB n=380 | RMSE=0.1453 | Bias=0.0277 | FracRMSE=0.2552 | FracBias=-0.1293 | NoneBias=0.0794 | FullBias=-0.0190
Aspect split eligible OOB rows (north/south facing fraction threshold = 0.75): 7 / 380
north_dominated OOB n=5 | RMSE=0.1221 | Bias=0.0546 | FracRMSE=nan | FracBias=nan | NoneBias=0.1366 | FullBias=0.0000
south_dominated OOB n=2 | RMSE=0.0000 | Bias=0.0000 | FracRMSE=nan | FracBias=nan | NoneBias=nan | FullBias=0.0000
Low-gradient eligible OOB rows (gradient_p84 <= 4.0): 137 / 380
low_gradient_p84 OOB n=137 | RMSE=0.1541 | Bias=0.0656 | FracRMSE=0.2542 | FracBias=-0.2017 | NoneBias=0.1052 | FullBias=-0.0360
5.81s

=== Bootstrap 728/1000 ===

Chosen filter -> Eg_strong/Eg_weak >= 1.29, data_quantity >= 15 | CV acc=0.9261, CV bin acc=0.9668, n_rows(dedup)=663 | OOB acc=0.9343, OOB bin acc=0.9924, n_rows_test(dedup)=396 |
OOB cameras: ['glees', 'kenttarova', 'oregon_yp', 'tammela', 'underc', 'varrio']
OOB n=448 | RMSE=0.1217 | Bias=0.0281 | FracRMSE=0.2039 | FracBias=-0.0458 | NoneBias=0.0655 | FullBias=-0.0058
Aspect split eligible OOB rows (north/south facing fraction threshold = 0.75): 76 / 448
north_dominated OOB n=47 | RMSE=0.0252 | Bias=0.0076 | FracRMSE=0.0400 | FracBias=0.0314 | NoneBias=0.0124 | FullBias=0.0000
south_dominated OOB n=29 | RMSE=0.0214 | Bias=0.0082 | FracRMSE=0.0493 | FracBias=0.0433 | NoneBias=0.0181 | FullBias=0.0000
Low-gradient eligible OOB rows (gradient_p84 <= 4.0): 106 / 448
low_gradient_p84 OOB n=106 | RMSE=0.1527 | Bias=0.0716 | FracRMSE=0.2408 | FracBias=-0.1651 | NoneBias=0.0983 | FullBias=0.0000
4.87s

=== Bootstrap 729/1000 ===

Chosen filter -> Eg_strong/Eg_weak >= 1.18, data_quantity >= 17 | CV acc=0.9360, CV bin acc=0.9783, n_rows(dedup)=828 | OOB acc=0.9120, OOB bin acc=0.9907, n_rows_test(dedup)=432 |
OOB cameras: ['delta_junction', 'glees', 'kenttarova', 'old_jack_pine', 'queens', 'sodankyla_full', 'underc']
OOB n=508 | RMSE=0.1644 | Bias=0.0193 | FracRMSE=0.3575 | FracBias=0.0627 | NoneBias=0.0237 | FullBias=-0.0002
Aspect split eligible OOB rows (north/south facing fraction threshold = 0.75): 89 / 508
north_dominated OOB n=64 | RMSE=0.1769 | Bias=-0.0026 | FracRMSE=0.3433 | FracBias=-0.0097 | NoneBias=0.0000 | FullBias=0.0000
south_dominated OOB n=25 | RMSE=0.0122 | Bias=0.0028 | FracRMSE=0.0430 | FracBias=0.0350 | NoneBias=0.0000 | FullBias=0.0000
Low-gradient eligible OOB rows (gradient_p84 <= 4.0): 92 / 508
low_gradient_p84 OOB n=92 | RMSE=0.1378 | Bias=0.0067 | FracRMSE=0.3369 | FracBias=0.0267 | NoneBias=0.0045 | FullBias=0.0000
5.41s

=== Bootstrap 730/1000 ===

Chosen filter -> Eg_strong/Eg_weak >= 1.05, data_quantity >= 9 | CV acc=0.9260, CV bin acc=0.9774, n_rows(dedup)=1325 | OOB acc=0.8187, OOB bin acc=0.8956, n_rows_test(dedup)=182 |
OOB cameras: ['bartlett', 'lacclair', 'queens', 'tammela', 'underc']
OOB n=238 | RMSE=0.2283 | Bias=-0.0552 | FracRMSE=0.4550 | FracBias=-0.2994 | NoneBias=0.0192 | FullBias=-0.0509
Aspect split eligible OOB rows (north/south facing fraction threshold = 0.75): 23 / 238
north_dominated OOB n=12 | RMSE=0.5828 | Bias=-0.4074 | FracRMSE=0.7800 | FracBias=-0.7719 | NoneBias=0.0000 | FullBias=-0.3002
south_dominated OOB n=11 | RMSE=0.3624 | Bias=-0.1545 | FracRMSE=0.8500 | FracBias=-0.8500 | NoneBias=0.0000 | FullBias=0.0000
Low-gradient eligible OOB rows (gradient_p84 <= 4.0): 0 / 238
low_gradient_p84 OOB n=0 | RMSE=nan | Bias=nan | FracRMSE=nan | FracBias=nan | NoneBias=nan | FullBias=nan
6.42s

=== Bootstrap 731/1000 ===

Chosen filter -> Eg_strong/Eg_weak >= 1.05, data_quantity >= 17 | CV acc=0.9470, CV bin acc=0.9784, n_rows(dedup)=924 | OOB acc=0.9143, OOB bin acc=0.9771, n_rows_test(dedup)=350 |
OOB cameras: ['glees', 'hyytiala', 'lacclair', 'marcell_MN', 'sodankyla_full', 'wslcreek']
OOB n=389 | RMSE=0.0839 | Bias=-0.0028 | FracRMSE=0.2329 | FracBias=-0.0926 | NoneBias=0.0215 | FullBias=-0.0178
Aspect split eligible OOB rows (north/south facing fraction threshold = 0.75): 42 / 389
north_dominated OOB n=26 | RMSE=0.0654 | Bias=0.0120 | FracRMSE=0.2359 | FracBias=0.1565 | NoneBias=0.0000 | FullBias=0.0000
south_dominated OOB n=16 | RMSE=0.0297 | Bias=0.0103 | FracRMSE=nan | FracBias=nan | NoneBias=0.0413 | FullBias=0.0000
Low-gradient eligible OOB rows (gradient_p84 <= 4.0): 28 / 389
low_gradient_p84 OOB n=28 | RMSE=0.0659 | Bias=0.0068 | FracRMSE=0.2067 | FracBias=-0.2067 | NoneBias=0.0305 | FullBias=0.0000
5.36s

=== Bootstrap 732/1000 ===

Chosen filter -> Eg_strong/Eg_weak >= 1.18, data_quantity >= 11 | CV acc=0.9249, CV bin acc=0.9653, n_rows(dedup)=1065 | OOB acc=0.9633, OOB bin acc=0.9817, n_rows_test(dedup)=218 |
OOB cameras: ['kenttarova', 'lacclair', 'old_jack_pine', 'wslcreek']
OOB n=291 | RMSE=0.1180 | Bias=-0.0021 | FracRMSE=0.2422 | FracBias=-0.0263 | NoneBias=0.0113 | FullBias=-0.0034
Aspect split eligible OOB rows (north/south facing fraction threshold = 0.75): 65 / 291
north_dominated OOB n=48 | RMSE=0.0314 | Bias=0.0092 | FracRMSE=0.0689 | FracBias=0.0440 | NoneBias=0.0000 | FullBias=0.0000
south_dominated OOB n=17 | RMSE=0.0207 | Bias=0.0076 | FracRMSE=0.0493 | FracBias=0.0433 | NoneBias=0.0000 | FullBias=0.0000
Low-gradient eligible OOB rows (gradient_p84 <= 4.0): 49 / 291
low_gradient_p84 OOB n=49 | RMSE=0.1077 | Bias=-0.0155 | FracRMSE=0.2666 | FracBias=-0.0946 | NoneBias=0.0000 | FullBias=0.0000
5.77s

=== Bootstrap 733/1000 ===

Chosen filter -> Eg_strong/Eg_weak >= 1.05, data_quantity >= 16 | CV acc=0.9350, CV bin acc=0.9766, n_rows(dedup)=1153 | OOB acc=0.9646, OOB bin acc=0.9873, n_rows_test(dedup)=395 |
OOB cameras: ['bartlett', 'kenttarova', 'oregon_yp', 'queens', 'sodankyla_full', 'underhill', 'wslcreek']
OOB n=440 | RMSE=0.1445 | Bias=0.0116 | FracRMSE=0.2971 | FracBias=-0.1489 | NoneBias=0.0597 | FullBias=-0.0184
Aspect split eligible OOB rows (north/south facing fraction threshold = 0.75): 86 / 440
north_dominated OOB n=63 | RMSE=0.1889 | Bias=-0.0350 | FracRMSE=0.3165 | FracBias=-0.1017 | NoneBias=0.0242 | FullBias=-0.0374
south_dominated OOB n=23 | RMSE=0.2511 | Bias=-0.0724 | FracRMSE=0.5385 | FracBias=-0.3328 | NoneBias=0.0000 | FullBias=0.0000
Low-gradient eligible OOB rows (gradient_p84 <= 4.0): 134 / 440
low_gradient_p84 OOB n=134 | RMSE=0.1338 | Bias=0.0579 | FracRMSE=0.2285 | FracBias=-0.1754 | NoneBias=0.0905 | FullBias=0.0000
5.92s

=== Bootstrap 734/1000 ===

Chosen filter -> Eg_strong/Eg_weak >= 1.18, data_quantity >= 16 | CV acc=0.9251, CV bin acc=0.9860, n_rows(dedup)=788 | OOB acc=0.9400, OOB bin acc=0.9834, n_rows_test(dedup)=483 |
OOB cameras: ['bartlett', 'delta_junction', 'glees', 'oregon_yp', 'sodankyla_full', 'tammela', 'willowcreek']
OOB n=534 | RMSE=0.1557 | Bias=0.0152 | FracRMSE=0.3214 | FracBias=-0.1140 | NoneBias=0.0555 | FullBias=-0.0215
Aspect split eligible OOB rows (north/south facing fraction threshold = 0.75): 65 / 534
north_dominated OOB n=46 | RMSE=0.2069 | Bias=-0.0527 | FracRMSE=0.3735 | FracBias=-0.1824 | NoneBias=0.0068 | FullBias=0.0000
south_dominated OOB n=19 | RMSE=0.1950 | Bias=-0.0447 | FracRMSE=0.8500 | FracBias=-0.8500 | NoneBias=0.0000 | FullBias=0.0000
Low-gradient eligible OOB rows (gradient_p84 <= 4.0): 152 / 534
low_gradient_p84 OOB n=152 | RMSE=0.1347 | Bias=0.0448 | FracRMSE=0.2238 | FracBias=-0.1125 | NoneBias=0.0815 | FullBias=-0.0226
5.41s

=== Bootstrap 735/1000 ===

Chosen filter -> Eg_strong/Eg_weak >= 1.18, data_quantity >= 14 | CV acc=0.9412, CV bin acc=0.9787, n_rows(dedup)=799 | OOB acc=0.9665, OOB bin acc=0.9916, n_rows_test(dedup)=477 |
OOB cameras: ['delta_junction', 'hyytiala', 'oregon_yp', 'sodankyla_full', 'tammela']
OOB n=524 | RMSE=0.1162 | Bias=0.0218 | FracRMSE=0.2667 | FracBias=-0.0502 | NoneBias=0.0451 | FullBias=-0.0153
Aspect split eligible OOB rows (north/south facing fraction threshold = 0.75): 41 / 524
north_dominated OOB n=40 | RMSE=0.1448 | Bias=-0.0120 | FracRMSE=0.2719 | FracBias=-0.0596 | NoneBias=0.0099 | FullBias=0.0000
south_dominated OOB n=1 | RMSE=0.0000 | Bias=0.0000 | FracRMSE=nan | FracBias=nan | NoneBias=0.0000 | FullBias=nan
Low-gradient eligible OOB rows (gradient_p84 <= 4.0): 150 / 524
low_gradient_p84 OOB n=150 | RMSE=0.1403 | Bias=0.0622 | FracRMSE=0.2118 | FracBias=-0.0954 | NoneBias=0.0987 | FullBias=0.0000
5.15s

=== Bootstrap 736/1000 ===

Chosen filter -> Eg_strong/Eg_weak >= 1.05, data_quantity >= 16 | CV acc=0.9007, CV bin acc=0.9792, n_rows(dedup)=816 | OOB acc=0.9598, OOB bin acc=0.9787, n_rows_test(dedup)=423 |
OOB cameras: ['glees', 'kenttarova', 'marcell_MN', 'oregon_yp', 'queens', 'tammela', 'willowcreek']
OOB n=459 | RMSE=0.1462 | Bias=0.0291 | FracRMSE=0.1700 | FracBias=-0.0866 | NoneBias=0.0748 | FullBias=-0.0368
Aspect split eligible OOB rows (north/south facing fraction threshold = 0.75): 54 / 459
north_dominated OOB n=28 | RMSE=0.0390 | Bias=0.0119 | FracRMSE=0.0400 | FracBias=0.0314 | NoneBias=0.0240 | FullBias=-0.0061
south_dominated OOB n=26 | RMSE=0.0389 | Bias=0.0080 | FracRMSE=0.0643 | FracBias=-0.0078 | NoneBias=0.0387 | FullBias=0.0000
Low-gradient eligible OOB rows (gradient_p84 <= 4.0): 110 / 459
low_gradient_p84 OOB n=110 | RMSE=0.1597 | Bias=0.0759 | FracRMSE=0.2189 | FracBias=-0.1701 | NoneBias=0.1115 | FullBias=-0.1645
5.39s

=== Bootstrap 737/1000 ===

Chosen filter -> Eg_strong/Eg_weak >= 1.05, data_quantity >= 17 | CV acc=0.9419, CV bin acc=0.9625, n_rows(dedup)=1068 | OOB acc=0.9025, OOB bin acc=0.9928, n_rows_test(dedup)=277 |
OOB cameras: ['lacclair', 'marcell_MN', 'queens', 'sodankyla_full', 'underc', 'wslcreek']
OOB n=329 | RMSE=0.1111 | Bias=0.0067 | FracRMSE=0.2507 | FracBias=-0.0279 | NoneBias=0.0296 | FullBias=-0.0022
Aspect split eligible OOB rows (north/south facing fraction threshold = 0.75): 31 / 329
north_dominated OOB n=26 | RMSE=0.0773 | Bias=0.0144 | FracRMSE=0.2786 | FracBias=0.1867 | NoneBias=0.0000 | FullBias=0.0000
south_dominated OOB n=5 | RMSE=0.0000 | Bias=0.0000 | FracRMSE=nan | FracBias=nan | NoneBias=0.0000 | FullBias=0.0000
Low-gradient eligible OOB rows (gradient_p84 <= 4.0): 28 / 329
low_gradient_p84 OOB n=28 | RMSE=0.0569 | Bias=0.0112 | FracRMSE=0.0304 | FracBias=-0.0304 | NoneBias=0.0264 | FullBias=0.0000
5.98s

=== Bootstrap 738/1000 ===

Chosen filter -> Eg_strong/Eg_weak >= 1.18, data_quantity >= 16 | CV acc=0.9242, CV bin acc=0.9715, n_rows(dedup)=1016 | OOB acc=0.9756, OOB bin acc=0.9939, n_rows_test(dedup)=328 |
OOB cameras: ['kenttarova', 'lacclair', 'old_jack_pine', 'tammela', 'varrio', 'wslcreek']
OOB n=402 | RMSE=0.0973 | Bias=-0.0003 | FracRMSE=0.2414 | FracBias=-0.0202 | NoneBias=0.0072 | FullBias=-0.0017
Aspect split eligible OOB rows (north/south facing fraction threshold = 0.75): 85 / 402
north_dominated OOB n=67 | RMSE=0.0373 | Bias=0.0072 | FracRMSE=0.1017 | FracBias=0.0539 | NoneBias=0.0000 | FullBias=0.0000
south_dominated OOB n=18 | RMSE=0.0201 | Bias=0.0072 | FracRMSE=0.0493 | FracBias=0.0433 | NoneBias=0.0000 | FullBias=0.0000
Low-gradient eligible OOB rows (gradient_p84 <= 4.0): 45 / 402
low_gradient_p84 OOB n=45 | RMSE=0.1228 | Bias=-0.0217 | FracRMSE=0.2912 | FracBias=-0.1222 | NoneBias=0.0000 | FullBias=0.0000
6.08s

=== Bootstrap 739/1000 ===

Chosen filter -> Eg_strong/Eg_weak >= 1.05, data_quantity >= 13 | CV acc=0.9271, CV bin acc=0.9862, n_rows(dedup)=1084 | OOB acc=0.9312, OOB bin acc=0.9656, n_rows_test(dedup)=552 |
OOB cameras: ['bartlett', 'delta_junction', 'glees', 'hyytiala', 'lacclair', 'old_jack_pine', 'oregon_yp', 'willowcreek']
OOB n=659 | RMSE=0.1692 | Bias=-0.0118 | FracRMSE=0.3684 | FracBias=-0.1385 | NoneBias=0.0210 | FullBias=-0.0239
Aspect split eligible OOB rows (north/south facing fraction threshold = 0.75): 72 / 659
north_dominated OOB n=47 | RMSE=0.3120 | Bias=-0.1149 | FracRMSE=0.4770 | FracBias=-0.2663 | NoneBias=0.0000 | FullBias=-0.0936
south_dominated OOB n=25 | RMSE=0.2404 | Bias=-0.0680 | FracRMSE=0.8500 | FracBias=-0.8500 | NoneBias=0.0000 | FullBias=0.0000
Low-gradient eligible OOB rows (gradient_p84 <= 4.0): 167 / 659
low_gradient_p84 OOB n=167 | RMSE=0.1138 | Bias=-0.0083 | FracRMSE=0.2843 | FracBias=-0.1521 | NoneBias=0.0167 | FullBias=-0.0091
6.1s

=== Bootstrap 740/1000 ===

Chosen filter -> Eg_strong/Eg_weak >= 1.05, data_quantity >= 17 | CV acc=0.9257, CV bin acc=0.9693, n_rows(dedup)=848 | OOB acc=0.9519, OOB bin acc=0.9852, n_rows_test(dedup)=270 |
OOB cameras: ['bartlett', 'oregon_yp', 'sodankyla_full']
OOB n=294 | RMSE=0.1727 | Bias=0.0174 | FracRMSE=0.4044 | FracBias=-0.3033 | NoneBias=0.0756 | FullBias=-0.0372
Aspect split eligible OOB rows (north/south facing fraction threshold = 0.75): 25 / 294
north_dominated OOB n=16 | RMSE=0.4027 | Bias=-0.2194 | FracRMSE=0.6498 | FracBias=-0.6382 | NoneBias=0.0036 | FullBias=-0.2701
south_dominated OOB n=9 | RMSE=0.4007 | Bias=-0.1889 | FracRMSE=0.8500 | FracBias=-0.8500 | NoneBias=0.0000 | FullBias=0.0000
Low-gradient eligible OOB rows (gradient_p84 <= 4.0): 125 / 294
low_gradient_p84 OOB n=125 | RMSE=0.1481 | Bias=0.0757 | FracRMSE=0.2362 | FracBias=-0.1946 | NoneBias=0.1100 | FullBias=0.0000
5.24s

=== Bootstrap 741/1000 ===

Chosen filter -> Eg_strong/Eg_weak >= 1.11, data_quantity >= 16 | CV acc=0.9439, CV bin acc=0.9840, n_rows(dedup)=999 | OOB acc=0.9164, OOB bin acc=0.9699, n_rows_test(dedup)=299 |
OOB cameras: ['delta_junction', 'glees', 'lacclair', 'sodankyla_full', 'underhill', 'willowcreek']
OOB n=360 | RMSE=0.1716 | Bias=0.0094 | FracRMSE=0.2834 | FracBias=-0.0467 | NoneBias=0.0600 | FullBias=-0.0195
Aspect split eligible OOB rows (north/south facing fraction threshold = 0.75): 59 / 360
north_dominated OOB n=43 | RMSE=0.1622 | Bias=-0.0278 | FracRMSE=0.2896 | FracBias=-0.1527 | NoneBias=0.0270 | FullBias=0.0000
south_dominated OOB n=16 | RMSE=0.0175 | Bias=0.0057 | FracRMSE=nan | FracBias=nan | NoneBias=0.0228 | FullBias=0.0000
Low-gradient eligible OOB rows (gradient_p84 <= 4.0): 54 / 360
low_gradient_p84 OOB n=54 | RMSE=0.1313 | Bias=-0.0152 | FracRMSE=0.2055 | FracBias=-0.1059 | NoneBias=0.0353 | FullBias=-0.0310
5.68s

=== Bootstrap 742/1000 ===

Chosen filter -> Eg_strong/Eg_weak >= 1.05, data_quantity >= 16 | CV acc=0.9293, CV bin acc=0.9876, n_rows(dedup)=1131 | OOB acc=0.9653, OOB bin acc=0.9802, n_rows_test(dedup)=404 |
OOB cameras: ['lacclair', 'marcell_MN', 'old_jack_pine', 'oregon_yp', 'torgnon', 'underhill', 'willowcreek', 'wslcreek']
OOB n=475 | RMSE=0.1645 | Bias=0.0251 | FracRMSE=0.2582 | FracBias=-0.1123 | NoneBias=0.0805 | FullBias=-0.0267
Aspect split eligible OOB rows (north/south facing fraction threshold = 0.75): 27 / 475
north_dominated OOB n=23 | RMSE=0.1036 | Bias=0.0296 | FracRMSE=0.2627 | FracBias=0.1755 | NoneBias=0.1650 | FullBias=0.0000
south_dominated OOB n=4 | RMSE=0.0000 | Bias=0.0000 | FracRMSE=nan | FracBias=nan | NoneBias=nan | FullBias=0.0000
Low-gradient eligible OOB rows (gradient_p84 <= 4.0): 141 / 475
low_gradient_p84 OOB n=141 | RMSE=0.1535 | Bias=0.0506 | FracRMSE=0.2658 | FracBias=-0.2100 | NoneBias=0.0929 | FullBias=-0.0795
6.13s

=== Bootstrap 743/1000 ===

Chosen filter -> Eg_strong/Eg_weak >= 1.07, data_quantity >= 13 | CV acc=0.9260, CV bin acc=0.9575, n_rows(dedup)=1271 | OOB acc=0.8339, OOB bin acc=0.9446, n_rows_test(dedup)=271 |
OOB cameras: ['bartlett', 'glees', 'marcell_MN', 'torgnon', 'underc', 'underhill', 'varrio']
OOB n=303 | RMSE=0.2114 | Bias=-0.0301 | FracRMSE=0.4821 | FracBias=-0.2958 | NoneBias=0.0429 | FullBias=-0.0291
Aspect split eligible OOB rows (north/south facing fraction threshold = 0.75): 63 / 303
north_dominated OOB n=34 | RMSE=0.3372 | Bias=-0.1396 | FracRMSE=0.7587 | FracBias=-0.7489 | NoneBias=0.0000 | FullBias=-0.0795
south_dominated OOB n=29 | RMSE=0.2349 | Bias=-0.0722 | FracRMSE=0.7302 | FracBias=-0.6978 | NoneBias=0.0000 | FullBias=0.0000
Low-gradient eligible OOB rows (gradient_p84 <= 4.0): 1 / 303
low_gradient_p84 OOB n=1 | RMSE=0.0000 | Bias=0.0000 | FracRMSE=nan | FracBias=nan | NoneBias=nan | FullBias=0.0000
6.43s

=== Bootstrap 744/1000 ===

Chosen filter -> Eg_strong/Eg_weak >= 1.05, data_quantity >= 16 | CV acc=0.9473, CV bin acc=0.9831, n_rows(dedup)=1063 | OOB acc=0.8835, OOB bin acc=0.9466, n_rows_test(dedup)=206 |
OOB cameras: ['bartlett', 'queens', 'tammela', 'underc', 'willowcreek']
OOB n=227 | RMSE=0.2337 | Bias=-0.0161 | FracRMSE=0.4724 | FracBias=-0.2589 | NoneBias=0.0513 | FullBias=-0.0544
Aspect split eligible OOB rows (north/south facing fraction threshold = 0.75): 18 / 227
north_dominated OOB n=9 | RMSE=0.5355 | Bias=-0.3790 | FracRMSE=0.6812 | FracBias=-0.6586 | NoneBias=0.0000 | FullBias=-0.3587
south_dominated OOB n=9 | RMSE=0.4007 | Bias=-0.1889 | FracRMSE=0.8500 | FracBias=-0.8500 | NoneBias=0.0000 | FullBias=0.0000
Low-gradient eligible OOB rows (gradient_p84 <= 4.0): 4 / 227
low_gradient_p84 OOB n=4 | RMSE=0.1688 | Bias=-0.0279 | FracRMSE=nan | FracBias=nan | NoneBias=0.1111 | FullBias=-0.1669
6.25s

=== Bootstrap 745/1000 ===

Chosen filter -> Eg_strong/Eg_weak >= 1.18, data_quantity >= 16 | CV acc=0.9525, CV bin acc=0.9903, n_rows(dedup)=927 | OOB acc=0.9000, OOB bin acc=0.9467, n_rows_test(dedup)=300 |
OOB cameras: ['hyytiala', 'lacclair', 'marcell_MN', 'tammela', 'underc', 'willowcreek']
OOB n=345 | RMSE=0.1588 | Bias=-0.0018 | FracRMSE=0.2673 | FracBias=-0.0905 | NoneBias=0.0353 | FullBias=-0.0381
Aspect split eligible OOB rows (north/south facing fraction threshold = 0.75): 4 / 345
north_dominated OOB n=2 | RMSE=0.0000 | Bias=0.0000 | FracRMSE=nan | FracBias=nan | NoneBias=nan | FullBias=0.0000
south_dominated OOB n=2 | RMSE=0.0000 | Bias=0.0000 | FracRMSE=nan | FracBias=nan | NoneBias=nan | FullBias=0.0000
Low-gradient eligible OOB rows (gradient_p84 <= 4.0): 4 / 345
low_gradient_p84 OOB n=4 | RMSE=0.2843 | Bias=-0.0550 | FracRMSE=nan | FracBias=nan | NoneBias=0.1865 | FullBias=-0.2965
5.9s

=== Bootstrap 746/1000 ===

Chosen filter -> Eg_strong/Eg_weak >= 1.05, data_quantity >= 16 | CV acc=0.9026, CV bin acc=0.9917, n_rows(dedup)=1212 | OOB acc=0.9196, OOB bin acc=0.9441, n_rows_test(dedup)=286 |
OOB cameras: ['hyytiala', 'kenttarova', 'marcell_MN', 'queens', 'underhill', 'willowcreek']
OOB n=307 | RMSE=0.1629 | Bias=-0.0047 | FracRMSE=0.1372 | FracBias=-0.0140 | NoneBias=0.0373 | FullBias=-0.0701
Aspect split eligible OOB rows (north/south facing fraction threshold = 0.75): 42 / 307
north_dominated OOB n=29 | RMSE=0.0577 | Bias=0.0191 | FracRMSE=0.0400 | FracBias=0.0314 | NoneBias=0.0440 | FullBias=-0.0013
south_dominated OOB n=13 | RMSE=0.0226 | Bias=0.0012 | FracRMSE=0.0471 | FracBias=0.0052 | NoneBias=0.0000 | FullBias=0.0000
Low-gradient eligible OOB rows (gradient_p84 <= 4.0): 12 / 307
low_gradient_p84 OOB n=12 | RMSE=0.1698 | Bias=-0.0298 | FracRMSE=0.0573 | FracBias=0.0028 | NoneBias=0.0531 | FullBias=-0.1704
6.5s

=== Bootstrap 747/1000 ===

Chosen filter -> Eg_strong/Eg_weak >= 1.05, data_quantity >= 17 | CV acc=0.9235, CV bin acc=0.9874, n_rows(dedup)=954 | OOB acc=0.9460, OOB bin acc=0.9762, n_rows_test(dedup)=463 |
OOB cameras: ['hyytiala', 'old_jack_pine', 'oregon_yp', 'queens', 'torgnon', 'underc', 'willowcreek']
OOB n=511 | RMSE=0.1672 | Bias=0.0356 | FracRMSE=0.2656 | FracBias=-0.0647 | NoneBias=0.0708 | FullBias=-0.0353
Aspect split eligible OOB rows (north/south facing fraction threshold = 0.75): 3 / 511
north_dominated OOB n=1 | RMSE=0.0000 | Bias=0.0000 | FracRMSE=nan | FracBias=nan | NoneBias=0.0000 | FullBias=nan
south_dominated OOB n=2 | RMSE=0.0000 | Bias=0.0000 | FracRMSE=nan | FracBias=nan | NoneBias=nan | FullBias=0.0000
Low-gradient eligible OOB rows (gradient_p84 <= 4.0): 139 / 511
low_gradient_p84 OOB n=139 | RMSE=0.1580 | Bias=0.0624 | FracRMSE=0.2653 | FracBias=-0.1906 | NoneBias=0.1005 | FullBias=-0.0512
5.91s

=== Bootstrap 748/1000 ===

Chosen filter -> Eg_strong/Eg_weak >= 1.13, data_quantity >= 16 | CV acc=0.8964, CV bin acc=0.9694, n_rows(dedup)=1014 | OOB acc=0.8670, OOB bin acc=0.9725, n_rows_test(dedup)=218 |
OOB cameras: ['bartlett', 'delta_junction', 'kenttarova', 'lacclair', 'tammela', 'torgnon']
OOB n=299 | RMSE=0.1461 | Bias=-0.0253 | FracRMSE=0.2788 | FracBias=-0.0826 | NoneBias=0.0019 | FullBias=-0.0230
Aspect split eligible OOB rows (north/south facing fraction threshold = 0.75): 90 / 299
north_dominated OOB n=70 | RMSE=0.2137 | Bias=-0.0651 | FracRMSE=0.3170 | FracBias=-0.1529 | NoneBias=0.0030 | FullBias=-0.0502
south_dominated OOB n=20 | RMSE=0.1907 | Bias=-0.0408 | FracRMSE=0.4265 | FracBias=-0.2038 | NoneBias=0.0000 | FullBias=0.0000
Low-gradient eligible OOB rows (gradient_p84 <= 4.0): 30 / 299
low_gradient_p84 OOB n=30 | RMSE=0.1026 | Bias=-0.0209 | FracRMSE=0.1777 | FracBias=-0.0628 | NoneBias=0.0000 | FullBias=0.0000
5.9s

=== Bootstrap 749/1000 ===

Chosen filter -> Eg_strong/Eg_weak >= 1.18, data_quantity >= 17 | CV acc=0.9426, CV bin acc=0.9823, n_rows(dedup)=958 | OOB acc=0.9292, OOB bin acc=0.9917, n_rows_test(dedup)=240 |
OOB cameras: ['old_jack_pine', 'queens', 'torgnon', 'underc', 'underhill', 'varrio']
OOB n=277 | RMSE=0.1484 | Bias=0.0071 | FracRMSE=0.3315 | FracBias=-0.0334 | NoneBias=0.0286 | FullBias=-0.0016
Aspect split eligible OOB rows (north/south facing fraction threshold = 0.75): 26 / 277
north_dominated OOB n=21 | RMSE=0.0210 | Bias=0.0046 | FracRMSE=nan | FracBias=nan | NoneBias=0.0137 | FullBias=0.0000
south_dominated OOB n=5 | RMSE=0.0000 | Bias=0.0000 | FracRMSE=nan | FracBias=nan | NoneBias=nan | FullBias=0.0000
Low-gradient eligible OOB rows (gradient_p84 <= 4.0): 36 / 277
low_gradient_p84 OOB n=36 | RMSE=0.1293 | Bias=-0.0253 | FracRMSE=0.3470 | FracBias=-0.1824 | NoneBias=0.0000 | FullBias=0.0000
5.74s

=== Bootstrap 750/1000 ===

Chosen filter -> Eg_strong/Eg_weak >= 1.05, data_quantity >= 16 | CV acc=0.9523, CV bin acc=0.9762, n_rows(dedup)=1007 | OOB acc=0.8960, OOB bin acc=0.9693, n_rows_test(dedup)=423 |
OOB cameras: ['bartlett', 'hyytiala', 'kenttarova', 'sodankyla_full', 'underc', 'underhill', 'varrio']
OOB n=470 | RMSE=0.1485 | Bias=-0.0157 | FracRMSE=0.3493 | FracBias=-0.1439 | NoneBias=0.0155 | FullBias=-0.0237
Aspect split eligible OOB rows (north/south facing fraction threshold = 0.75): 88 / 470
north_dominated OOB n=64 | RMSE=0.2206 | Bias=-0.0570 | FracRMSE=0.3995 | FracBias=-0.1929 | NoneBias=0.0000 | FullBias=-0.0506
south_dominated OOB n=24 | RMSE=0.2460 | Bias=-0.0654 | FracRMSE=0.5389 | FracBias=-0.3140 | NoneBias=0.0000 | FullBias=0.0000
Low-gradient eligible OOB rows (gradient_p84 <= 4.0): 36 / 470
low_gradient_p84 OOB n=36 | RMSE=0.0333 | Bias=0.0039 | FracRMSE=0.0836 | FracBias=0.0009 | NoneBias=0.0081 | FullBias=0.0000
5.48s

=== Bootstrap 751/1000 ===

Chosen filter -> Eg_strong/Eg_weak >= 1.06, data_quantity >= 17 | CV acc=0.9149, CV bin acc=0.9759, n_rows(dedup)=787 | OOB acc=0.9389, OOB bin acc=0.9944, n_rows_test(dedup)=360 |
OOB cameras: ['delta_junction', 'marcell_MN', 'old_jack_pine', 'tammela', 'underhill', 'varrio']
OOB n=416 | RMSE=0.1357 | Bias=0.0026 | FracRMSE=0.3358 | FracBias=-0.0224 | NoneBias=0.0111 | FullBias=0.0000
Aspect split eligible OOB rows (north/south facing fraction threshold = 0.75): 57 / 416
north_dominated OOB n=54 | RMSE=0.1562 | Bias=-0.0239 | FracRMSE=0.3454 | FracBias=-0.1240 | NoneBias=0.0037 | FullBias=0.0000
south_dominated OOB n=3 | RMSE=0.0000 | Bias=0.0000 | FracRMSE=nan | FracBias=nan | NoneBias=nan | FullBias=0.0000
Low-gradient eligible OOB rows (gradient_p84 <= 4.0): 58 / 416
low_gradient_p84 OOB n=58 | RMSE=0.1386 | Bias=-0.0239 | FracRMSE=0.2928 | FracBias=-0.1066 | NoneBias=0.0000 | FullBias=0.0000
5.3s

=== Bootstrap 752/1000 ===

Chosen filter -> Eg_strong/Eg_weak >= 1.27, data_quantity >= 14 | CV acc=0.9458, CV bin acc=0.9798, n_rows(dedup)=793 | OOB acc=0.9047, OOB bin acc=0.9869, n_rows_test(dedup)=535 |
OOB cameras: ['glees', 'kenttarova', 'lacclair', 'oregon_yp', 'sodankyla_full', 'tammela', 'varrio', 'willowcreek']
OOB n=604 | RMSE=0.1288 | Bias=0.0206 | FracRMSE=0.1859 | FracBias=-0.0831 | NoneBias=0.0611 | FullBias=-0.0131
Aspect split eligible OOB rows (north/south facing fraction threshold = 0.75): 88 / 604
north_dominated OOB n=55 | RMSE=0.0227 | Bias=0.0059 | FracRMSE=0.0400 | FracBias=0.0314 | NoneBias=0.0086 | FullBias=-0.0007
south_dominated OOB n=33 | RMSE=0.0263 | Bias=0.0064 | FracRMSE=0.0432 | FracBias=0.0088 | NoneBias=0.0264 | FullBias=0.0000
Low-gradient eligible OOB rows (gradient_p84 <= 4.0): 140 / 604
low_gradient_p84 OOB n=140 | RMSE=0.1430 | Bias=0.0479 | FracRMSE=0.2375 | FracBias=-0.1839 | NoneBias=0.0855 | FullBias=-0.0294
5.13s

=== Bootstrap 753/1000 ===

Chosen filter -> Eg_strong/Eg_weak >= 1.05, data_quantity >= 16 | CV acc=0.8875, CV bin acc=0.9854, n_rows(dedup)=960 | OOB acc=0.9676, OOB bin acc=0.9794, n_rows_test(dedup)=339 |
OOB cameras: ['oregon_yp', 'tammela', 'torgnon', 'underhill', 'varrio', 'willowcreek']
OOB n=361 | RMSE=0.1647 | Bias=0.0395 | FracRMSE=0.2185 | FracBias=-0.1849 | NoneBias=0.0838 | FullBias=-0.0343
Aspect split eligible OOB rows (north/south facing fraction threshold = 0.75): 27 / 361
north_dominated OOB n=23 | RMSE=0.0838 | Bias=0.0175 | FracRMSE=nan | FracBias=nan | NoneBias=0.0502 | FullBias=0.0000
south_dominated OOB n=4 | RMSE=0.0000 | Bias=0.0000 | FracRMSE=nan | FracBias=nan | NoneBias=nan | FullBias=0.0000
Low-gradient eligible OOB rows (gradient_p84 <= 4.0): 102 / 361
low_gradient_p84 OOB n=102 | RMSE=0.1654 | Bias=0.0811 | FracRMSE=0.2440 | FracBias=-0.2101 | NoneBias=0.1152 | FullBias=-0.3261
5.6s

=== Bootstrap 754/1000 ===

Chosen filter -> Eg_strong/Eg_weak >= 1.05, data_quantity >= 16 | CV acc=0.9338, CV bin acc=0.9712, n_rows(dedup)=936 | OOB acc=0.9236, OOB bin acc=0.9792, n_rows_test(dedup)=288 |
OOB cameras: ['hyytiala', 'lacclair', 'marcell_MN', 'underc', 'underhill', 'varrio']
OOB n=342 | RMSE=0.1207 | Bias=-0.0011 | FracRMSE=0.2836 | FracBias=-0.1020 | NoneBias=0.0218 | FullBias=-0.0067
Aspect split eligible OOB rows (north/south facing fraction threshold = 0.75): 29 / 342
north_dominated OOB n=24 | RMSE=0.0416 | Bias=0.0085 | FracRMSE=nan | FracBias=nan | NoneBias=0.0291 | FullBias=0.0000
south_dominated OOB n=5 | RMSE=0.0000 | Bias=0.0000 | FracRMSE=nan | FracBias=nan | NoneBias=nan | FullBias=0.0000
Low-gradient eligible OOB rows (gradient_p84 <= 4.0): 0 / 342
low_gradient_p84 OOB n=0 | RMSE=nan | Bias=nan | FracRMSE=nan | FracBias=nan | NoneBias=nan | FullBias=nan
5.28s

=== Bootstrap 755/1000 ===

Chosen filter -> Eg_strong/Eg_weak >= 1.18, data_quantity >= 16 | CV acc=0.9724, CV bin acc=0.9820, n_rows(dedup)=943 | OOB acc=0.8502, OOB bin acc=0.9777, n_rows_test(dedup)=494 |
OOB cameras: ['bartlett', 'glees', 'hyytiala', 'kenttarova', 'sodankyla_full', 'tammela', 'torgnon', 'underc', 'varrio']
OOB n=537 | RMSE=0.1092 | Bias=-0.0083 | FracRMSE=0.3108 | FracBias=-0.1042 | NoneBias=0.0103 | FullBias=-0.0129
Aspect split eligible OOB rows (north/south facing fraction threshold = 0.75): 94 / 537
north_dominated OOB n=59 | RMSE=0.1625 | Bias=-0.0322 | FracRMSE=0.3947 | FracBias=-0.1897 | NoneBias=0.0000 | FullBias=0.0000
south_dominated OOB n=35 | RMSE=0.1444 | Bias=-0.0206 | FracRMSE=0.4271 | FracBias=-0.1800 | NoneBias=0.0000 | FullBias=0.0000
Low-gradient eligible OOB rows (gradient_p84 <= 4.0): 36 / 537
low_gradient_p84 OOB n=36 | RMSE=0.0346 | Bias=0.0039 | FracRMSE=0.0867 | FracBias=-0.0013 | NoneBias=0.0084 | FullBias=0.0000
5.48s

=== Bootstrap 756/1000 ===

Chosen filter -> Eg_strong/Eg_weak >= 1.20, data_quantity >= 13 | CV acc=0.9245, CV bin acc=0.9878, n_rows(dedup)=901 | OOB acc=0.9465, OOB bin acc=0.9786, n_rows_test(dedup)=374 |
OOB cameras: ['delta_junction', 'old_jack_pine', 'queens', 'sodankyla_full', 'underhill', 'willowcreek']
OOB n=425 | RMSE=0.1700 | Bias=0.0030 | FracRMSE=0.3097 | FracBias=-0.0654 | NoneBias=0.0387 | FullBias=-0.0193
Aspect split eligible OOB rows (north/south facing fraction threshold = 0.75): 45 / 425
north_dominated OOB n=42 | RMSE=0.1677 | Bias=-0.0331 | FracRMSE=0.3055 | FracBias=-0.1623 | NoneBias=0.0219 | FullBias=0.0000
south_dominated OOB n=3 | RMSE=0.0000 | Bias=0.0000 | FracRMSE=nan | FracBias=nan | NoneBias=0.0000 | FullBias=0.0000
Low-gradient eligible OOB rows (gradient_p84 <= 4.0): 95 / 425
low_gradient_p84 OOB n=95 | RMSE=0.1309 | Bias=-0.0254 | FracRMSE=0.2819 | FracBias=-0.1637 | NoneBias=0.0153 | FullBias=-0.0205
5.39s

=== Bootstrap 757/1000 ===

Chosen filter -> Eg_strong/Eg_weak >= 1.07, data_quantity >= 11 | CV acc=0.9343, CV bin acc=0.9597, n_rows(dedup)=943 | OOB acc=0.9010, OOB bin acc=0.9807, n_rows_test(dedup)=414 |
OOB cameras: ['delta_junction', 'queens', 'sodankyla_full', 'underc', 'underhill', 'varrio', 'wslcreek']
OOB n=473 | RMSE=0.1571 | Bias=0.0183 | FracRMSE=0.3255 | FracBias=0.0845 | NoneBias=0.0386 | FullBias=-0.0083
Aspect split eligible OOB rows (north/south facing fraction threshold = 0.75): 91 / 473
north_dominated OOB n=83 | RMSE=0.1478 | Bias=0.0029 | FracRMSE=0.3466 | FracBias=-0.0210 | NoneBias=0.0207 | FullBias=0.0000
south_dominated OOB n=8 | RMSE=0.0000 | Bias=0.0000 | FracRMSE=nan | FracBias=nan | NoneBias=0.0000 | FullBias=0.0000
Low-gradient eligible OOB rows (gradient_p84 <= 4.0): 53 / 473
low_gradient_p84 OOB n=53 | RMSE=0.1091 | Bias=0.0108 | FracRMSE=0.2375 | FracBias=0.0191 | NoneBias=0.0190 | FullBias=0.0000
5.39s

=== Bootstrap 758/1000 ===

Chosen filter -> Eg_strong/Eg_weak >= 1.05, data_quantity >= 9 | CV acc=0.9422, CV bin acc=0.9766, n_rows(dedup)=1280 | OOB acc=0.8708, OOB bin acc=0.9663, n_rows_test(dedup)=356 |
OOB cameras: ['glees', 'lacclair', 'queens', 'tammela', 'underc', 'underhill', 'varrio', 'wslcreek']
OOB n=414 | RMSE=0.1388 | Bias=0.0093 | FracRMSE=0.2539 | FracBias=-0.0105 | NoneBias=0.0483 | FullBias=-0.0121
Aspect split eligible OOB rows (north/south facing fraction threshold = 0.75): 74 / 414
north_dominated OOB n=48 | RMSE=0.0872 | Bias=0.0174 | FracRMSE=0.2898 | FracBias=0.1947 | NoneBias=0.0554 | FullBias=0.0000
south_dominated OOB n=26 | RMSE=0.0149 | Bias=0.0040 | FracRMSE=nan | FracBias=nan | NoneBias=0.0261 | FullBias=0.0000
Low-gradient eligible OOB rows (gradient_p84 <= 4.0): 1 / 414
low_gradient_p84 OOB n=1 | RMSE=0.0000 | Bias=0.0000 | FracRMSE=nan | FracBias=nan | NoneBias=nan | FullBias=0.0000
6.67s

=== Bootstrap 759/1000 ===

Chosen filter -> Eg_strong/Eg_weak >= 1.05, data_quantity >= 17 | CV acc=0.9109, CV bin acc=0.9597, n_rows(dedup)=819 | OOB acc=0.9514, OOB bin acc=0.9912, n_rows_test(dedup)=453 |
OOB cameras: ['delta_junction', 'hyytiala', 'kenttarova', 'marcell_MN', 'sodankyla_full', 'tammela', 'torgnon']
OOB n=503 | RMSE=0.0902 | Bias=-0.0035 | FracRMSE=0.2370 | FracBias=-0.0186 | NoneBias=0.0071 | FullBias=-0.0151
Aspect split eligible OOB rows (north/south facing fraction threshold = 0.75): 77 / 503
north_dominated OOB n=64 | RMSE=0.1197 | Bias=-0.0166 | FracRMSE=0.2314 | FracBias=-0.0692 | NoneBias=0.0049 | FullBias=0.0000
south_dominated OOB n=13 | RMSE=0.0169 | Bias=0.0054 | FracRMSE=0.0430 | FracBias=0.0350 | NoneBias=0.0000 | FullBias=0.0000
Low-gradient eligible OOB rows (gradient_p84 <= 4.0): 56 / 503
low_gradient_p84 OOB n=56 | RMSE=0.0851 | Bias=-0.0043 | FracRMSE=0.1813 | FracBias=-0.0592 | NoneBias=0.0146 | FullBias=0.0000
5.11s

=== Bootstrap 760/1000 ===

Chosen filter -> Eg_strong/Eg_weak >= 1.11, data_quantity >= 16 | CV acc=0.9198, CV bin acc=0.9635, n_rows(dedup)=1260 | OOB acc=0.8788, OOB bin acc=0.9576, n_rows_test(dedup)=165 |
OOB cameras: ['bartlett', 'glees', 'kenttarova', 'torgnon', 'underhill', 'wslcreek']
OOB n=190 | RMSE=0.1632 | Bias=-0.0131 | FracRMSE=0.2809 | FracBias=-0.0628 | NoneBias=0.0463 | FullBias=-0.0262
Aspect split eligible OOB rows (north/south facing fraction threshold = 0.75): 87 / 190
north_dominated OOB n=55 | RMSE=0.2076 | Bias=-0.0443 | FracRMSE=0.3169 | FracBias=-0.1080 | NoneBias=0.0334 | FullBias=-0.0423
south_dominated OOB n=32 | RMSE=0.1510 | Bias=-0.0225 | FracRMSE=0.4271 | FracBias=-0.1800 | NoneBias=0.0000 | FullBias=0.0000
Low-gradient eligible OOB rows (gradient_p84 <= 4.0): 8 / 190
low_gradient_p84 OOB n=8 | RMSE=0.0300 | Bias=0.0150 | FracRMSE=0.0600 | FracBias=0.0600 | NoneBias=0.0000 | FullBias=0.0000
6.17s

=== Bootstrap 761/1000 ===

Chosen filter -> Eg_strong/Eg_weak >= 1.05, data_quantity >= 12 | CV acc=0.9343, CV bin acc=0.9771, n_rows(dedup)=1004 | OOB acc=0.9223, OOB bin acc=0.9767, n_rows_test(dedup)=386 |
OOB cameras: ['delta_junction', 'kenttarova', 'queens', 'sodankyla_full', 'underhill', 'willowcreek', 'wslcreek']
OOB n=439 | RMSE=0.1703 | Bias=0.0248 | FracRMSE=0.2640 | FracBias=0.0466 | NoneBias=0.0608 | FullBias=-0.0120
Aspect split eligible OOB rows (north/south facing fraction threshold = 0.75): 105 / 439
north_dominated OOB n=88 | RMSE=0.1429 | Bias=0.0027 | FracRMSE=0.2617 | FracBias=-0.0236 | NoneBias=0.0273 | FullBias=0.0000
south_dominated OOB n=17 | RMSE=0.0207 | Bias=0.0076 | FracRMSE=0.0493 | FracBias=0.0433 | NoneBias=0.0000 | FullBias=0.0000
Low-gradient eligible OOB rows (gradient_p84 <= 4.0): 65 / 439
low_gradient_p84 OOB n=65 | RMSE=0.1283 | Bias=0.0074 | FracRMSE=0.1909 | FracBias=-0.0247 | NoneBias=0.0418 | FullBias=-0.0139
5.3s

=== Bootstrap 762/1000 ===

Chosen filter -> Eg_strong/Eg_weak >= 1.25, data_quantity >= 16 | CV acc=0.9230, CV bin acc=0.9735, n_rows(dedup)=831 | OOB acc=0.9387, OOB bin acc=0.9808, n_rows_test(dedup)=261 |
OOB cameras: ['hyytiala', 'kenttarova', 'marcell_MN', 'torgnon', 'varrio']
OOB n=287 | RMSE=0.0690 | Bias=-0.0067 | FracRMSE=0.1268 | FracBias=0.0021 | NoneBias=0.0057 | FullBias=-0.0200
Aspect split eligible OOB rows (north/south facing fraction threshold = 0.75): 62 / 287
north_dominated OOB n=46 | RMSE=0.0180 | Bias=0.0061 | FracRMSE=0.0400 | FracBias=0.0314 | NoneBias=0.0051 | FullBias=0.0000
south_dominated OOB n=16 | RMSE=0.0214 | Bias=0.0081 | FracRMSE=0.0493 | FracBias=0.0433 | NoneBias=0.0000 | FullBias=0.0000
Low-gradient eligible OOB rows (gradient_p84 <= 4.0): 8 / 287
low_gradient_p84 OOB n=8 | RMSE=0.0300 | Bias=0.0150 | FracRMSE=0.0600 | FracBias=0.0600 | NoneBias=0.0000 | FullBias=0.0000
5.27s

=== Bootstrap 763/1000 ===

Chosen filter -> Eg_strong/Eg_weak >= 1.11, data_quantity >= 16 | CV acc=0.9409, CV bin acc=0.9818, n_rows(dedup)=1099 | OOB acc=0.9598, OOB bin acc=0.9899, n_rows_test(dedup)=199 |
OOB cameras: ['kenttarova', 'old_jack_pine', 'torgnon', 'wslcreek']
OOB n=238 | RMSE=0.1180 | Bias=0.0040 | FracRMSE=0.2371 | FracBias=0.0050 | NoneBias=0.0118 | FullBias=-0.0036
Aspect split eligible OOB rows (north/south facing fraction threshold = 0.75): 59 / 238
north_dominated OOB n=45 | RMSE=0.0386 | Bias=0.0097 | FracRMSE=0.0863 | FracBias=0.0484 | NoneBias=0.0000 | FullBias=0.0000
south_dominated OOB n=14 | RMSE=0.0228 | Bias=0.0093 | FracRMSE=0.0493 | FracBias=0.0433 | NoneBias=0.0000 | FullBias=0.0000
Low-gradient eligible OOB rows (gradient_p84 <= 4.0): 46 / 238
low_gradient_p84 OOB n=46 | RMSE=0.1180 | Bias=-0.0208 | FracRMSE=0.2830 | FracBias=-0.1197 | NoneBias=0.0000 | FullBias=0.0000
6.04s

=== Bootstrap 764/1000 ===

Chosen filter -> Eg_strong/Eg_weak >= 1.18, data_quantity >= 16 | CV acc=0.9491, CV bin acc=0.9809, n_rows(dedup)=786 | OOB acc=0.9224, OOB bin acc=0.9851, n_rows_test(dedup)=335 |
OOB cameras: ['bartlett', 'marcell_MN', 'old_jack_pine', 'sodankyla_full', 'torgnon', 'underc']
OOB n=377 | RMSE=0.1588 | Bias=-0.0055 | FracRMSE=0.3842 | FracBias=-0.1149 | NoneBias=0.0218 | FullBias=-0.0051
Aspect split eligible OOB rows (north/south facing fraction threshold = 0.75): 19 / 377
north_dominated OOB n=12 | RMSE=0.3722 | Bias=-0.1831 | FracRMSE=0.7444 | FracBias=-0.7323 | NoneBias=0.0000 | FullBias=0.0000
south_dominated OOB n=7 | RMSE=0.3213 | Bias=-0.1214 | FracRMSE=0.8500 | FracBias=-0.8500 | NoneBias=0.0000 | FullBias=0.0000
Low-gradient eligible OOB rows (gradient_p84 <= 4.0): 65 / 377
low_gradient_p84 OOB n=65 | RMSE=0.1025 | Bias=-0.0137 | FracRMSE=0.3104 | FracBias=-0.1407 | NoneBias=0.0026 | FullBias=0.0000
5.17s

=== Bootstrap 765/1000 ===

Chosen filter -> Eg_strong/Eg_weak >= 1.05, data_quantity >= 17 | CV acc=0.9514, CV bin acc=0.9819, n_rows(dedup)=1050 | OOB acc=0.9327, OOB bin acc=0.9651, n_rows_test(dedup)=401 |
OOB cameras: ['bartlett', 'lacclair', 'oregon_yp', 'sodankyla_full', 'tammela', 'torgnon', 'willowcreek']
OOB n=455 | RMSE=0.1680 | Bias=0.0056 | FracRMSE=0.3647 | FracBias=-0.2749 | NoneBias=0.0594 | FullBias=-0.0396
Aspect split eligible OOB rows (north/south facing fraction threshold = 0.75): 30 / 455
north_dominated OOB n=18 | RMSE=0.3313 | Bias=-0.1665 | FracRMSE=0.5900 | FracBias=-0.5709 | NoneBias=0.0000 | FullBias=-0.1606
south_dominated OOB n=12 | RMSE=0.3470 | Bias=-0.1417 | FracRMSE=0.8500 | FracBias=-0.8500 | NoneBias=0.0000 | FullBias=0.0000
Low-gradient eligible OOB rows (gradient_p84 <= 4.0): 129 / 455
low_gradient_p84 OOB n=129 | RMSE=0.1385 | Bias=0.0497 | FracRMSE=0.2591 | FracBias=-0.2285 | NoneBias=0.0873 | FullBias=-0.0375
5.87s

=== Bootstrap 766/1000 ===

Chosen filter -> Eg_strong/Eg_weak >= 1.20, data_quantity >= 10 | CV acc=0.9391, CV bin acc=0.9792, n_rows(dedup)=624 | OOB acc=0.9100, OOB bin acc=0.9848, n_rows_test(dedup)=722 |
OOB cameras: ['glees', 'hyytiala', 'lacclair', 'old_jack_pine', 'oregon_yp', 'queens', 'sodankyla_full', 'underc', 'varrio', 'willowcreek']
OOB n=814 | RMSE=0.1664 | Bias=0.0492 | FracRMSE=0.2741 | FracBias=0.0134 | NoneBias=0.0967 | FullBias=-0.0090
Aspect split eligible OOB rows (north/south facing fraction threshold = 0.75): 56 / 814
north_dominated OOB n=32 | RMSE=0.0166 | Bias=0.0029 | FracRMSE=nan | FracBias=nan | NoneBias=0.0078 | FullBias=0.0000
south_dominated OOB n=24 | RMSE=0.0509 | Bias=0.0147 | FracRMSE=nan | FracBias=nan | NoneBias=0.0882 | FullBias=0.0000
Low-gradient eligible OOB rows (gradient_p84 <= 4.0): 173 / 814
low_gradient_p84 OOB n=173 | RMSE=0.1862 | Bias=0.0978 | FracRMSE=0.2058 | FracBias=-0.1191 | NoneBias=0.1455 | FullBias=-0.0131
4.81s

=== Bootstrap 767/1000 ===

Chosen filter -> Eg_strong/Eg_weak >= 1.10, data_quantity >= 13 | CV acc=0.9453, CV bin acc=0.9947, n_rows(dedup)=1516 | OOB acc=0.8722, OOB bin acc=0.9435, n_rows_test(dedup)=407 |
OOB cameras: ['glees', 'hyytiala', 'kenttarova', 'torgnon', 'underc', 'underhill', 'varrio', 'willowcreek']
OOB n=445 | RMSE=0.1655 | Bias=0.0113 | FracRMSE=0.1879 | FracBias=-0.0079 | NoneBias=0.0584 | FullBias=-0.0326
Aspect split eligible OOB rows (north/south facing fraction threshold = 0.75): 85 / 445
north_dominated OOB n=52 | RMSE=0.0622 | Bias=0.0126 | FracRMSE=0.0400 | FracBias=0.0314 | NoneBias=0.0311 | FullBias=0.0000
south_dominated OOB n=33 | RMSE=0.0580 | Bias=-0.0030 | FracRMSE=0.1600 | FracBias=-0.0533 | NoneBias=0.0163 | FullBias=0.0000
Low-gradient eligible OOB rows (gradient_p84 <= 4.0): 14 / 445
low_gradient_p84 OOB n=14 | RMSE=0.1765 | Bias=-0.0075 | FracRMSE=0.0473 | FracBias=0.0448 | NoneBias=0.0762 | FullBias=-0.1087
7.37s

=== Bootstrap 768/1000 ===

Chosen filter -> Eg_strong/Eg_weak >= 1.25, data_quantity >= 16 | CV acc=0.9369, CV bin acc=0.9804, n_rows(dedup)=967 | OOB acc=0.9270, OOB bin acc=0.9937, n_rows_test(dedup)=315 |
OOB cameras: ['marcell_MN', 'queens', 'sodankyla_full', 'tammela', 'underc', 'wslcreek']
OOB n=336 | RMSE=0.1032 | Bias=0.0022 | FracRMSE=0.2785 | FracBias=-0.0593 | NoneBias=0.0181 | FullBias=-0.0035
Aspect split eligible OOB rows (north/south facing fraction threshold = 0.75): 27 / 336
north_dominated OOB n=24 | RMSE=0.0546 | Bias=0.0103 | FracRMSE=0.1893 | FracBias=0.1235 | NoneBias=0.0000 | FullBias=0.0000
south_dominated OOB n=3 | RMSE=0.0000 | Bias=0.0000 | FracRMSE=nan | FracBias=nan | NoneBias=0.0000 | FullBias=0.0000
Low-gradient eligible OOB rows (gradient_p84 <= 4.0): 28 / 336
low_gradient_p84 OOB n=28 | RMSE=0.0388 | Bias=0.0030 | FracRMSE=0.0973 | FracBias=-0.0973 | NoneBias=0.0139 | FullBias=0.0000
5.6s

=== Bootstrap 769/1000 ===

Chosen filter -> Eg_strong/Eg_weak >= 1.18, data_quantity >= 14 | CV acc=0.9291, CV bin acc=0.9729, n_rows(dedup)=959 | OOB acc=0.8342, OOB bin acc=0.9689, n_rows_test(dedup)=193 |
OOB cameras: ['glees', 'kenttarova', 'torgnon', 'underc', 'wslcreek']
OOB n=227 | RMSE=0.1318 | Bias=0.0192 | FracRMSE=0.1955 | FracBias=0.0345 | NoneBias=0.0779 | FullBias=-0.0092
Aspect split eligible OOB rows (north/south facing fraction threshold = 0.75): 76 / 227
north_dominated OOB n=45 | RMSE=0.0634 | Bias=0.0147 | FracRMSE=0.1407 | FracBias=0.0676 | NoneBias=0.0077 | FullBias=0.0000
south_dominated OOB n=31 | RMSE=0.0571 | Bias=0.0011 | FracRMSE=0.1447 | FracBias=-0.0366 | NoneBias=0.0302 | FullBias=0.0000
Low-gradient eligible OOB rows (gradient_p84 <= 4.0): 8 / 227
low_gradient_p84 OOB n=8 | RMSE=0.0300 | Bias=0.0150 | FracRMSE=0.0600 | FracBias=0.0600 | NoneBias=0.0000 | FullBias=0.0000
5.52s

=== Bootstrap 770/1000 ===

Chosen filter -> Eg_strong/Eg_weak >= 1.05, data_quantity >= 16 | CV acc=0.9285, CV bin acc=0.9687, n_rows(dedup)=895 | OOB acc=0.9446, OOB bin acc=0.9852, n_rows_test(dedup)=271 |
OOB cameras: ['lacclair', 'oregon_yp', 'sodankyla_full', 'torgnon']
OOB n=319 | RMSE=0.1210 | Bias=0.0354 | FracRMSE=0.2193 | FracBias=-0.1665 | NoneBias=0.0799 | FullBias=-0.0020
Aspect split eligible OOB rows (north/south facing fraction threshold = 0.75): 13 / 319
north_dominated OOB n=9 | RMSE=0.0091 | Bias=0.0030 | FracRMSE=nan | FracBias=nan | NoneBias=0.0054 | FullBias=0.0000
south_dominated OOB n=4 | RMSE=0.0000 | Bias=0.0000 | FracRMSE=nan | FracBias=nan | NoneBias=0.0000 | FullBias=0.0000
Low-gradient eligible OOB rows (gradient_p84 <= 4.0): 126 / 319
low_gradient_p84 OOB n=126 | RMSE=0.1513 | Bias=0.0771 | FracRMSE=0.2378 | FracBias=-0.1957 | NoneBias=0.1114 | FullBias=0.0000
5.36s

=== Bootstrap 771/1000 ===

Chosen filter -> Eg_strong/Eg_weak >= 1.05, data_quantity >= 16 | CV acc=0.9316, CV bin acc=0.9781, n_rows(dedup)=1052 | OOB acc=0.9260, OOB bin acc=0.9726, n_rows_test(dedup)=365 |
OOB cameras: ['glees', 'lacclair', 'old_jack_pine', 'oregon_yp', 'queens', 'underc']
OOB n=444 | RMSE=0.1457 | Bias=0.0196 | FracRMSE=0.2830 | FracBias=-0.0850 | NoneBias=0.0544 | FullBias=-0.0030
Aspect split eligible OOB rows (north/south facing fraction threshold = 0.75): 19 / 444
north_dominated OOB n=3 | RMSE=0.0000 | Bias=0.0000 | FracRMSE=nan | FracBias=nan | NoneBias=0.0000 | FullBias=0.0000
south_dominated OOB n=16 | RMSE=0.0000 | Bias=0.0000 | FracRMSE=nan | FracBias=nan | NoneBias=0.0000 | FullBias=0.0000
Low-gradient eligible OOB rows (gradient_p84 <= 4.0): 137 / 444
low_gradient_p84 OOB n=137 | RMSE=0.1363 | Bias=0.0344 | FracRMSE=0.2785 | FracBias=-0.1936 | NoneBias=0.0645 | FullBias=0.0000
5.75s

=== Bootstrap 772/1000 ===

Chosen filter -> Eg_strong/Eg_weak >= 1.18, data_quantity >= 16 | CV acc=0.9635, CV bin acc=0.9866, n_rows(dedup)=822 | OOB acc=0.8980, OOB bin acc=0.9767, n_rows_test(dedup)=343 |
OOB cameras: ['delta_junction', 'glees', 'oregon_yp', 'torgnon', 'underc', 'willowcreek']
OOB n=400 | RMSE=0.1863 | Bias=0.0366 | FracRMSE=0.2863 | FracBias=-0.0345 | NoneBias=0.0838 | FullBias=-0.0235
Aspect split eligible OOB rows (north/south facing fraction threshold = 0.75): 48 / 400
north_dominated OOB n=34 | RMSE=0.1601 | Bias=-0.0203 | FracRMSE=0.2791 | FracBias=-0.0738 | NoneBias=0.0086 | FullBias=0.0000
south_dominated OOB n=14 | RMSE=0.0073 | Bias=0.0026 | FracRMSE=nan | FracBias=nan | NoneBias=0.0122 | FullBias=0.0000
Low-gradient eligible OOB rows (gradient_p84 <= 4.0): 124 / 400
low_gradient_p84 OOB n=124 | RMSE=0.1485 | Bias=0.0473 | FracRMSE=0.2344 | FracBias=-0.1146 | NoneBias=0.0820 | FullBias=-0.0626
5.36s

=== Bootstrap 773/1000 ===

Chosen filter -> Eg_strong/Eg_weak >= 1.30, data_quantity >= 9 | CV acc=0.9400, CV bin acc=0.9764, n_rows(dedup)=933 | OOB acc=0.8813, OOB bin acc=0.9899, n_rows_test(dedup)=396 |
OOB cameras: ['glees', 'marcell_MN', 'old_jack_pine', 'queens', 'sodankyla_full', 'underc']
OOB n=437 | RMSE=0.1259 | Bias=0.0002 | FracRMSE=0.2982 | FracBias=-0.0713 | NoneBias=0.0242 | FullBias=-0.0060
Aspect split eligible OOB rows (north/south facing fraction threshold = 0.75): 26 / 437
north_dominated OOB n=7 | RMSE=0.0000 | Bias=0.0000 | FracRMSE=nan | FracBias=nan | NoneBias=0.0000 | FullBias=0.0000
south_dominated OOB n=19 | RMSE=0.0000 | Bias=0.0000 | FracRMSE=nan | FracBias=nan | NoneBias=0.0000 | FullBias=0.0000
Low-gradient eligible OOB rows (gradient_p84 <= 4.0): 69 / 437
low_gradient_p84 OOB n=69 | RMSE=0.0993 | Bias=-0.0149 | FracRMSE=0.3027 | FracBias=-0.1771 | NoneBias=0.0056 | FullBias=0.0000
5.34s

=== Bootstrap 774/1000 ===

Chosen filter -> Eg_strong/Eg_weak >= 1.25, data_quantity >= 17 | CV acc=0.9285, CV bin acc=0.9898, n_rows(dedup)=685 | OOB acc=0.9579, OOB bin acc=0.9872, n_rows_test(dedup)=546 |
OOB cameras: ['delta_junction', 'old_jack_pine', 'oregon_yp', 'queens', 'sodankyla_full', 'torgnon', 'varrio', 'willowcreek']
OOB n=615 | RMSE=0.1550 | Bias=0.0231 | FracRMSE=0.3336 | FracBias=-0.0044 | NoneBias=0.0453 | FullBias=-0.0058
Aspect split eligible OOB rows (north/south facing fraction threshold = 0.75): 65 / 615
north_dominated OOB n=59 | RMSE=0.1587 | Bias=-0.0004 | FracRMSE=0.3670 | FracBias=-0.0089 | NoneBias=0.0030 | FullBias=0.0000
south_dominated OOB n=6 | RMSE=0.0000 | Bias=0.0000 | FracRMSE=nan | FracBias=nan | NoneBias=0.0000 | FullBias=0.0000
Low-gradient eligible OOB rows (gradient_p84 <= 4.0): 186 / 615
low_gradient_p84 OOB n=186 | RMSE=0.1330 | Bias=0.0279 | FracRMSE=0.2820 | FracBias=-0.0761 | NoneBias=0.0512 | FullBias=0.0000
4.93s

=== Bootstrap 775/1000 ===

Chosen filter -> Eg_strong/Eg_weak >= 1.09, data_quantity >= 17 | CV acc=0.9447, CV bin acc=0.9784, n_rows(dedup)=1067 | OOB acc=0.8877, OOB bin acc=0.9644, n_rows_test(dedup)=365 |
OOB cameras: ['kenttarova', 'lacclair', 'queens', 'sodankyla_full', 'tammela', 'torgnon', 'underc', 'willowcreek']
OOB n=426 | RMSE=0.1439 | Bias=0.0007 | FracRMSE=0.2243 | FracBias=-0.0710 | NoneBias=0.0351 | FullBias=-0.0197
Aspect split eligible OOB rows (north/south facing fraction threshold = 0.75): 49 / 426
north_dominated OOB n=33 | RMSE=0.0183 | Bias=0.0064 | FracRMSE=0.0430 | FracBias=0.0350 | NoneBias=0.0000 | FullBias=0.0000
south_dominated OOB n=16 | RMSE=0.0152 | Bias=0.0044 | FracRMSE=0.0430 | FracBias=0.0350 | NoneBias=0.0000 | FullBias=0.0000
Low-gradient eligible OOB rows (gradient_p84 <= 4.0): 39 / 426
low_gradient_p84 OOB n=39 | RMSE=0.0877 | Bias=-0.0050 | FracRMSE=0.1232 | FracBias=-0.0518 | NoneBias=0.0241 | FullBias=-0.0306
5.8s

=== Bootstrap 776/1000 ===

Chosen filter -> Eg_strong/Eg_weak >= 1.05, data_quantity >= 16 | CV acc=0.9120, CV bin acc=0.9927, n_rows(dedup)=1091 | OOB acc=0.9372, OOB bin acc=0.9484, n_rows_test(dedup)=446 |
OOB cameras: ['bartlett', 'hyytiala', 'lacclair', 'old_jack_pine', 'oregon_yp', 'queens', 'torgnon', 'willowcreek']
OOB n=519 | RMSE=0.1816 | Bias=-0.0001 | FracRMSE=0.3375 | FracBias=-0.2069 | NoneBias=0.0625 | FullBias=-0.0874
Aspect split eligible OOB rows (north/south facing fraction threshold = 0.75): 24 / 519
north_dominated OOB n=12 | RMSE=0.4431 | Bias=-0.2826 | FracRMSE=0.6205 | FracBias=-0.6161 | NoneBias=0.0000 | FullBias=-0.2570
south_dominated OOB n=12 | RMSE=0.3514 | Bias=-0.1576 | FracRMSE=0.8500 | FracBias=-0.8500 | NoneBias=0.0000 | FullBias=-0.0213
Low-gradient eligible OOB rows (gradient_p84 <= 4.0): 141 / 519
low_gradient_p84 OOB n=141 | RMSE=0.1478 | Bias=0.0511 | FracRMSE=0.2681 | FracBias=-0.2166 | NoneBias=0.0946 | FullBias=-0.0824
6.23s

=== Bootstrap 777/1000 ===

Chosen filter -> Eg_strong/Eg_weak >= 1.05, data_quantity >= 17 | CV acc=0.9127, CV bin acc=0.9821, n_rows(dedup)=893 | OOB acc=0.9546, OOB bin acc=0.9827, n_rows_test(dedup)=463 |
OOB cameras: ['delta_junction', 'glees', 'old_jack_pine', 'oregon_yp', 'tammela', 'willowcreek']
OOB n=525 | RMSE=0.1563 | Bias=0.0165 | FracRMSE=0.2929 | FracBias=-0.0680 | NoneBias=0.0467 | FullBias=-0.0222
Aspect split eligible OOB rows (north/south facing fraction threshold = 0.75): 46 / 525
north_dominated OOB n=34 | RMSE=0.1611 | Bias=-0.0275 | FracRMSE=0.2818 | FracBias=-0.0935 | NoneBias=0.0067 | FullBias=0.0000
south_dominated OOB n=12 | RMSE=0.0000 | Bias=0.0000 | FracRMSE=nan | FracBias=nan | NoneBias=0.0000 | FullBias=0.0000
Low-gradient eligible OOB rows (gradient_p84 <= 4.0): 160 / 525
low_gradient_p84 OOB n=160 | RMSE=0.1345 | Bias=0.0199 | FracRMSE=0.2611 | FracBias=-0.1497 | NoneBias=0.0565 | FullBias=-0.0385
5.55s

=== Bootstrap 778/1000 ===

Chosen filter -> Eg_strong/Eg_weak >= 1.18, data_quantity >= 17 | CV acc=0.9658, CV bin acc=0.9847, n_rows(dedup)=848 | OOB acc=0.8186, OOB bin acc=0.9706, n_rows_test(dedup)=408 |
OOB cameras: ['bartlett', 'delta_junction', 'glees', 'marcell_MN', 'sodankyla_full', 'underc', 'willowcreek', 'wslcreek']
OOB n=462 | RMSE=0.1777 | Bias=-0.0055 | FracRMSE=0.3710 | FracBias=-0.1129 | NoneBias=0.0399 | FullBias=-0.0146
Aspect split eligible OOB rows (north/south facing fraction threshold = 0.75): 82 / 462
north_dominated OOB n=63 | RMSE=0.2126 | Bias=-0.0619 | FracRMSE=0.4218 | FracBias=-0.2437 | NoneBias=0.0000 | FullBias=0.0000
south_dominated OOB n=19 | RMSE=0.1950 | Bias=-0.0447 | FracRMSE=0.8500 | FracBias=-0.8500 | NoneBias=0.0000 | FullBias=0.0000
Low-gradient eligible OOB rows (gradient_p84 <= 4.0): 53 / 462
low_gradient_p84 OOB n=53 | RMSE=0.1092 | Bias=-0.0243 | FracRMSE=0.2320 | FracBias=-0.1352 | NoneBias=0.0133 | FullBias=-0.0165
5.67s

=== Bootstrap 779/1000 ===

Chosen filter -> Eg_strong/Eg_weak >= 1.18, data_quantity >= 16 | CV acc=0.9288, CV bin acc=0.9903, n_rows(dedup)=1026 | OOB acc=0.9424, OOB bin acc=0.9597, n_rows_test(dedup)=347 |
OOB cameras: ['hyytiala', 'marcell_MN', 'tammela', 'varrio', 'willowcreek', 'wslcreek']
OOB n=359 | RMSE=0.1341 | Bias=-0.0040 | FracRMSE=0.2709 | FracBias=-0.0499 | NoneBias=0.0257 | FullBias=-0.0366
Aspect split eligible OOB rows (north/south facing fraction threshold = 0.75): 42 / 359
north_dominated OOB n=38 | RMSE=0.0453 | Bias=0.0068 | FracRMSE=0.1976 | FracBias=0.1294 | NoneBias=0.0000 | FullBias=0.0000
south_dominated OOB n=4 | RMSE=0.0000 | Bias=0.0000 | FracRMSE=nan | FracBias=nan | NoneBias=nan | FullBias=0.0000
Low-gradient eligible OOB rows (gradient_p84 <= 4.0): 4 / 359
low_gradient_p84 OOB n=4 | RMSE=0.2780 | Bias=-0.0762 | FracRMSE=nan | FracBias=nan | NoneBias=0.1613 | FullBias=-0.3136
5.99s

=== Bootstrap 780/1000 ===

Chosen filter -> Eg_strong/Eg_weak >= 1.05, data_quantity >= 14 | CV acc=0.9272, CV bin acc=0.9723, n_rows(dedup)=1154 | OOB acc=0.9337, OOB bin acc=0.9669, n_rows_test(dedup)=362 |
OOB cameras: ['bartlett', 'delta_junction', 'hyytiala', 'marcell_MN', 'queens', 'tammela', 'wslcreek']
OOB n=406 | RMSE=0.1465 | Bias=-0.0255 | FracRMSE=0.3827 | FracBias=-0.1303 | NoneBias=0.0004 | FullBias=-0.0311
Aspect split eligible OOB rows (north/south facing fraction threshold = 0.75): 71 / 406
north_dominated OOB n=60 | RMSE=0.2504 | Bias=-0.0830 | FracRMSE=0.3985 | FracBias=-0.2196 | NoneBias=0.0000 | FullBias=-0.0506
south_dominated OOB n=11 | RMSE=0.3624 | Bias=-0.1545 | FracRMSE=0.8500 | FracBias=-0.8500 | NoneBias=0.0000 | FullBias=0.0000
Low-gradient eligible OOB rows (gradient_p84 <= 4.0): 23 / 406
low_gradient_p84 OOB n=23 | RMSE=0.1274 | Bias=-0.0300 | FracRMSE=0.2160 | FracBias=-0.0861 | NoneBias=0.0000 | FullBias=0.0000
5.97s

=== Bootstrap 781/1000 ===

Chosen filter -> Eg_strong/Eg_weak >= 1.05, data_quantity >= 16 | CV acc=0.9373, CV bin acc=0.9875, n_rows(dedup)=957 | OOB acc=0.9485, OOB bin acc=0.9794, n_rows_test(dedup)=388 |
OOB cameras: ['delta_junction', 'kenttarova', 'oregon_yp', 'tammela', 'underhill', 'willowcreek']
OOB n=450 | RMSE=0.1612 | Bias=0.0279 | FracRMSE=0.2322 | FracBias=-0.0365 | NoneBias=0.0633 | FullBias=-0.0316
Aspect split eligible OOB rows (north/south facing fraction threshold = 0.75): 75 / 450
north_dominated OOB n=63 | RMSE=0.1225 | Bias=-0.0014 | FracRMSE=0.2131 | FracBias=-0.0350 | NoneBias=0.0256 | FullBias=-0.0009
south_dominated OOB n=12 | RMSE=0.0207 | Bias=0.0027 | FracRMSE=0.0414 | FracBias=0.0107 | NoneBias=0.0000 | FullBias=0.0000
Low-gradient eligible OOB rows (gradient_p84 <= 4.0): 132 / 450
low_gradient_p84 OOB n=132 | RMSE=0.1443 | Bias=0.0519 | FracRMSE=0.2110 | FracBias=-0.0982 | NoneBias=0.0882 | FullBias=-0.0560
5.61s

=== Bootstrap 782/1000 ===

Chosen filter -> Eg_strong/Eg_weak >= 1.05, data_quantity >= 17 | CV acc=0.9385, CV bin acc=0.9645, n_rows(dedup)=1269 | OOB acc=0.9423, OOB bin acc=0.9936, n_rows_test(dedup)=312 |
OOB cameras: ['delta_junction', 'kenttarova', 'lacclair', 'tammela', 'torgnon', 'underhill', 'varrio', 'wslcreek']
OOB n=395 | RMSE=0.1094 | Bias=0.0038 | FracRMSE=0.2443 | FracBias=-0.0009 | NoneBias=0.0139 | FullBias=-0.0019
Aspect split eligible OOB rows (north/south facing fraction threshold = 0.75): 117 / 395
north_dominated OOB n=99 | RMSE=0.1162 | Bias=-0.0045 | FracRMSE=0.2479 | FracBias=-0.0471 | NoneBias=0.0172 | FullBias=0.0000
south_dominated OOB n=18 | RMSE=0.0143 | Bias=0.0039 | FracRMSE=0.0430 | FracBias=0.0350 | NoneBias=0.0000 | FullBias=0.0000
Low-gradient eligible OOB rows (gradient_p84 <= 4.0): 28 / 395
low_gradient_p84 OOB n=28 | RMSE=0.1136 | Bias=-0.0172 | FracRMSE=0.2004 | FracBias=-0.0534 | NoneBias=0.0000 | FullBias=0.0000
6.5s

=== Bootstrap 783/1000 ===

Chosen filter -> Eg_strong/Eg_weak >= 1.05, data_quantity >= 11 | CV acc=0.9603, CV bin acc=0.9823, n_rows(dedup)=1412 | OOB acc=0.8679, OOB bin acc=0.9650, n_rows_test(dedup)=371 |
OOB cameras: ['delta_junction', 'marcell_MN', 'underc', 'underhill', 'varrio', 'willowcreek', 'wslcreek']
OOB n=430 | RMSE=0.1945 | Bias=0.0111 | FracRMSE=0.3400 | FracBias=0.0002 | NoneBias=0.0593 | FullBias=-0.0184
Aspect split eligible OOB rows (north/south facing fraction threshold = 0.75): 83 / 430
north_dominated OOB n=77 | RMSE=0.1413 | Bias=-0.0121 | FracRMSE=0.3367 | FracBias=-0.0914 | NoneBias=0.0120 | FullBias=0.0000
south_dominated OOB n=6 | RMSE=0.0000 | Bias=0.0000 | FracRMSE=nan | FracBias=nan | NoneBias=0.0000 | FullBias=0.0000
Low-gradient eligible OOB rows (gradient_p84 <= 4.0): 28 / 430
low_gradient_p84 OOB n=28 | RMSE=0.1487 | Bias=-0.0110 | FracRMSE=0.2383 | FracBias=-0.0657 | NoneBias=0.0375 | FullBias=-0.0157
6.95s

=== Bootstrap 784/1000 ===

Chosen filter -> Eg_strong/Eg_weak >= 1.06, data_quantity >= 17 | CV acc=0.9548, CV bin acc=0.9798, n_rows(dedup)=1039 | OOB acc=0.8910, OOB bin acc=0.9737, n_rows_test(dedup)=266 |
OOB cameras: ['bartlett', 'glees', 'lacclair', 'sodankyla_full', 'underhill', 'varrio']
OOB n=311 | RMSE=0.1513 | Bias=-0.0238 | FracRMSE=0.4892 | FracBias=-0.3897 | NoneBias=0.0177 | FullBias=-0.0140
Aspect split eligible OOB rows (north/south facing fraction threshold = 0.75): 64 / 311
north_dominated OOB n=38 | RMSE=0.2715 | Bias=-0.0940 | FracRMSE=0.7062 | FracBias=-0.6914 | NoneBias=0.0042 | FullBias=-0.0705
south_dominated OOB n=26 | RMSE=0.2357 | Bias=-0.0654 | FracRMSE=0.8500 | FracBias=-0.8500 | NoneBias=0.0000 | FullBias=0.0000
Low-gradient eligible OOB rows (gradient_p84 <= 4.0): 28 / 311
low_gradient_p84 OOB n=28 | RMSE=0.0431 | Bias=-0.0011 | FracRMSE=0.1757 | FracBias=-0.1757 | NoneBias=0.0112 | FullBias=0.0000
5.92s

=== Bootstrap 785/1000 ===

Chosen filter -> Eg_strong/Eg_weak >= 1.13, data_quantity >= 17 | CV acc=0.9335, CV bin acc=0.9790, n_rows(dedup)=857 | OOB acc=0.9741, OOB bin acc=0.9885, n_rows_test(dedup)=347 |
OOB cameras: ['hyytiala', 'kenttarova', 'oregon_yp', 'varrio']
OOB n=383 | RMSE=0.1018 | Bias=0.0212 | FracRMSE=0.1728 | FracBias=-0.0868 | NoneBias=0.0512 | FullBias=-0.0232
Aspect split eligible OOB rows (north/south facing fraction threshold = 0.75): 59 / 383
north_dominated OOB n=45 | RMSE=0.0251 | Bias=0.0076 | FracRMSE=0.0430 | FracBias=0.0350 | NoneBias=0.0101 | FullBias=0.0000
south_dominated OOB n=14 | RMSE=0.0163 | Bias=0.0050 | FracRMSE=0.0430 | FracBias=0.0350 | NoneBias=0.0000 | FullBias=0.0000
Low-gradient eligible OOB rows (gradient_p84 <= 4.0): 104 / 383
low_gradient_p84 OOB n=104 | RMSE=0.1438 | Bias=0.0695 | FracRMSE=0.2450 | FracBias=-0.1927 | NoneBias=0.0964 | FullBias=0.0000
5.75s

=== Bootstrap 786/1000 ===

Chosen filter -> Eg_strong/Eg_weak >= 1.28, data_quantity >= 17 | CV acc=0.9067, CV bin acc=0.9780, n_rows(dedup)=772 | OOB acc=0.9605, OOB bin acc=0.9934, n_rows_test(dedup)=304 |
OOB cameras: ['bartlett', 'oregon_yp', 'queens', 'sodankyla_full', 'wslcreek']
OOB n=328 | RMSE=0.1402 | Bias=0.0282 | FracRMSE=0.3405 | FracBias=-0.2376 | NoneBias=0.0819 | FullBias=-0.0121
Aspect split eligible OOB rows (north/south facing fraction threshold = 0.75): 39 / 328
north_dominated OOB n=31 | RMSE=0.2030 | Bias=-0.0507 | FracRMSE=0.5050 | FracBias=-0.3248 | NoneBias=0.0087 | FullBias=0.0000
south_dominated OOB n=8 | RMSE=0.3022 | Bias=-0.1175 | FracRMSE=0.8500 | FracBias=-0.8500 | NoneBias=0.0000 | FullBias=-0.0150
Low-gradient eligible OOB rows (gradient_p84 <= 4.0): 125 / 328
low_gradient_p84 OOB n=125 | RMSE=0.1470 | Bias=0.0816 | FracRMSE=0.2223 | FracBias=-0.1921 | NoneBias=0.1170 | FullBias=0.0000
5.77s

=== Bootstrap 787/1000 ===

Chosen filter -> Eg_strong/Eg_weak >= 1.18, data_quantity >= 16 | CV acc=0.9411, CV bin acc=0.9784, n_rows(dedup)=1018 | OOB acc=0.8923, OOB bin acc=0.9795, n_rows_test(dedup)=195 |
OOB cameras: ['bartlett', 'glees', 'kenttarova', 'marcell_MN', 'wslcreek']
OOB n=223 | RMSE=0.1205 | Bias=-0.0164 | FracRMSE=0.3044 | FracBias=-0.0875 | NoneBias=0.0030 | FullBias=-0.0102
Aspect split eligible OOB rows (north/south facing fraction threshold = 0.75): 82 / 223
north_dominated OOB n=51 | RMSE=0.1745 | Bias=-0.0331 | FracRMSE=0.3598 | FracBias=-0.1406 | NoneBias=0.0000 | FullBias=0.0000
south_dominated OOB n=31 | RMSE=0.1534 | Bias=-0.0232 | FracRMSE=0.4271 | FracBias=-0.1800 | NoneBias=0.0000 | FullBias=0.0000
Low-gradient eligible OOB rows (gradient_p84 <= 4.0): 8 / 223
low_gradient_p84 OOB n=8 | RMSE=0.0300 | Bias=0.0150 | FracRMSE=0.0600 | FracBias=0.0600 | NoneBias=0.0000 | FullBias=0.0000
5.85s

=== Bootstrap 788/1000 ===

Chosen filter -> Eg_strong/Eg_weak >= 1.05, data_quantity >= 17 | CV acc=0.9216, CV bin acc=0.9801, n_rows(dedup)=753 | OOB acc=0.9519, OOB bin acc=0.9797, n_rows_test(dedup)=541 |
OOB cameras: ['delta_junction', 'hyytiala', 'kenttarova', 'oregon_yp', 'tammela', 'torgnon', 'varrio', 'willowcreek']
OOB n=607 | RMSE=0.1364 | Bias=0.0172 | FracRMSE=0.2239 | FracBias=-0.0416 | NoneBias=0.0495 | FullBias=-0.0350
Aspect split eligible OOB rows (north/south facing fraction threshold = 0.75): 93 / 607
north_dominated OOB n=78 | RMSE=0.1020 | Bias=-0.0065 | FracRMSE=0.2123 | FracBias=-0.0424 | NoneBias=0.0109 | FullBias=-0.0020
south_dominated OOB n=15 | RMSE=0.0157 | Bias=0.0047 | FracRMSE=0.0430 | FracBias=0.0350 | NoneBias=0.0000 | FullBias=0.0000
Low-gradient eligible OOB rows (gradient_p84 <= 4.0): 129 / 607
low_gradient_p84 OOB n=129 | RMSE=0.1474 | Bias=0.0588 | FracRMSE=0.2054 | FracBias=-0.1022 | NoneBias=0.0975 | FullBias=-0.0630
5.14s

=== Bootstrap 789/1000 ===

Chosen filter -> Eg_strong/Eg_weak >= 1.05, data_quantity >= 16 | CV acc=0.9402, CV bin acc=0.9688, n_rows(dedup)=1187 | OOB acc=0.8672, OOB bin acc=0.9336, n_rows_test(dedup)=241 |
OOB cameras: ['bartlett', 'lacclair', 'marcell_MN', 'old_jack_pine', 'torgnon', 'underc']
OOB n=314 | RMSE=0.2100 | Bias=-0.0283 | FracRMSE=0.4154 | FracBias=-0.1784 | NoneBias=0.0248 | FullBias=-0.0197
Aspect split eligible OOB rows (north/south facing fraction threshold = 0.75): 22 / 314
north_dominated OOB n=11 | RMSE=0.5856 | Bias=-0.3907 | FracRMSE=0.7864 | FracBias=-0.7802 | NoneBias=0.0000 | FullBias=-0.3263
south_dominated OOB n=11 | RMSE=0.3624 | Bias=-0.1545 | FracRMSE=0.8500 | FracBias=-0.8500 | NoneBias=0.0000 | FullBias=0.0000
Low-gradient eligible OOB rows (gradient_p84 <= 4.0): 39 / 314
low_gradient_p84 OOB n=39 | RMSE=0.1311 | Bias=-0.0233 | FracRMSE=0.3343 | FracBias=-0.1513 | NoneBias=0.0000 | FullBias=0.0000
6.07s

=== Bootstrap 790/1000 ===

Chosen filter -> Eg_strong/Eg_weak >= 1.05, data_quantity >= 16 | CV acc=0.8936, CV bin acc=0.9707, n_rows(dedup)=1024 | OOB acc=0.9632, OOB bin acc=0.9853, n_rows_test(dedup)=272 |
OOB cameras: ['hyytiala', 'tammela', 'torgnon', 'varrio', 'wslcreek']
OOB n=282 | RMSE=0.0638 | Bias=-0.0035 | FracRMSE=0.1597 | FracBias=0.0954 | NoneBias=0.0080 | FullBias=-0.0221
Aspect split eligible OOB rows (north/south facing fraction threshold = 0.75): 43 / 282
north_dominated OOB n=38 | RMSE=0.0483 | Bias=0.0073 | FracRMSE=0.2107 | FracBias=0.1387 | NoneBias=0.0000 | FullBias=0.0000
south_dominated OOB n=5 | RMSE=0.0000 | Bias=0.0000 | FracRMSE=nan | FracBias=nan | NoneBias=nan | FullBias=0.0000
Low-gradient eligible OOB rows (gradient_p84 <= 4.0): 0 / 282
low_gradient_p84 OOB n=0 | RMSE=nan | Bias=nan | FracRMSE=nan | FracBias=nan | NoneBias=nan | FullBias=nan
5.58s

=== Bootstrap 791/1000 ===

Chosen filter -> Eg_strong/Eg_weak >= 1.05, data_quantity >= 16 | CV acc=0.9287, CV bin acc=0.9693, n_rows(dedup)=1010 | OOB acc=0.9621, OOB bin acc=1.0000, n_rows_test(dedup)=448 |
OOB cameras: ['oregon_yp', 'queens', 'sodankyla_full', 'tammela', 'torgnon', 'varrio', 'wslcreek']
OOB n=475 | RMSE=0.0942 | Bias=0.0231 | FracRMSE=0.2357 | FracBias=-0.1449 | NoneBias=0.0511 | FullBias=-0.0020
Aspect split eligible OOB rows (north/south facing fraction threshold = 0.75): 52 / 475
north_dominated OOB n=45 | RMSE=0.0620 | Bias=0.0092 | FracRMSE=0.2939 | FracBias=0.1976 | NoneBias=0.0017 | FullBias=0.0000
south_dominated OOB n=7 | RMSE=0.0000 | Bias=0.0000 | FracRMSE=nan | FracBias=nan | NoneBias=0.0000 | FullBias=0.0000
Low-gradient eligible OOB rows (gradient_p84 <= 4.0): 126 / 475
low_gradient_p84 OOB n=126 | RMSE=0.1389 | Bias=0.0609 | FracRMSE=0.2529 | FracBias=-0.2188 | NoneBias=0.0936 | FullBias=0.0000
5.34s

=== Bootstrap 792/1000 ===

Chosen filter -> Eg_strong/Eg_weak >= 1.05, data_quantity >= 16 | CV acc=0.9276, CV bin acc=0.9710, n_rows(dedup)=967 | OOB acc=0.9496, OOB bin acc=0.9920, n_rows_test(dedup)=377 |
OOB cameras: ['old_jack_pine', 'oregon_yp', 'torgnon', 'underc', 'underhill', 'varrio']
OOB n=432 | RMSE=0.1564 | Bias=0.0345 | FracRMSE=0.2839 | FracBias=-0.0513 | NoneBias=0.0687 | FullBias=-0.0015
Aspect split eligible OOB rows (north/south facing fraction threshold = 0.75): 27 / 432
north_dominated OOB n=23 | RMSE=0.0782 | Bias=0.0163 | FracRMSE=nan | FracBias=nan | NoneBias=0.0469 | FullBias=0.0000
south_dominated OOB n=4 | RMSE=0.0000 | Bias=0.0000 | FracRMSE=nan | FracBias=nan | NoneBias=nan | FullBias=0.0000
Low-gradient eligible OOB rows (gradient_p84 <= 4.0): 137 / 432
low_gradient_p84 OOB n=137 | RMSE=0.1451 | Bias=0.0475 | FracRMSE=0.2670 | FracBias=-0.1815 | NoneBias=0.0786 | FullBias=0.0000
6.15s

=== Bootstrap 793/1000 ===

Chosen filter -> Eg_strong/Eg_weak >= 1.27, data_quantity >= 14 | CV acc=0.9024, CV bin acc=0.9617, n_rows(dedup)=574 | OOB acc=0.9414, OOB bin acc=0.9982, n_rows_test(dedup)=546 |
OOB cameras: ['glees', 'old_jack_pine', 'oregon_yp', 'queens', 'sodankyla_full', 'tammela', 'varrio']
OOB n=590 | RMSE=0.1116 | Bias=0.0225 | FracRMSE=0.2741 | FracBias=-0.0757 | NoneBias=0.0480 | FullBias=-0.0001
Aspect split eligible OOB rows (north/south facing fraction threshold = 0.75): 48 / 590
north_dominated OOB n=28 | RMSE=0.0000 | Bias=0.0000 | FracRMSE=nan | FracBias=nan | NoneBias=0.0000 | FullBias=0.0000
south_dominated OOB n=20 | RMSE=0.0199 | Bias=0.0063 | FracRMSE=nan | FracBias=nan | NoneBias=0.0314 | FullBias=0.0000
Low-gradient eligible OOB rows (gradient_p84 <= 4.0): 167 / 590
low_gradient_p84 OOB n=167 | RMSE=0.1366 | Bias=0.0453 | FracRMSE=0.2552 | FracBias=-0.1636 | NoneBias=0.0789 | FullBias=0.0000
4.81s

=== Bootstrap 794/1000 ===

Chosen filter -> Eg_strong/Eg_weak >= 1.07, data_quantity >= 16 | CV acc=0.9255, CV bin acc=0.9702, n_rows(dedup)=872 | OOB acc=0.9726, OOB bin acc=0.9973, n_rows_test(dedup)=365 |
OOB cameras: ['delta_junction', 'oregon_yp', 'queens', 'tammela', 'underhill', 'varrio']
OOB n=416 | RMSE=0.1290 | Bias=0.0286 | FracRMSE=0.2723 | FracBias=-0.0498 | NoneBias=0.0552 | FullBias=-0.0004
Aspect split eligible OOB rows (north/south facing fraction threshold = 0.75): 60 / 416
north_dominated OOB n=56 | RMSE=0.1301 | Bias=-0.0037 | FracRMSE=0.2779 | FracBias=-0.0575 | NoneBias=0.0202 | FullBias=0.0000
south_dominated OOB n=4 | RMSE=0.0000 | Bias=0.0000 | FracRMSE=nan | FracBias=nan | NoneBias=nan | FullBias=0.0000
Low-gradient eligible OOB rows (gradient_p84 <= 4.0): 120 / 416
low_gradient_p84 OOB n=120 | RMSE=0.1506 | Bias=0.0681 | FracRMSE=0.2234 | FracBias=-0.0945 | NoneBias=0.0988 | FullBias=0.0000
5.7s

=== Bootstrap 795/1000 ===

Chosen filter -> Eg_strong/Eg_weak >= 1.18, data_quantity >= 16 | CV acc=0.8942, CV bin acc=0.9611, n_rows(dedup)=822 | OOB acc=0.9298, OOB bin acc=0.9916, n_rows_test(dedup)=356 |
OOB cameras: ['bartlett', 'delta_junction', 'marcell_MN', 'old_jack_pine', 'sodankyla_full', 'torgnon']
OOB n=413 | RMSE=0.1442 | Bias=-0.0155 | FracRMSE=0.3521 | FracBias=-0.1122 | NoneBias=0.0096 | FullBias=-0.0101
Aspect split eligible OOB rows (north/south facing fraction threshold = 0.75): 52 / 413
north_dominated OOB n=45 | RMSE=0.2335 | Bias=-0.0783 | FracRMSE=0.4187 | FracBias=-0.2527 | NoneBias=0.0009 | FullBias=0.0000
south_dominated OOB n=7 | RMSE=0.3213 | Bias=-0.1214 | FracRMSE=0.8500 | FracBias=-0.8500 | NoneBias=0.0000 | FullBias=0.0000
Low-gradient eligible OOB rows (gradient_p84 <= 4.0): 87 / 413
low_gradient_p84 OOB n=87 | RMSE=0.1108 | Bias=-0.0207 | FracRMSE=0.2612 | FracBias=-0.1341 | NoneBias=0.0066 | FullBias=-0.0030
5.25s

=== Bootstrap 796/1000 ===

Chosen filter -> Eg_strong/Eg_weak >= 1.06, data_quantity >= 16 | CV acc=0.9168, CV bin acc=0.9594, n_rows(dedup)=961 | OOB acc=0.8824, OOB bin acc=0.9721, n_rows_test(dedup)=323 |
OOB cameras: ['bartlett', 'delta_junction', 'kenttarova', 'lacclair', 'marcell_MN', 'sodankyla_full']
OOB n=411 | RMSE=0.1631 | Bias=-0.0229 | FracRMSE=0.3522 | FracBias=-0.1061 | NoneBias=0.0040 | FullBias=-0.0151
Aspect split eligible OOB rows (north/south facing fraction threshold = 0.75): 100 / 411
north_dominated OOB n=77 | RMSE=0.2591 | Bias=-0.0653 | FracRMSE=0.3964 | FracBias=-0.1475 | NoneBias=0.0000 | FullBias=-0.0644
south_dominated OOB n=23 | RMSE=0.2513 | Bias=-0.0683 | FracRMSE=0.5389 | FracBias=-0.3140 | NoneBias=0.0000 | FullBias=0.0000
Low-gradient eligible OOB rows (gradient_p84 <= 4.0): 58 / 411
low_gradient_p84 OOB n=58 | RMSE=0.0960 | Bias=0.0026 | FracRMSE=0.2191 | FracBias=0.0067 | NoneBias=0.0031 | FullBias=0.0000
5.37s

=== Bootstrap 797/1000 ===

Chosen filter -> Eg_strong/Eg_weak >= 1.28, data_quantity >= 14 | CV acc=0.9278, CV bin acc=0.9768, n_rows(dedup)=776 | OOB acc=0.9416, OOB bin acc=0.9883, n_rows_test(dedup)=514 |
OOB cameras: ['delta_junction', 'hyytiala', 'kenttarova', 'old_jack_pine', 'oregon_yp', 'queens', 'torgnon', 'underc']
OOB n=610 | RMSE=0.1569 | Bias=0.0310 | FracRMSE=0.2942 | FracBias=0.0226 | NoneBias=0.0510 | FullBias=-0.0085
Aspect split eligible OOB rows (north/south facing fraction threshold = 0.75): 74 / 610
north_dominated OOB n=59 | RMSE=0.1655 | Bias=0.0170 | FracRMSE=0.2962 | FracBias=0.0407 | NoneBias=0.0143 | FullBias=0.0000
south_dominated OOB n=15 | RMSE=0.0852 | Bias=-0.0126 | FracRMSE=0.1650 | FracBias=-0.0472 | NoneBias=0.0000 | FullBias=0.0000
Low-gradient eligible OOB rows (gradient_p84 <= 4.0): 168 / 610
low_gradient_p84 OOB n=168 | RMSE=0.1594 | Bias=0.0594 | FracRMSE=0.2711 | FracBias=-0.0170 | NoneBias=0.0825 | FullBias=0.0000
5.34s

=== Bootstrap 798/1000 ===

Chosen filter -> Eg_strong/Eg_weak >= 1.09, data_quantity >= 16 | CV acc=0.9397, CV bin acc=0.9737, n_rows(dedup)=1178 | OOB acc=0.9209, OOB bin acc=0.9928, n_rows_test(dedup)=139 |
OOB cameras: ['kenttarova', 'lacclair', 'marcell_MN', 'queens', 'torgnon']
OOB n=189 | RMSE=0.0756 | Bias=-0.0036 | FracRMSE=0.1589 | FracBias=-0.0135 | NoneBias=0.0093 | FullBias=-0.0077
Aspect split eligible OOB rows (north/south facing fraction threshold = 0.75): 45 / 189
north_dominated OOB n=29 | RMSE=0.0226 | Bias=0.0097 | FracRMSE=0.0400 | FracBias=0.0314 | NoneBias=0.0087 | FullBias=0.0000
south_dominated OOB n=16 | RMSE=0.0152 | Bias=0.0046 | FracRMSE=0.0352 | FracBias=0.0245 | NoneBias=0.0000 | FullBias=0.0000
Low-gradient eligible OOB rows (gradient_p84 <= 4.0): 8 / 189
low_gradient_p84 OOB n=8 | RMSE=0.0213 | Bias=0.0079 | FracRMSE=0.0425 | FracBias=0.0318 | NoneBias=0.0000 | FullBias=0.0000
6.13s

=== Bootstrap 799/1000 ===

Chosen filter -> Eg_strong/Eg_weak >= 1.05, data_quantity >= 17 | CV acc=0.9051, CV bin acc=0.9622, n_rows(dedup)=1085 | OOB acc=0.9222, OOB bin acc=0.9521, n_rows_test(dedup)=334 |
OOB cameras: ['bartlett', 'glees', 'hyytiala', 'kenttarova', 'marcell_MN', 'tammela', 'torgnon']
OOB n=360 | RMSE=0.1493 | Bias=-0.0345 | FracRMSE=0.3799 | FracBias=-0.1876 | NoneBias=0.0045 | FullBias=-0.0610
Aspect split eligible OOB rows (north/south facing fraction threshold = 0.75): 66 / 360
north_dominated OOB n=34 | RMSE=0.2902 | Bias=-0.1019 | FracRMSE=0.3991 | FracBias=-0.2043 | NoneBias=0.0068 | FullBias=-0.0988
south_dominated OOB n=32 | RMSE=0.2142 | Bias=-0.0553 | FracRMSE=0.6018 | FracBias=-0.4075 | NoneBias=0.0000 | FullBias=-0.0067
Low-gradient eligible OOB rows (gradient_p84 <= 4.0): 7 / 360
low_gradient_p84 OOB n=7 | RMSE=0.0227 | Bias=0.0086 | FracRMSE=0.0600 | FracBias=0.0600 | NoneBias=0.0000 | FullBias=0.0000
5.8s

=== Bootstrap 800/1000 ===

Chosen filter -> Eg_strong/Eg_weak >= 1.18, data_quantity >= 17 | CV acc=0.9560, CV bin acc=0.9897, n_rows(dedup)=773 | OOB acc=0.9271, OOB bin acc=0.9696, n_rows_test(dedup)=329 |
OOB cameras: ['delta_junction', 'hyytiala', 'lacclair', 'sodankyla_full', 'torgnon', 'willowcreek']
OOB n=388 | RMSE=0.1536 | Bias=-0.0049 | FracRMSE=0.2897 | FracBias=-0.0775 | NoneBias=0.0294 | FullBias=-0.0314
Aspect split eligible OOB rows (north/south facing fraction threshold = 0.75): 45 / 388
north_dominated OOB n=41 | RMSE=0.1575 | Bias=-0.0459 | FracRMSE=0.3040 | FracBias=-0.1712 | NoneBias=0.0000 | FullBias=0.0000
south_dominated OOB n=4 | RMSE=0.0000 | Bias=0.0000 | FracRMSE=nan | FracBias=nan | NoneBias=0.0000 | FullBias=0.0000
Low-gradient eligible OOB rows (gradient_p84 <= 4.0): 53 / 388
low_gradient_p84 OOB n=53 | RMSE=0.1245 | Bias=-0.0220 | FracRMSE=0.2157 | FracBias=-0.1226 | NoneBias=0.0267 | FullBias=-0.0295
5.19s

=== Bootstrap 801/1000 ===

Chosen filter -> Eg_strong/Eg_weak >= 1.18, data_quantity >= 16 | CV acc=0.9291, CV bin acc=0.9917, n_rows(dedup)=846 | OOB acc=0.9228, OOB bin acc=0.9496, n_rows_test(dedup)=337 |
OOB cameras: ['bartlett', 'hyytiala', 'marcell_MN', 'old_jack_pine', 'willowcreek', 'wslcreek']
OOB n=367 | RMSE=0.1871 | Bias=-0.0309 | FracRMSE=0.3935 | FracBias=-0.2132 | NoneBias=0.0278 | FullBias=-0.0737
Aspect split eligible OOB rows (north/south facing fraction threshold = 0.75): 30 / 367
north_dominated OOB n=24 | RMSE=0.2324 | Bias=-0.0705 | FracRMSE=0.5091 | FracBias=-0.3385 | NoneBias=0.0000 | FullBias=0.0000
south_dominated OOB n=6 | RMSE=0.3507 | Bias=-0.1624 | FracRMSE=0.8500 | FracBias=-0.8500 | NoneBias=nan | FullBias=-0.0249
Low-gradient eligible OOB rows (gradient_p84 <= 4.0): 41 / 367
low_gradient_p84 OOB n=41 | RMSE=0.1841 | Bias=-0.0643 | FracRMSE=0.3973 | FracBias=-0.3144 | NoneBias=0.0131 | FullBias=-0.1075
5.5s

=== Bootstrap 802/1000 ===

Chosen filter -> Eg_strong/Eg_weak >= 1.20, data_quantity >= 14 | CV acc=0.9440, CV bin acc=0.9813, n_rows(dedup)=804 | OOB acc=0.9109, OOB bin acc=0.9822, n_rows_test(dedup)=393 |
OOB cameras: ['bartlett', 'glees', 'hyytiala', 'marcell_MN', 'sodankyla_full', 'varrio']
OOB n=409 | RMSE=0.1036 | Bias=-0.0163 | FracRMSE=0.4839 | FracBias=-0.3691 | NoneBias=0.0093 | FullBias=-0.0220
Aspect split eligible OOB rows (north/south facing fraction threshold = 0.75): 58 / 409
north_dominated OOB n=34 | RMSE=0.1870 | Bias=-0.0546 | FracRMSE=0.6295 | FracBias=-0.6192 | NoneBias=0.0000 | FullBias=0.0000
south_dominated OOB n=24 | RMSE=0.1735 | Bias=-0.0359 | FracRMSE=0.8500 | FracBias=-0.8500 | NoneBias=0.0000 | FullBias=-0.0006
Low-gradient eligible OOB rows (gradient_p84 <= 4.0): 30 / 409
low_gradient_p84 OOB n=30 | RMSE=0.0519 | Bias=0.0029 | FracRMSE=0.1758 | FracBias=-0.1758 | NoneBias=0.0202 | FullBias=0.0000
5.1s

=== Bootstrap 803/1000 ===

Chosen filter -> Eg_strong/Eg_weak >= 1.18, data_quantity >= 17 | CV acc=0.9480, CV bin acc=0.9649, n_rows(dedup)=884 | OOB acc=0.8712, OOB bin acc=0.9836, n_rows_test(dedup)=365 |
OOB cameras: ['bartlett', 'delta_junction', 'glees', 'kenttarova', 'sodankyla_full', 'underc', 'wslcreek']
OOB n=431 | RMSE=0.1421 | Bias=-0.0057 | FracRMSE=0.3070 | FracBias=-0.0572 | NoneBias=0.0197 | FullBias=-0.0073
Aspect split eligible OOB rows (north/south facing fraction threshold = 0.75): 118 / 431
north_dominated OOB n=88 | RMSE=0.1712 | Bias=-0.0336 | FracRMSE=0.3424 | FracBias=-0.1342 | NoneBias=0.0000 | FullBias=0.0000
south_dominated OOB n=30 | RMSE=0.1556 | Bias=-0.0260 | FracRMSE=0.4920 | FracBias=-0.2600 | NoneBias=0.0000 | FullBias=0.0000
Low-gradient eligible OOB rows (gradient_p84 <= 4.0): 56 / 431
low_gradient_p84 OOB n=56 | RMSE=0.0888 | Bias=-0.0050 | FracRMSE=0.2019 | FracBias=-0.0465 | NoneBias=0.0077 | FullBias=0.0000
5.34s

=== Bootstrap 804/1000 ===

Chosen filter -> Eg_strong/Eg_weak >= 1.05, data_quantity >= 16 | CV acc=0.8874, CV bin acc=0.9690, n_rows(dedup)=870 | OOB acc=0.9805, OOB bin acc=0.9968, n_rows_test(dedup)=308 |
OOB cameras: ['old_jack_pine', 'queens', 'sodankyla_full', 'tammela']
OOB n=329 | RMSE=0.0977 | Bias=-0.0039 | FracRMSE=0.3064 | FracBias=-0.1247 | NoneBias=0.0125 | FullBias=-0.0088
Aspect split eligible OOB rows (north/south facing fraction threshold = 0.75): 8 / 329
north_dominated OOB n=6 | RMSE=0.0000 | Bias=0.0000 | FracRMSE=nan | FracBias=nan | NoneBias=0.0000 | FullBias=0.0000
south_dominated OOB n=2 | RMSE=0.0000 | Bias=0.0000 | FracRMSE=nan | FracBias=nan | NoneBias=0.0000 | FullBias=0.0000
Low-gradient eligible OOB rows (gradient_p84 <= 4.0): 67 / 329
low_gradient_p84 OOB n=67 | RMSE=0.1137 | Bias=-0.0200 | FracRMSE=0.3239 | FracBias=-0.2493 | NoneBias=0.0165 | FullBias=-0.0099
5.14s

=== Bootstrap 805/1000 ===

Chosen filter -> Eg_strong/Eg_weak >= 1.05, data_quantity >= 16 | CV acc=0.8762, CV bin acc=0.9709, n_rows(dedup)=824 | OOB acc=0.9532, OOB bin acc=0.9979, n_rows_test(dedup)=470 |
OOB cameras: ['kenttarova', 'marcell_MN', 'oregon_yp', 'sodankyla_full', 'torgnon', 'varrio', 'wslcreek']
OOB n=517 | RMSE=0.1008 | Bias=0.0255 | FracRMSE=0.1731 | FracBias=-0.0741 | NoneBias=0.0689 | FullBias=-0.0088
Aspect split eligible OOB rows (north/south facing fraction threshold = 0.75): 90 / 517
north_dominated OOB n=72 | RMSE=0.0493 | Bias=0.0102 | FracRMSE=0.1211 | FracBias=0.0608 | NoneBias=0.0163 | FullBias=-0.0023
south_dominated OOB n=18 | RMSE=0.0259 | Bias=-0.0012 | FracRMSE=0.0635 | FracBias=-0.0072 | NoneBias=0.0000 | FullBias=0.0000
Low-gradient eligible OOB rows (gradient_p84 <= 4.0): 134 / 517
low_gradient_p84 OOB n=134 | RMSE=0.1438 | Bias=0.0786 | FracRMSE=0.2019 | FracBias=-0.1606 | NoneBias=0.1149 | FullBias=0.0000
5.01s

=== Bootstrap 806/1000 ===

Chosen filter -> Eg_strong/Eg_weak >= 1.18, data_quantity >= 17 | CV acc=0.9554, CV bin acc=0.9872, n_rows(dedup)=1098 | OOB acc=0.8635, OOB bin acc=0.9590, n_rows_test(dedup)=293 |
OOB cameras: ['bartlett', 'delta_junction', 'kenttarova', 'lacclair', 'tammela', 'underc', 'willowcreek']
OOB n=383 | RMSE=0.1967 | Bias=-0.0125 | FracRMSE=0.3429 | FracBias=-0.1052 | NoneBias=0.0374 | FullBias=-0.0207
Aspect split eligible OOB rows (north/south facing fraction threshold = 0.75): 84 / 383
north_dominated OOB n=66 | RMSE=0.2214 | Bias=-0.0588 | FracRMSE=0.4023 | FracBias=-0.1941 | NoneBias=0.0000 | FullBias=0.0000
south_dominated OOB n=18 | RMSE=0.2009 | Bias=-0.0433 | FracRMSE=0.4920 | FracBias=-0.2600 | NoneBias=0.0000 | FullBias=0.0000
Low-gradient eligible OOB rows (gradient_p84 <= 4.0): 32 / 383
low_gradient_p84 OOB n=32 | RMSE=0.1309 | Bias=-0.0339 | FracRMSE=0.2411 | FracBias=-0.1077 | NoneBias=0.0029 | FullBias=-0.0153
6.13s

=== Bootstrap 807/1000 ===

Chosen filter -> Eg_strong/Eg_weak >= 1.05, data_quantity >= 14 | CV acc=0.9307, CV bin acc=0.9871, n_rows(dedup)=1082 | OOB acc=0.9124, OOB bin acc=0.9577, n_rows_test(dedup)=331 |
OOB cameras: ['glees', 'hyytiala', 'lacclair', 'old_jack_pine', 'underhill', 'willowcreek']
OOB n=383 | RMSE=0.1637 | Bias=0.0042 | FracRMSE=0.2832 | FracBias=-0.0952 | NoneBias=0.0424 | FullBias=-0.0326
Aspect split eligible OOB rows (north/south facing fraction threshold = 0.75): 23 / 383
north_dominated OOB n=5 | RMSE=0.1769 | Bias=0.0791 | FracRMSE=nan | FracBias=nan | NoneBias=0.3955 | FullBias=0.0000
south_dominated OOB n=18 | RMSE=0.0040 | Bias=0.0009 | FracRMSE=nan | FracBias=nan | NoneBias=0.0042 | FullBias=0.0000
Low-gradient eligible OOB rows (gradient_p84 <= 4.0): 45 / 383
low_gradient_p84 OOB n=45 | RMSE=0.1565 | Bias=-0.0341 | FracRMSE=0.3444 | FracBias=-0.2360 | NoneBias=0.0204 | FullBias=-0.0629
5.9s

=== Bootstrap 808/1000 ===

Chosen filter -> Eg_strong/Eg_weak >= 1.20, data_quantity >= 11 | CV acc=0.9529, CV bin acc=0.9747, n_rows(dedup)=1188 | OOB acc=0.8522, OOB bin acc=0.9754, n_rows_test(dedup)=203 |
OOB cameras: ['delta_junction', 'tammela', 'torgnon', 'underc', 'underhill']
OOB n=248 | RMSE=0.1745 | Bias=0.0110 | FracRMSE=0.3138 | FracBias=0.0008 | NoneBias=0.0340 | FullBias=-0.0099
Aspect split eligible OOB rows (north/south facing fraction threshold = 0.75): 40 / 248
north_dominated OOB n=36 | RMSE=0.1907 | Bias=-0.0303 | FracRMSE=0.3248 | FracBias=-0.1344 | NoneBias=0.0276 | FullBias=0.0000
south_dominated OOB n=4 | RMSE=0.1225 | Bias=-0.0612 | FracRMSE=0.2450 | FracBias=-0.2450 | NoneBias=0.0000 | FullBias=0.0000
Low-gradient eligible OOB rows (gradient_p84 <= 4.0): 23 / 248
low_gradient_p84 OOB n=23 | RMSE=0.1327 | Bias=-0.0241 | FracRMSE=0.2250 | FracBias=-0.0694 | NoneBias=0.0000 | FullBias=0.0000
6.25s

=== Bootstrap 809/1000 ===

Chosen filter -> Eg_strong/Eg_weak >= 1.25, data_quantity >= 15 | CV acc=0.9535, CV bin acc=0.9884, n_rows(dedup)=861 | OOB acc=0.9313, OOB bin acc=0.9742, n_rows_test(dedup)=233 |
OOB cameras: ['delta_junction', 'sodankyla_full', 'willowcreek']
OOB n=264 | RMSE=0.1796 | Bias=0.0048 | FracRMSE=0.3140 | FracBias=-0.0357 | NoneBias=0.0444 | FullBias=-0.0269
Aspect split eligible OOB rows (north/south facing fraction threshold = 0.75): 40 / 264
north_dominated OOB n=39 | RMSE=0.1630 | Bias=-0.0442 | FracRMSE=0.3069 | FracBias=-0.1566 | NoneBias=0.0000 | FullBias=0.0000
south_dominated OOB n=1 | RMSE=0.0000 | Bias=0.0000 | FracRMSE=nan | FracBias=nan | NoneBias=0.0000 | FullBias=nan
Low-gradient eligible OOB rows (gradient_p84 <= 4.0): 54 / 264
low_gradient_p84 OOB n=54 | RMSE=0.1210 | Bias=-0.0159 | FracRMSE=0.2115 | FracBias=-0.0997 | NoneBias=0.0271 | FullBias=-0.0265
5.27s

=== Bootstrap 810/1000 ===

Chosen filter -> Eg_strong/Eg_weak >= 1.27, data_quantity >= 14 | CV acc=0.9297, CV bin acc=0.9740, n_rows(dedup)=1039 | OOB acc=0.9088, OOB bin acc=0.9764, n_rows_test(dedup)=296 |
OOB cameras: ['bartlett', 'kenttarova', 'marcell_MN', 'tammela', 'torgnon', 'underc', 'varrio']
OOB n=341 | RMSE=0.1420 | Bias=-0.0178 | FracRMSE=0.3255 | FracBias=-0.1247 | NoneBias=0.0152 | FullBias=-0.0165
Aspect split eligible OOB rows (north/south facing fraction threshold = 0.75): 74 / 341
north_dominated OOB n=52 | RMSE=0.1799 | Bias=-0.0383 | FracRMSE=0.4102 | FracBias=-0.2004 | NoneBias=0.0010 | FullBias=0.0000
south_dominated OOB n=22 | RMSE=0.2121 | Bias=-0.0559 | FracRMSE=0.4449 | FracBias=-0.2460 | NoneBias=0.0000 | FullBias=0.0000
Low-gradient eligible OOB rows (gradient_p84 <= 4.0): 9 / 341
low_gradient_p84 OOB n=9 | RMSE=0.0283 | Bias=0.0133 | FracRMSE=0.0600 | FracBias=0.0600 | NoneBias=0.0000 | FullBias=0.0000
5.8s

=== Bootstrap 811/1000 ===

Chosen filter -> Eg_strong/Eg_weak >= 1.05, data_quantity >= 16 | CV acc=0.8655, CV bin acc=0.9751, n_rows(dedup)=803 | OOB acc=0.9616, OOB bin acc=0.9736, n_rows_test(dedup)=417 |
OOB cameras: ['bartlett', 'hyytiala', 'kenttarova', 'old_jack_pine', 'queens', 'sodankyla_full']
OOB n=463 | RMSE=0.1403 | Bias=-0.0240 | FracRMSE=0.3336 | FracBias=-0.1464 | NoneBias=0.0099 | FullBias=-0.0423
Aspect split eligible OOB rows (north/south facing fraction threshold = 0.75): 64 / 463
north_dominated OOB n=42 | RMSE=0.2346 | Bias=-0.0737 | FracRMSE=0.3424 | FracBias=-0.1621 | NoneBias=0.0042 | FullBias=-0.0806
south_dominated OOB n=22 | RMSE=0.2580 | Bias=-0.0820 | FracRMSE=0.5393 | FracBias=-0.3408 | NoneBias=0.0000 | FullBias=-0.0084
Low-gradient eligible OOB rows (gradient_p84 <= 4.0): 75 / 463
low_gradient_p84 OOB n=75 | RMSE=0.1112 | Bias=-0.0215 | FracRMSE=0.3021 | FracBias=-0.2113 | NoneBias=0.0126 | FullBias=-0.0099
5.05s

=== Bootstrap 812/1000 ===

Chosen filter -> Eg_strong/Eg_weak >= 1.25, data_quantity >= 17 | CV acc=0.9043, CV bin acc=0.9660, n_rows(dedup)=648 | OOB acc=0.9450, OOB bin acc=0.9950, n_rows_test(dedup)=400 |
OOB cameras: ['kenttarova', 'oregon_yp', 'sodankyla_full', 'tammela', 'underc']
OOB n=445 | RMSE=0.1299 | Bias=0.0365 | FracRMSE=0.2007 | FracBias=-0.0521 | NoneBias=0.0718 | FullBias=-0.0061
Aspect split eligible OOB rows (north/south facing fraction threshold = 0.75): 43 / 445
north_dominated OOB n=31 | RMSE=0.0346 | Bias=0.0129 | FracRMSE=0.0430 | FracBias=0.0350 | NoneBias=0.0188 | FullBias=0.0000
south_dominated OOB n=12 | RMSE=0.0176 | Bias=0.0058 | FracRMSE=0.0430 | FracBias=0.0350 | NoneBias=0.0000 | FullBias=0.0000
Low-gradient eligible OOB rows (gradient_p84 <= 4.0): 132 / 445
low_gradient_p84 OOB n=132 | RMSE=0.1562 | Bias=0.0828 | FracRMSE=0.2212 | FracBias=-0.1574 | NoneBias=0.1179 | FullBias=0.0000
4.81s

=== Bootstrap 813/1000 ===

Chosen filter -> Eg_strong/Eg_weak >= 1.05, data_quantity >= 17 | CV acc=0.9098, CV bin acc=0.9805, n_rows(dedup)=976 | OOB acc=0.9589, OOB bin acc=0.9736, n_rows_test(dedup)=341 |
OOB cameras: ['kenttarova', 'lacclair', 'sodankyla_full', 'tammela', 'underhill', 'willowcreek', 'wslcreek']
OOB n=391 | RMSE=0.1405 | Bias=0.0047 | FracRMSE=0.1613 | FracBias=-0.0271 | NoneBias=0.0401 | FullBias=-0.0232
Aspect split eligible OOB rows (north/south facing fraction threshold = 0.75): 68 / 391
north_dominated OOB n=53 | RMSE=0.0683 | Bias=0.0161 | FracRMSE=0.1239 | FracBias=0.0655 | NoneBias=0.0355 | FullBias=-0.0017
south_dominated OOB n=15 | RMSE=0.0157 | Bias=0.0047 | FracRMSE=0.0430 | FracBias=0.0350 | NoneBias=0.0000 | FullBias=0.0000
Low-gradient eligible OOB rows (gradient_p84 <= 4.0): 39 / 391
low_gradient_p84 OOB n=39 | RMSE=0.1163 | Bias=-0.0047 | FracRMSE=0.1740 | FracBias=-0.0894 | NoneBias=0.0365 | FullBias=-0.0389
5.41s

=== Bootstrap 814/1000 ===

Chosen filter -> Eg_strong/Eg_weak >= 1.18, data_quantity >= 14 | CV acc=0.9266, CV bin acc=0.9809, n_rows(dedup)=940 | OOB acc=0.8232, OOB bin acc=0.9779, n_rows_test(dedup)=181 |
OOB cameras: ['glees', 'queens', 'underc', 'varrio']
OOB n=200 | RMSE=0.1224 | Bias=0.0015 | FracRMSE=0.2659 | FracBias=-0.0607 | NoneBias=0.0451 | FullBias=-0.0110
Aspect split eligible OOB rows (north/south facing fraction threshold = 0.75): 41 / 200
north_dominated OOB n=22 | RMSE=0.0000 | Bias=0.0000 | FracRMSE=nan | FracBias=nan | NoneBias=0.0000 | FullBias=0.0000
south_dominated OOB n=19 | RMSE=0.0000 | Bias=0.0000 | FracRMSE=nan | FracBias=nan | NoneBias=0.0000 | FullBias=0.0000
Low-gradient eligible OOB rows (gradient_p84 <= 4.0): 1 / 200
low_gradient_p84 OOB n=1 | RMSE=0.0000 | Bias=0.0000 | FracRMSE=nan | FracBias=nan | NoneBias=nan | FullBias=0.0000
5.45s

=== Bootstrap 815/1000 ===

Chosen filter -> Eg_strong/Eg_weak >= 1.18, data_quantity >= 17 | CV acc=0.9401, CV bin acc=0.9732, n_rows(dedup)=785 | OOB acc=0.9145, OOB bin acc=0.9971, n_rows_test(dedup)=339 |
OOB cameras: ['oregon_yp', 'queens', 'sodankyla_full', 'underc', 'wslcreek']
OOB n=372 | RMSE=0.1378 | Bias=0.0369 | FracRMSE=0.2484 | FracBias=-0.0902 | NoneBias=0.0787 | FullBias=-0.0030
Aspect split eligible OOB rows (north/south facing fraction threshold = 0.75): 28 / 372
north_dominated OOB n=25 | RMSE=0.0655 | Bias=0.0123 | FracRMSE=0.2316 | FracBias=0.1534 | NoneBias=0.0002 | FullBias=0.0000
south_dominated OOB n=3 | RMSE=0.0000 | Bias=0.0000 | FracRMSE=nan | FracBias=nan | NoneBias=0.0000 | FullBias=0.0000
Low-gradient eligible OOB rows (gradient_p84 <= 4.0): 125 / 372
low_gradient_p84 OOB n=125 | RMSE=0.1522 | Bias=0.0739 | FracRMSE=0.2447 | FracBias=-0.1922 | NoneBias=0.1076 | FullBias=0.0000
5.2s

=== Bootstrap 816/1000 ===

Chosen filter -> Eg_strong/Eg_weak >= 1.30, data_quantity >= 14 | CV acc=0.9361, CV bin acc=0.9775, n_rows(dedup)=579 | OOB acc=0.9006, OOB bin acc=0.9914, n_rows_test(dedup)=463 |
OOB cameras: ['bartlett', 'glees', 'kenttarova', 'oregon_yp', 'sodankyla_full', 'tammela', 'underc']
OOB n=516 | RMSE=0.1325 | Bias=0.0148 | FracRMSE=0.2748 | FracBias=-0.1087 | NoneBias=0.0558 | FullBias=-0.0111
Aspect split eligible OOB rows (north/south facing fraction threshold = 0.75): 71 / 516
north_dominated OOB n=38 | RMSE=0.1813 | Bias=-0.0398 | FracRMSE=0.3514 | FracBias=-0.1629 | NoneBias=0.0107 | FullBias=0.0000
south_dominated OOB n=33 | RMSE=0.1487 | Bias=-0.0218 | FracRMSE=0.4271 | FracBias=-0.1800 | NoneBias=0.0000 | FullBias=0.0000
Low-gradient eligible OOB rows (gradient_p84 <= 4.0): 135 / 516
low_gradient_p84 OOB n=135 | RMSE=0.1360 | Bias=0.0578 | FracRMSE=0.2313 | FracBias=-0.1611 | NoneBias=0.0894 | FullBias=0.0000
4.65s

=== Bootstrap 817/1000 ===

Chosen filter -> Eg_strong/Eg_weak >= 1.06, data_quantity >= 16 | CV acc=0.9035, CV bin acc=0.9718, n_rows(dedup)=922 | OOB acc=0.9292, OOB bin acc=0.9755, n_rows_test(dedup)=367 |
OOB cameras: ['bartlett', 'delta_junction', 'hyytiala', 'marcell_MN', 'queens', 'underhill', 'varrio', 'wslcreek']
OOB n=415 | RMSE=0.1544 | Bias=-0.0229 | FracRMSE=0.3915 | FracBias=-0.1468 | NoneBias=0.0060 | FullBias=-0.0236
Aspect split eligible OOB rows (north/south facing fraction threshold = 0.75): 95 / 415
north_dominated OOB n=82 | RMSE=0.2233 | Bias=-0.0629 | FracRMSE=0.4046 | FracBias=-0.2183 | NoneBias=0.0009 | FullBias=-0.0383
south_dominated OOB n=13 | RMSE=0.3334 | Bias=-0.1308 | FracRMSE=0.8500 | FracBias=-0.8500 | NoneBias=0.0000 | FullBias=0.0000
Low-gradient eligible OOB rows (gradient_p84 <= 4.0): 22 / 415
low_gradient_p84 OOB n=22 | RMSE=0.1290 | Bias=-0.0259 | FracRMSE=0.2140 | FracBias=-0.0713 | NoneBias=0.0000 | FullBias=0.0000
5.37s

=== Bootstrap 818/1000 ===

Chosen filter -> Eg_strong/Eg_weak >= 1.28, data_quantity >= 17 | CV acc=0.9191, CV bin acc=0.9754, n_rows(dedup)=853 | OOB acc=0.9544, OOB bin acc=0.9860, n_rows_test(dedup)=285 |
OOB cameras: ['hyytiala', 'marcell_MN', 'old_jack_pine', 'queens', 'torgnon', 'wslcreek']
OOB n=308 | RMSE=0.1124 | Bias=-0.0025 | FracRMSE=0.3187 | FracBias=-0.0349 | NoneBias=0.0106 | FullBias=-0.0139
Aspect split eligible OOB rows (north/south facing fraction threshold = 0.75): 21 / 308
north_dominated OOB n=18 | RMSE=0.0555 | Bias=0.0119 | FracRMSE=0.1665 | FracBias=0.1073 | NoneBias=nan | FullBias=0.0000
south_dominated OOB n=3 | RMSE=0.0000 | Bias=0.0000 | FracRMSE=nan | FracBias=nan | NoneBias=nan | FullBias=0.0000
Low-gradient eligible OOB rows (gradient_p84 <= 4.0): 36 / 308
low_gradient_p84 OOB n=36 | RMSE=0.1245 | Bias=-0.0211 | FracRMSE=0.3313 | FracBias=-0.1851 | NoneBias=0.0072 | FullBias=0.0000
5.54s

=== Bootstrap 819/1000 ===

Chosen filter -> Eg_strong/Eg_weak >= 1.05, data_quantity >= 16 | CV acc=0.9356, CV bin acc=0.9798, n_rows(dedup)=1041 | OOB acc=0.9507, OOB bin acc=0.9737, n_rows_test(dedup)=304 |
OOB cameras: ['glees', 'hyytiala', 'kenttarova', 'old_jack_pine']
OOB n=341 | RMSE=0.1069 | Bias=-0.0030 | FracRMSE=0.2368 | FracBias=-0.0333 | NoneBias=0.0132 | FullBias=-0.0207
Aspect split eligible OOB rows (north/south facing fraction threshold = 0.75): 52 / 341
north_dominated OOB n=27 | RMSE=0.0204 | Bias=0.0081 | FracRMSE=0.0400 | FracBias=0.0314 | NoneBias=0.0000 | FullBias=0.0000
south_dominated OOB n=25 | RMSE=0.0173 | Bias=0.0057 | FracRMSE=0.0493 | FracBias=0.0433 | NoneBias=0.0023 | FullBias=0.0000
Low-gradient eligible OOB rows (gradient_p84 <= 4.0): 47 / 341
low_gradient_p84 OOB n=47 | RMSE=0.1318 | Bias=-0.0280 | FracRMSE=0.3192 | FracBias=-0.1667 | NoneBias=0.0016 | FullBias=-0.0025
6.0s

=== Bootstrap 820/1000 ===

Chosen filter -> Eg_strong/Eg_weak >= 1.07, data_quantity >= 16 | CV acc=0.9425, CV bin acc=0.9756, n_rows(dedup)=818 | OOB acc=0.9107, OOB bin acc=0.9893, n_rows_test(dedup)=280 |
OOB cameras: ['kenttarova', 'marcell_MN', 'sodankyla_full', 'torgnon', 'underc']
OOB n=316 | RMSE=0.1062 | Bias=0.0026 | FracRMSE=0.1977 | FracBias=-0.0254 | NoneBias=0.0245 | FullBias=-0.0085
Aspect split eligible OOB rows (north/south facing fraction threshold = 0.75): 47 / 316
north_dominated OOB n=33 | RMSE=0.0193 | Bias=0.0077 | FracRMSE=0.0400 | FracBias=0.0314 | NoneBias=0.0030 | FullBias=0.0000
south_dominated OOB n=14 | RMSE=0.0198 | Bias=0.0080 | FracRMSE=0.0428 | FracBias=0.0375 | NoneBias=0.0000 | FullBias=0.0000
Low-gradient eligible OOB rows (gradient_p84 <= 4.0): 36 / 316
low_gradient_p84 OOB n=36 | RMSE=0.0515 | Bias=0.0067 | FracRMSE=0.0979 | FracBias=-0.0168 | NoneBias=0.0171 | FullBias=0.0000
5.01s

=== Bootstrap 821/1000 ===

Chosen filter -> Eg_strong/Eg_weak >= 1.28, data_quantity >= 13 | CV acc=0.9064, CV bin acc=0.9606, n_rows(dedup)=1143 | OOB acc=0.8355, OOB bin acc=0.9602, n_rows_test(dedup)=377 |
OOB cameras: ['bartlett', 'glees', 'kenttarova', 'lacclair', 'marcell_MN', 'sodankyla_full', 'torgnon', 'underhill', 'varrio']
OOB n=441 | RMSE=0.1159 | Bias=-0.0136 | FracRMSE=0.3208 | FracBias=-0.1654 | NoneBias=0.0184 | FullBias=-0.0093
Aspect split eligible OOB rows (north/south facing fraction threshold = 0.75): 105 / 441
north_dominated OOB n=64 | RMSE=0.1733 | Bias=-0.0353 | FracRMSE=0.4142 | FracBias=-0.2265 | NoneBias=0.0147 | FullBias=0.0000
south_dominated OOB n=41 | RMSE=0.1554 | Bias=-0.0310 | FracRMSE=0.4447 | FracBias=-0.2458 | NoneBias=0.0000 | FullBias=-0.0016
Low-gradient eligible OOB rows (gradient_p84 <= 4.0): 39 / 441
low_gradient_p84 OOB n=39 | RMSE=0.0432 | Bias=0.0067 | FracRMSE=0.0913 | FracBias=-0.0045 | NoneBias=0.0161 | FullBias=0.0000
6.21s

=== Bootstrap 822/1000 ===

Chosen filter -> Eg_strong/Eg_weak >= 1.20, data_quantity >= 13 | CV acc=0.9445, CV bin acc=0.9723, n_rows(dedup)=1118 | OOB acc=0.8512, OOB bin acc=0.9550, n_rows_test(dedup)=289 |
OOB cameras: ['bartlett', 'delta_junction', 'glees', 'hyytiala', 'queens', 'torgnon', 'underc']
OOB n=338 | RMSE=0.1685 | Bias=-0.0201 | FracRMSE=0.3782 | FracBias=-0.1189 | NoneBias=0.0142 | FullBias=-0.0229
Aspect split eligible OOB rows (north/south facing fraction threshold = 0.75): 63 / 338
north_dominated OOB n=40 | RMSE=0.2859 | Bias=-0.1109 | FracRMSE=0.4668 | FracBias=-0.2957 | NoneBias=0.0000 | FullBias=0.0000
south_dominated OOB n=23 | RMSE=0.1935 | Bias=-0.0531 | FracRMSE=0.6561 | FracBias=-0.6109 | NoneBias=0.0000 | FullBias=0.0000
Low-gradient eligible OOB rows (gradient_p84 <= 4.0): 23 / 338
low_gradient_p84 OOB n=23 | RMSE=0.1288 | Bias=-0.0242 | FracRMSE=0.2185 | FracBias=-0.0695 | NoneBias=0.0000 | FullBias=0.0000
6.29s

=== Bootstrap 823/1000 ===

Chosen filter -> Eg_strong/Eg_weak >= 1.06, data_quantity >= 17 | CV acc=0.9220, CV bin acc=0.9857, n_rows(dedup)=1115 | OOB acc=0.8996, OOB bin acc=0.9518, n_rows_test(dedup)=249 |
OOB cameras: ['bartlett', 'kenttarova', 'marcell_MN', 'torgnon', 'varrio', 'willowcreek']
OOB n=280 | RMSE=0.1992 | Bias=-0.0277 | FracRMSE=0.3886 | FracBias=-0.1789 | NoneBias=0.0408 | FullBias=-0.0487
Aspect split eligible OOB rows (north/south facing fraction threshold = 0.75): 76 / 280
north_dominated OOB n=53 | RMSE=0.2335 | Bias=-0.0666 | FracRMSE=0.4072 | FracBias=-0.2067 | NoneBias=0.0000 | FullBias=-0.0556
south_dominated OOB n=23 | RMSE=0.2510 | Bias=-0.0709 | FracRMSE=0.6018 | FracBias=-0.4075 | NoneBias=0.0000 | FullBias=0.0000
Low-gradient eligible OOB rows (gradient_p84 <= 4.0): 11 / 280
low_gradient_p84 OOB n=11 | RMSE=0.1546 | Bias=-0.0368 | FracRMSE=0.0600 | FracBias=0.0600 | NoneBias=0.0323 | FullBias=-0.1646
6.18s

=== Bootstrap 824/1000 ===

Chosen filter -> Eg_strong/Eg_weak >= 1.11, data_quantity >= 16 | CV acc=0.9122, CV bin acc=0.9790, n_rows(dedup)=763 | OOB acc=0.9654, OOB bin acc=0.9839, n_rows_test(dedup)=434 |
OOB cameras: ['marcell_MN', 'oregon_yp', 'queens', 'sodankyla_full', 'tammela', 'willowcreek']
OOB n=455 | RMSE=0.1439 | Bias=0.0234 | FracRMSE=0.2383 | FracBias=-0.1972 | NoneBias=0.0649 | FullBias=-0.0356
Aspect split eligible OOB rows (north/south facing fraction threshold = 0.75): 9 / 455
north_dominated OOB n=7 | RMSE=0.0125 | Bias=0.0047 | FracRMSE=nan | FracBias=nan | NoneBias=0.0066 | FullBias=0.0000
south_dominated OOB n=2 | RMSE=0.0000 | Bias=0.0000 | FracRMSE=nan | FracBias=nan | NoneBias=0.0000 | FullBias=0.0000
Low-gradient eligible OOB rows (gradient_p84 <= 4.0): 130 / 455
low_gradient_p84 OOB n=130 | RMSE=0.1485 | Bias=0.0643 | FracRMSE=0.2437 | FracBias=-0.2136 | NoneBias=0.1042 | FullBias=-0.0407
5.11s

=== Bootstrap 825/1000 ===

Chosen filter -> Eg_strong/Eg_weak >= 1.05, data_quantity >= 13 | CV acc=0.9274, CV bin acc=0.9669, n_rows(dedup)=1267 | OOB acc=0.8993, OOB bin acc=0.9757, n_rows_test(dedup)=288 |
OOB cameras: ['bartlett', 'glees', 'kenttarova', 'marcell_MN', 'tammela', 'torgnon', 'wslcreek']
OOB n=320 | RMSE=0.1404 | Bias=-0.0236 | FracRMSE=0.3738 | FracBias=-0.1549 | NoneBias=0.0019 | FullBias=-0.0167
Aspect split eligible OOB rows (north/south facing fraction threshold = 0.75): 94 / 320
north_dominated OOB n=55 | RMSE=0.2520 | Bias=-0.0721 | FracRMSE=0.4123 | FracBias=-0.1872 | NoneBias=0.0000 | FullBias=-0.0465
south_dominated OOB n=39 | RMSE=0.1993 | Bias=-0.0482 | FracRMSE=0.5081 | FracBias=-0.3135 | NoneBias=0.0000 | FullBias=0.0000
Low-gradient eligible OOB rows (gradient_p84 <= 4.0): 9 / 320
low_gradient_p84 OOB n=9 | RMSE=0.0283 | Bias=0.0133 | FracRMSE=0.0600 | FracBias=0.0600 | NoneBias=0.0000 | FullBias=0.0000
5.76s

=== Bootstrap 826/1000 ===

Chosen filter -> Eg_strong/Eg_weak >= 1.05, data_quantity >= 17 | CV acc=0.9513, CV bin acc=0.9852, n_rows(dedup)=1149 | OOB acc=0.9091, OOB bin acc=0.9688, n_rows_test(dedup)=385 |
OOB cameras: ['kenttarova', 'marcell_MN', 'old_jack_pine', 'tammela', 'underc', 'underhill', 'willowcreek']
OOB n=435 | RMSE=0.1697 | Bias=0.0082 | FracRMSE=0.2842 | FracBias=-0.0415 | NoneBias=0.0381 | FullBias=-0.0173
Aspect split eligible OOB rows (north/south facing fraction threshold = 0.75): 38 / 435
north_dominated OOB n=27 | RMSE=0.0312 | Bias=0.0124 | FracRMSE=0.0430 | FracBias=0.0350 | NoneBias=0.0176 | FullBias=0.0000
south_dominated OOB n=11 | RMSE=0.0183 | Bias=0.0064 | FracRMSE=0.0430 | FracBias=0.0350 | NoneBias=0.0000 | FullBias=0.0000
Low-gradient eligible OOB rows (gradient_p84 <= 4.0): 49 / 435
low_gradient_p84 OOB n=49 | RMSE=0.1384 | Bias=-0.0226 | FracRMSE=0.3676 | FracBias=-0.1794 | NoneBias=0.0086 | FullBias=-0.0248
6.32s

=== Bootstrap 827/1000 ===

Chosen filter -> Eg_strong/Eg_weak >= 1.06, data_quantity >= 9 | CV acc=0.9496, CV bin acc=0.9790, n_rows(dedup)=953 | OOB acc=0.8599, OOB bin acc=0.9686, n_rows_test(dedup)=414 |
OOB cameras: ['glees', 'hyytiala', 'sodankyla_full', 'tammela', 'underc']
OOB n=432 | RMSE=0.1183 | Bias=0.0010 | FracRMSE=0.2519 | FracBias=-0.0451 | NoneBias=0.0254 | FullBias=-0.0273
Aspect split eligible OOB rows (north/south facing fraction threshold = 0.75): 25 / 432
north_dominated OOB n=7 | RMSE=0.0000 | Bias=0.0000 | FracRMSE=nan | FracBias=nan | NoneBias=0.0000 | FullBias=0.0000
south_dominated OOB n=18 | RMSE=0.0249 | Bias=0.0081 | FracRMSE=nan | FracBias=nan | NoneBias=0.0365 | FullBias=0.0000
Low-gradient eligible OOB rows (gradient_p84 <= 4.0): 29 / 432
low_gradient_p84 OOB n=29 | RMSE=0.0667 | Bias=0.0082 | FracRMSE=0.1813 | FracBias=-0.1813 | NoneBias=0.0322 | FullBias=0.0000
5.19s

=== Bootstrap 828/1000 ===

Chosen filter -> Eg_strong/Eg_weak >= 1.05, data_quantity >= 13 | CV acc=0.9429, CV bin acc=0.9823, n_rows(dedup)=1470 | OOB acc=0.9394, OOB bin acc=0.9515, n_rows_test(dedup)=165 |
OOB cameras: ['bartlett', 'kenttarova', 'marcell_MN', 'queens', 'underhill']
OOB n=193 | RMSE=0.2067 | Bias=-0.0318 | FracRMSE=0.3933 | FracBias=-0.1801 | NoneBias=0.0307 | FullBias=-0.0343
Aspect split eligible OOB rows (north/south facing fraction threshold = 0.75): 62 / 193
north_dominated OOB n=40 | RMSE=0.2879 | Bias=-0.0969 | FracRMSE=0.4386 | FracBias=-0.2367 | NoneBias=0.0151 | FullBias=-0.0748
south_dominated OOB n=22 | RMSE=0.2566 | Bias=-0.0743 | FracRMSE=0.5383 | FracBias=-0.3271 | NoneBias=0.0000 | FullBias=0.0000
Low-gradient eligible OOB rows (gradient_p84 <= 4.0): 9 / 193
low_gradient_p84 OOB n=9 | RMSE=0.0201 | Bias=0.0060 | FracRMSE=0.0426 | FracBias=0.0272 | NoneBias=0.0000 | FullBias=0.0000
6.9s

=== Bootstrap 829/1000 ===

Chosen filter -> Eg_strong/Eg_weak >= 1.05, data_quantity >= 16 | CV acc=0.9445, CV bin acc=0.9807, n_rows(dedup)=883 | OOB acc=0.9224, OOB bin acc=0.9791, n_rows_test(dedup)=335 |
OOB cameras: ['bartlett', 'glees', 'oregon_yp', 'queens', 'tammela', 'underc']
OOB n=372 | RMSE=0.1742 | Bias=0.0042 | FracRMSE=0.3816 | FracBias=-0.2373 | NoneBias=0.0576 | FullBias=-0.0368
Aspect split eligible OOB rows (north/south facing fraction threshold = 0.75): 32 / 372
north_dominated OOB n=10 | RMSE=0.5448 | Bias=-0.3786 | FracRMSE=0.6917 | FracBias=-0.6801 | NoneBias=0.0000 | FullBias=-0.4365
south_dominated OOB n=22 | RMSE=0.2563 | Bias=-0.0773 | FracRMSE=0.8500 | FracBias=-0.8500 | NoneBias=0.0000 | FullBias=0.0000
Low-gradient eligible OOB rows (gradient_p84 <= 4.0): 98 / 372
low_gradient_p84 OOB n=98 | RMSE=0.1525 | Bias=0.0725 | FracRMSE=0.2661 | FracBias=-0.2257 | NoneBias=0.0990 | FullBias=nan
5.55s

=== Bootstrap 830/1000 ===

Chosen filter -> Eg_strong/Eg_weak >= 1.05, data_quantity >= 16 | CV acc=0.9463, CV bin acc=0.9629, n_rows(dedup)=1024 | OOB acc=0.8517, OOB bin acc=0.9761, n_rows_test(dedup)=418 |
OOB cameras: ['bartlett', 'glees', 'marcell_MN', 'sodankyla_full', 'tammela', 'underc', 'varrio']
OOB n=450 | RMSE=0.1407 | Bias=-0.0190 | FracRMSE=0.4316 | FracBias=-0.2732 | NoneBias=0.0145 | FullBias=-0.0182
Aspect split eligible OOB rows (north/south facing fraction threshold = 0.75): 60 / 450
north_dominated OOB n=35 | RMSE=0.2884 | Bias=-0.1073 | FracRMSE=0.6969 | FracBias=-0.6884 | NoneBias=0.0000 | FullBias=-0.0846
south_dominated OOB n=25 | RMSE=0.2404 | Bias=-0.0680 | FracRMSE=0.8500 | FracBias=-0.8500 | NoneBias=0.0000 | FullBias=0.0000
Low-gradient eligible OOB rows (gradient_p84 <= 4.0): 28 / 450
low_gradient_p84 OOB n=28 | RMSE=0.0401 | Bias=0.0039 | FracRMSE=0.0934 | FracBias=-0.0934 | NoneBias=0.0156 | FullBias=0.0000
5.57s

=== Bootstrap 831/1000 ===

Chosen filter -> Eg_strong/Eg_weak >= 1.05, data_quantity >= 9 | CV acc=0.9472, CV bin acc=0.9771, n_rows(dedup)=872 | OOB acc=0.8622, OOB bin acc=0.9721, n_rows_test(dedup)=537 |
OOB cameras: ['glees', 'hyytiala', 'kenttarova', 'old_jack_pine', 'sodankyla_full', 'underc', 'underhill']
OOB n=594 | RMSE=0.1361 | Bias=0.0024 | FracRMSE=0.2247 | FracBias=-0.0312 | NoneBias=0.0317 | FullBias=-0.0256
Aspect split eligible OOB rows (north/south facing fraction threshold = 0.75): 70 / 594
north_dominated OOB n=38 | RMSE=0.0553 | Bias=0.0176 | FracRMSE=0.0430 | FracBias=0.0350 | NoneBias=0.0299 | FullBias=0.0000
south_dominated OOB n=32 | RMSE=0.0230 | Bias=0.0060 | FracRMSE=0.0493 | FracBias=0.0433 | NoneBias=0.0144 | FullBias=-0.0025
Low-gradient eligible OOB rows (gradient_p84 <= 4.0): 80 / 594
low_gradient_p84 OOB n=80 | RMSE=0.0959 | Bias=-0.0062 | FracRMSE=0.2623 | FracBias=-0.1338 | NoneBias=0.0164 | FullBias=-0.0005
4.96s

=== Bootstrap 832/1000 ===

Chosen filter -> Eg_strong/Eg_weak >= 1.18, data_quantity >= 16 | CV acc=0.9740, CV bin acc=0.9774, n_rows(dedup)=886 | OOB acc=0.8361, OOB bin acc=0.9918, n_rows_test(dedup)=366 |
OOB cameras: ['glees', 'kenttarova', 'sodankyla_full', 'torgnon', 'underc', 'varrio', 'wslcreek']
OOB n=407 | RMSE=0.0992 | Bias=0.0122 | FracRMSE=0.1908 | FracBias=0.0297 | NoneBias=0.0353 | FullBias=-0.0031
Aspect split eligible OOB rows (north/south facing fraction threshold = 0.75): 102 / 407
north_dominated OOB n=71 | RMSE=0.0485 | Bias=0.0086 | FracRMSE=0.1359 | FracBias=0.0659 | NoneBias=0.0011 | FullBias=0.0000
south_dominated OOB n=31 | RMSE=0.0167 | Bias=0.0054 | FracRMSE=0.0493 | FracBias=0.0433 | NoneBias=0.0055 | FullBias=0.0000
Low-gradient eligible OOB rows (gradient_p84 <= 4.0): 36 / 407
low_gradient_p84 OOB n=36 | RMSE=0.0510 | Bias=0.0104 | FracRMSE=0.0613 | FracBias=0.0187 | NoneBias=0.0187 | FullBias=0.0000
5.5s

=== Bootstrap 833/1000 ===

Chosen filter -> Eg_strong/Eg_weak >= 1.18, data_quantity >= 16 | CV acc=0.9194, CV bin acc=0.9827, n_rows(dedup)=868 | OOB acc=0.9204, OOB bin acc=0.9813, n_rows_test(dedup)=427 |
OOB cameras: ['glees', 'marcell_MN', 'old_jack_pine', 'sodankyla_full', 'varrio', 'willowcreek']
OOB n=457 | RMSE=0.1442 | Bias=-0.0001 | FracRMSE=0.3076 | FracBias=-0.1347 | NoneBias=0.0402 | FullBias=-0.0216
Aspect split eligible OOB rows (north/south facing fraction threshold = 0.75): 43 / 457
north_dominated OOB n=26 | RMSE=0.0000 | Bias=0.0000 | FracRMSE=nan | FracBias=nan | NoneBias=0.0000 | FullBias=0.0000
south_dominated OOB n=17 | RMSE=0.0041 | Bias=0.0010 | FracRMSE=nan | FracBias=nan | NoneBias=0.0042 | FullBias=0.0000
Low-gradient eligible OOB rows (gradient_p84 <= 4.0): 69 / 457
low_gradient_p84 OOB n=69 | RMSE=0.1428 | Bias=-0.0244 | FracRMSE=0.3281 | FracBias=-0.2537 | NoneBias=0.0273 | FullBias=-0.0395
5.42s

=== Bootstrap 834/1000 ===

Chosen filter -> Eg_strong/Eg_weak >= 1.18, data_quantity >= 17 | CV acc=0.9223, CV bin acc=0.9875, n_rows(dedup)=798 | OOB acc=0.9368, OOB bin acc=0.9649, n_rows_test(dedup)=427 |
OOB cameras: ['hyytiala', 'kenttarova', 'lacclair', 'marcell_MN', 'sodankyla_full', 'varrio', 'willowcreek']
OOB n=482 | RMSE=0.1302 | Bias=-0.0096 | FracRMSE=0.1824 | FracBias=-0.0705 | NoneBias=0.0272 | FullBias=-0.0373
Aspect split eligible OOB rows (north/south facing fraction threshold = 0.75): 69 / 482
north_dominated OOB n=52 | RMSE=0.0185 | Bias=0.0040 | FracRMSE=0.0430 | FracBias=0.0350 | NoneBias=0.0041 | FullBias=-0.0022
south_dominated OOB n=17 | RMSE=0.0148 | Bias=0.0041 | FracRMSE=0.0430 | FracBias=0.0350 | NoneBias=0.0000 | FullBias=0.0000
Low-gradient eligible OOB rows (gradient_p84 <= 4.0): 39 / 482
low_gradient_p84 OOB n=39 | RMSE=0.1126 | Bias=-0.0068 | FracRMSE=0.1890 | FracBias=-0.1002 | NoneBias=0.0346 | FullBias=-0.0401
5.17s

=== Bootstrap 835/1000 ===

Chosen filter -> Eg_strong/Eg_weak >= 1.18, data_quantity >= 16 | CV acc=0.9150, CV bin acc=0.9933, n_rows(dedup)=741 | OOB acc=0.9458, OOB bin acc=0.9761, n_rows_test(dedup)=461 |
OOB cameras: ['bartlett', 'delta_junction', 'glees', 'hyytiala', 'oregon_yp', 'varrio', 'willowcreek']
OOB n=516 | RMSE=0.1585 | Bias=0.0127 | FracRMSE=0.3247 | FracBias=-0.1169 | NoneBias=0.0563 | FullBias=-0.0313
Aspect split eligible OOB rows (north/south facing fraction threshold = 0.75): 81 / 516
north_dominated OOB n=60 | RMSE=0.1912 | Bias=-0.0411 | FracRMSE=0.3941 | FracBias=-0.1859 | NoneBias=0.0065 | FullBias=0.0000
south_dominated OOB n=21 | RMSE=0.1855 | Bias=-0.0405 | FracRMSE=0.8500 | FracBias=-0.8500 | NoneBias=0.0000 | FullBias=0.0000
Low-gradient eligible OOB rows (gradient_p84 <= 4.0): 124 / 516
low_gradient_p84 OOB n=124 | RMSE=0.1477 | Bias=0.0585 | FracRMSE=0.2264 | FracBias=-0.1008 | NoneBias=0.0930 | FullBias=-0.0539
5.24s

=== Bootstrap 836/1000 ===

Chosen filter -> Eg_strong/Eg_weak >= 1.09, data_quantity >= 16 | CV acc=0.9295, CV bin acc=0.9743, n_rows(dedup)=1049 | OOB acc=0.9761, OOB bin acc=1.0000, n_rows_test(dedup)=209 |
OOB cameras: ['marcell_MN', 'oregon_yp', 'queens', 'torgnon']
OOB n=228 | RMSE=0.1262 | Bias=0.0389 | FracRMSE=0.2373 | FracBias=-0.1902 | NoneBias=0.0799 | FullBias=-0.0160
Aspect split eligible OOB rows (north/south facing fraction threshold = 0.75): 3 / 228
north_dominated OOB n=1 | RMSE=0.0000 | Bias=0.0000 | FracRMSE=nan | FracBias=nan | NoneBias=0.0000 | FullBias=nan
south_dominated OOB n=2 | RMSE=0.0000 | Bias=0.0000 | FracRMSE=nan | FracBias=nan | NoneBias=nan | FullBias=0.0000
Low-gradient eligible OOB rows (gradient_p84 <= 4.0): 98 / 228
low_gradient_p84 OOB n=98 | RMSE=0.1553 | Bias=0.0817 | FracRMSE=0.2538 | FracBias=-0.2170 | NoneBias=0.1082 | FullBias=nan
5.77s

=== Bootstrap 837/1000 ===

Chosen filter -> Eg_strong/Eg_weak >= 1.05, data_quantity >= 16 | CV acc=0.8939, CV bin acc=0.9878, n_rows(dedup)=905 | OOB acc=0.9656, OOB bin acc=0.9719, n_rows_test(dedup)=320 |
OOB cameras: ['kenttarova', 'oregon_yp', 'tammela', 'underhill', 'willowcreek']
OOB n=353 | RMSE=0.1658 | Bias=0.0377 | FracRMSE=0.1519 | FracBias=-0.0784 | NoneBias=0.0820 | FullBias=-0.0615
Aspect split eligible OOB rows (north/south facing fraction threshold = 0.75): 42 / 353
north_dominated OOB n=30 | RMSE=0.0671 | Bias=0.0204 | FracRMSE=0.0400 | FracBias=0.0314 | NoneBias=0.0556 | FullBias=-0.0077
south_dominated OOB n=12 | RMSE=0.0309 | Bias=-0.0015 | FracRMSE=0.0619 | FracBias=-0.0061 | NoneBias=0.0000 | FullBias=0.0000
Low-gradient eligible OOB rows (gradient_p84 <= 4.0): 110 / 353
low_gradient_p84 OOB n=110 | RMSE=0.1533 | Bias=0.0750 | FracRMSE=0.2121 | FracBias=-0.1674 | NoneBias=0.1103 | FullBias=-0.1660
5.57s

=== Bootstrap 838/1000 ===

Chosen filter -> Eg_strong/Eg_weak >= 1.05, data_quantity >= 16 | CV acc=0.9334, CV bin acc=0.9801, n_rows(dedup)=1156 | OOB acc=0.9482, OOB bin acc=0.9939, n_rows_test(dedup)=328 |
OOB cameras: ['delta_junction', 'old_jack_pine', 'queens', 'sodankyla_full', 'torgnon', 'underhill']
OOB n=378 | RMSE=0.1427 | Bias=0.0055 | FracRMSE=0.3202 | FracBias=-0.0318 | NoneBias=0.0201 | FullBias=-0.0001
Aspect split eligible OOB rows (north/south facing fraction threshold = 0.75): 44 / 378
north_dominated OOB n=41 | RMSE=0.1829 | Bias=-0.0280 | FracRMSE=0.3373 | FracBias=-0.1359 | NoneBias=0.0193 | FullBias=0.0000
south_dominated OOB n=3 | RMSE=0.0000 | Bias=0.0000 | FracRMSE=nan | FracBias=nan | NoneBias=0.0000 | FullBias=0.0000
Low-gradient eligible OOB rows (gradient_p84 <= 4.0): 89 / 378
low_gradient_p84 OOB n=89 | RMSE=0.1157 | Bias=-0.0172 | FracRMSE=0.2758 | FracBias=-0.1173 | NoneBias=0.0049 | FullBias=0.0000
6.13s

=== Bootstrap 839/1000 ===

Chosen filter -> Eg_strong/Eg_weak >= 1.05, data_quantity >= 16 | CV acc=0.9410, CV bin acc=0.9844, n_rows(dedup)=1153 | OOB acc=0.8627, OOB bin acc=0.9642, n_rows_test(dedup)=335 |
OOB cameras: ['bartlett', 'kenttarova', 'queens', 'sodankyla_full', 'varrio', 'willowcreek']
OOB n=367 | RMSE=0.1691 | Bias=-0.0159 | FracRMSE=0.3441 | FracBias=-0.1644 | NoneBias=0.0362 | FullBias=-0.0380
Aspect split eligible OOB rows (north/south facing fraction threshold = 0.75): 87 / 367
north_dominated OOB n=62 | RMSE=0.1887 | Bias=-0.0483 | FracRMSE=0.3316 | FracBias=-0.1567 | NoneBias=0.0053 | FullBias=-0.0463
south_dominated OOB n=25 | RMSE=0.2424 | Bias=-0.0730 | FracRMSE=0.5391 | FracBias=-0.3396 | NoneBias=0.0000 | FullBias=-0.0085
Low-gradient eligible OOB rows (gradient_p84 <= 4.0): 40 / 367
low_gradient_p84 OOB n=40 | RMSE=0.1069 | Bias=-0.0053 | FracRMSE=0.1472 | FracBias=-0.0821 | NoneBias=0.0372 | FullBias=-0.0373
5.93s

=== Bootstrap 840/1000 ===

Chosen filter -> Eg_strong/Eg_weak >= 1.05, data_quantity >= 9 | CV acc=0.9527, CV bin acc=0.9796, n_rows(dedup)=1225 | OOB acc=0.8519, OOB bin acc=0.9649, n_rows_test(dedup)=513 |
OOB cameras: ['bartlett', 'delta_junction', 'glees', 'kenttarova', 'sodankyla_full', 'underc', 'underhill', 'willowcreek', 'wslcreek']
OOB n=591 | RMSE=0.2187 | Bias=0.0099 | FracRMSE=0.4332 | FracBias=-0.0045 | NoneBias=0.0457 | FullBias=-0.0129
Aspect split eligible OOB rows (north/south facing fraction threshold = 0.75): 144 / 591
north_dominated OOB n=102 | RMSE=0.2311 | Bias=-0.0409 | FracRMSE=0.4218 | FracBias=-0.1268 | NoneBias=0.0000 | FullBias=-0.0208
south_dominated OOB n=42 | RMSE=0.1860 | Bias=-0.0374 | FracRMSE=0.5389 | FracBias=-0.3140 | NoneBias=0.0000 | FullBias=0.0000
Low-gradient eligible OOB rows (gradient_p84 <= 4.0): 65 / 591
low_gradient_p84 OOB n=65 | RMSE=0.1432 | Bias=0.0042 | FracRMSE=0.3481 | FracBias=0.0248 | NoneBias=0.0000 | FullBias=0.0000
6.1s

=== Bootstrap 841/1000 ===

Chosen filter -> Eg_strong/Eg_weak >= 1.18, data_quantity >= 16 | CV acc=0.9213, CV bin acc=0.9840, n_rows(dedup)=877 | OOB acc=0.9852, OOB bin acc=0.9901, n_rows_test(dedup)=406 |
OOB cameras: ['hyytiala', 'old_jack_pine', 'oregon_yp', 'queens', 'tammela', 'torgnon']
OOB n=441 | RMSE=0.1217 | Bias=0.0225 | FracRMSE=0.2754 | FracBias=-0.1052 | NoneBias=0.0460 | FullBias=-0.0209
Aspect split eligible OOB rows (north/south facing fraction threshold = 0.75): 3 / 441
north_dominated OOB n=1 | RMSE=0.0000 | Bias=0.0000 | FracRMSE=nan | FracBias=nan | NoneBias=0.0000 | FullBias=nan
south_dominated OOB n=2 | RMSE=0.0000 | Bias=0.0000 | FracRMSE=nan | FracBias=nan | NoneBias=nan | FullBias=0.0000
Low-gradient eligible OOB rows (gradient_p84 <= 4.0): 135 / 441
low_gradient_p84 OOB n=135 | RMSE=0.1438 | Bias=0.0511 | FracRMSE=0.2685 | FracBias=-0.1973 | NoneBias=0.0855 | FullBias=0.0000
5.61s

=== Bootstrap 842/1000 ===

Chosen filter -> Eg_strong/Eg_weak >= 1.18, data_quantity >= 16 | CV acc=0.9293, CV bin acc=0.9706, n_rows(dedup)=849 | OOB acc=0.9500, OOB bin acc=0.9833, n_rows_test(dedup)=300 |
OOB cameras: ['glees', 'hyytiala', 'old_jack_pine', 'varrio']
OOB n=325 | RMSE=0.1083 | Bias=-0.0000 | FracRMSE=0.3285 | FracBias=-0.0231 | NoneBias=0.0126 | FullBias=-0.0130
Aspect split eligible OOB rows (north/south facing fraction threshold = 0.75): 36 / 325
north_dominated OOB n=20 | RMSE=0.0000 | Bias=0.0000 | FracRMSE=nan | FracBias=nan | NoneBias=0.0000 | FullBias=0.0000
south_dominated OOB n=16 | RMSE=0.0000 | Bias=0.0000 | FracRMSE=nan | FracBias=nan | NoneBias=0.0000 | FullBias=0.0000
Low-gradient eligible OOB rows (gradient_p84 <= 4.0): 37 / 325
low_gradient_p84 OOB n=37 | RMSE=0.1218 | Bias=-0.0218 | FracRMSE=0.2994 | FracBias=-0.1645 | NoneBias=0.0078 | FullBias=0.0000
5.29s

=== Bootstrap 843/1000 ===

Chosen filter -> Eg_strong/Eg_weak >= 1.28, data_quantity >= 13 | CV acc=0.9074, CV bin acc=0.9875, n_rows(dedup)=1123 | OOB acc=0.9506, OOB bin acc=0.9654, n_rows_test(dedup)=405 |
OOB cameras: ['bartlett', 'hyytiala', 'kenttarova', 'marcell_MN', 'oregon_yp', 'queens', 'torgnon', 'willowcreek']
OOB n=448 | RMSE=0.1759 | Bias=0.0024 | FracRMSE=0.2963 | FracBias=-0.1769 | NoneBias=0.0688 | FullBias=-0.0873
Aspect split eligible OOB rows (north/south facing fraction threshold = 0.75): 53 / 448
north_dominated OOB n=33 | RMSE=0.2254 | Bias=-0.0711 | FracRMSE=0.3860 | FracBias=-0.2117 | NoneBias=0.0246 | FullBias=-0.0127
south_dominated OOB n=20 | RMSE=0.2271 | Bias=-0.0788 | FracRMSE=0.4476 | FracBias=-0.2807 | NoneBias=0.0000 | FullBias=-0.0144
Low-gradient eligible OOB rows (gradient_p84 <= 4.0): 112 / 448
low_gradient_p84 OOB n=112 | RMSE=0.1487 | Bias=0.0719 | FracRMSE=0.2133 | FracBias=-0.1721 | NoneBias=0.1079 | FullBias=-0.1390
6.11s

=== Bootstrap 844/1000 ===

Chosen filter -> Eg_strong/Eg_weak >= 1.09, data_quantity >= 16 | CV acc=0.9599, CV bin acc=0.9889, n_rows(dedup)=1171 | OOB acc=0.8833, OOB bin acc=0.9639, n_rows_test(dedup)=360 |
OOB cameras: ['kenttarova', 'marcell_MN', 'old_jack_pine', 'torgnon', 'underc', 'underhill', 'willowcreek', 'wslcreek']
OOB n=416 | RMSE=0.1756 | Bias=0.0134 | FracRMSE=0.2576 | FracBias=-0.0182 | NoneBias=0.0562 | FullBias=-0.0171
Aspect split eligible OOB rows (north/south facing fraction threshold = 0.75): 61 / 416
north_dominated OOB n=47 | RMSE=0.0869 | Bias=0.0218 | FracRMSE=0.1339 | FracBias=0.0652 | NoneBias=0.0549 | FullBias=0.0000
south_dominated OOB n=14 | RMSE=0.0228 | Bias=0.0093 | FracRMSE=0.0493 | FracBias=0.0433 | NoneBias=0.0000 | FullBias=0.0000
Low-gradient eligible OOB rows (gradient_p84 <= 4.0): 50 / 416
low_gradient_p84 OOB n=50 | RMSE=0.1514 | Bias=-0.0238 | FracRMSE=0.3215 | FracBias=-0.1590 | NoneBias=0.0162 | FullBias=-0.0336
6.36s

=== Bootstrap 845/1000 ===

Chosen filter -> Eg_strong/Eg_weak >= 1.11, data_quantity >= 16 | CV acc=0.9244, CV bin acc=0.9709, n_rows(dedup)=860 | OOB acc=0.9373, OOB bin acc=0.9843, n_rows_test(dedup)=383 |
OOB cameras: ['hyytiala', 'kenttarova', 'marcell_MN', 'queens', 'sodankyla_full', 'underc']
OOB n=419 | RMSE=0.0982 | Bias=0.0018 | FracRMSE=0.1948 | FracBias=-0.0141 | NoneBias=0.0192 | FullBias=-0.0161
Aspect split eligible OOB rows (north/south facing fraction threshold = 0.75): 47 / 419
north_dominated OOB n=33 | RMSE=0.0220 | Bias=0.0087 | FracRMSE=0.0400 | FracBias=0.0314 | NoneBias=0.0062 | FullBias=0.0000
south_dominated OOB n=14 | RMSE=0.0164 | Bias=0.0044 | FracRMSE=0.0354 | FracBias=0.0206 | NoneBias=0.0000 | FullBias=0.0000
Low-gradient eligible OOB rows (gradient_p84 <= 4.0): 36 / 419
low_gradient_p84 OOB n=36 | RMSE=0.0609 | Bias=0.0079 | FracRMSE=0.1113 | FracBias=-0.0437 | NoneBias=0.0245 | FullBias=0.0000
5.19s

=== Bootstrap 846/1000 ===

Chosen filter -> Eg_strong/Eg_weak >= 1.05, data_quantity >= 16 | CV acc=0.9592, CV bin acc=0.9758, n_rows(dedup)=1322 | OOB acc=0.8871, OOB bin acc=0.9587, n_rows_test(dedup)=363 |
OOB cameras: ['bartlett', 'delta_junction', 'kenttarova', 'lacclair', 'sodankyla_full', 'torgnon', 'underc', 'wslcreek']
OOB n=465 | RMSE=0.1610 | Bias=-0.0210 | FracRMSE=0.3204 | FracBias=-0.1096 | NoneBias=0.0157 | FullBias=-0.0148
Aspect split eligible OOB rows (north/south facing fraction threshold = 0.75): 120 / 465
north_dominated OOB n=95 | RMSE=0.2074 | Bias=-0.0515 | FracRMSE=0.3415 | FracBias=-0.1415 | NoneBias=0.0000 | FullBias=-0.0355
south_dominated OOB n=25 | RMSE=0.2410 | Bias=-0.0628 | FracRMSE=0.5389 | FracBias=-0.3140 | NoneBias=0.0000 | FullBias=0.0000
Low-gradient eligible OOB rows (gradient_p84 <= 4.0): 58 / 465
low_gradient_p84 OOB n=58 | RMSE=0.0860 | Bias=-0.0070 | FracRMSE=0.1923 | FracBias=-0.0507 | NoneBias=0.0060 | FullBias=0.0000
6.88s

=== Bootstrap 847/1000 ===

Chosen filter -> Eg_strong/Eg_weak >= 1.18, data_quantity >= 14 | CV acc=0.8969, CV bin acc=0.9915, n_rows(dedup)=1057 | OOB acc=0.9113, OOB bin acc=0.9732, n_rows_test(dedup)=485 |
OOB cameras: ['bartlett', 'glees', 'marcell_MN', 'old_jack_pine', 'oregon_yp', 'underc', 'willowcreek', 'wslcreek']
OOB n=545 | RMSE=0.1756 | Bias=0.0079 | FracRMSE=0.3132 | FracBias=-0.1507 | NoneBias=0.0754 | FullBias=-0.0432
Aspect split eligible OOB rows (north/south facing fraction threshold = 0.75): 47 / 545
north_dominated OOB n=25 | RMSE=0.2358 | Bias=-0.0704 | FracRMSE=0.5272 | FracBias=-0.3521 | NoneBias=0.0000 | FullBias=0.0000
south_dominated OOB n=22 | RMSE=0.1829 | Bias=-0.0433 | FracRMSE=0.8500 | FracBias=-0.8500 | NoneBias=0.0048 | FullBias=-0.0065
Low-gradient eligible OOB rows (gradient_p84 <= 4.0): 141 / 545
low_gradient_p84 OOB n=141 | RMSE=0.1474 | Bias=0.0513 | FracRMSE=0.2647 | FracBias=-0.2084 | NoneBias=0.0937 | FullBias=-0.0654
6.93s

=== Bootstrap 848/1000 ===

Chosen filter -> Eg_strong/Eg_weak >= 1.05, data_quantity >= 14 | CV acc=0.9234, CV bin acc=0.9630, n_rows(dedup)=1109 | OOB acc=0.9084, OOB bin acc=0.9730, n_rows_test(dedup)=371 |
OOB cameras: ['bartlett', 'delta_junction', 'glees', 'lacclair', 'old_jack_pine', 'tammela', 'underhill', 'wslcreek']
OOB n=462 | RMSE=0.1828 | Bias=-0.0143 | FracRMSE=0.4018 | FracBias=-0.0881 | NoneBias=0.0111 | FullBias=-0.0135
Aspect split eligible OOB rows (north/south facing fraction threshold = 0.75): 93 / 462
north_dominated OOB n=65 | RMSE=0.2905 | Bias=-0.0768 | FracRMSE=0.4668 | FracBias=-0.1870 | NoneBias=0.0000 | FullBias=-0.0606
south_dominated OOB n=28 | RMSE=0.2272 | Bias=-0.0607 | FracRMSE=0.8500 | FracBias=-0.8500 | NoneBias=0.0000 | FullBias=0.0000
Low-gradient eligible OOB rows (gradient_p84 <= 4.0): 64 / 462
low_gradient_p84 OOB n=64 | RMSE=0.1366 | Bias=-0.0078 | FracRMSE=0.2921 | FracBias=-0.0356 | NoneBias=0.0000 | FullBias=0.0000
5.64s

=== Bootstrap 849/1000 ===

Chosen filter -> Eg_strong/Eg_weak >= 1.14, data_quantity >= 16 | CV acc=0.9160, CV bin acc=0.9775, n_rows(dedup)=1024 | OOB acc=0.9079, OOB bin acc=0.9587, n_rows_test(dedup)=315 |
OOB cameras: ['bartlett', 'hyytiala', 'lacclair', 'sodankyla_full', 'underhill', 'varrio']
OOB n=358 | RMSE=0.1420 | Bias=-0.0251 | FracRMSE=0.4478 | FracBias=-0.3557 | NoneBias=0.0100 | FullBias=-0.0300
Aspect split eligible OOB rows (north/south facing fraction threshold = 0.75): 49 / 358
north_dominated OOB n=38 | RMSE=0.2898 | Bias=-0.1025 | FracRMSE=0.7303 | FracBias=-0.7225 | NoneBias=0.0032 | FullBias=-0.0769
south_dominated OOB n=11 | RMSE=0.2563 | Bias=-0.0778 | FracRMSE=0.8500 | FracBias=-0.8500 | NoneBias=0.0000 | FullBias=-0.0007
Low-gradient eligible OOB rows (gradient_p84 <= 4.0): 28 / 358
low_gradient_p84 OOB n=28 | RMSE=0.0472 | Bias=-0.0020 | FracRMSE=0.2022 | FracBias=-0.2022 | NoneBias=0.0113 | FullBias=0.0000
5.77s

=== Bootstrap 850/1000 ===

Chosen filter -> Eg_strong/Eg_weak >= 1.18, data_quantity >= 16 | CV acc=0.9181, CV bin acc=0.9760, n_rows(dedup)=916 | OOB acc=0.9340, OOB bin acc=0.9717, n_rows_test(dedup)=212 |
OOB cameras: ['glees', 'hyytiala', 'lacclair', 'queens', 'tammela']
OOB n=241 | RMSE=0.0784 | Bias=-0.0136 | FracRMSE=0.2103 | FracBias=-0.1734 | NoneBias=0.0065 | FullBias=-0.0310
Aspect split eligible OOB rows (north/south facing fraction threshold = 0.75): 18 / 241
north_dominated OOB n=2 | RMSE=0.0000 | Bias=0.0000 | FracRMSE=nan | FracBias=nan | NoneBias=nan | FullBias=0.0000
south_dominated OOB n=16 | RMSE=0.0000 | Bias=0.0000 | FracRMSE=nan | FracBias=nan | NoneBias=0.0000 | FullBias=0.0000
Low-gradient eligible OOB rows (gradient_p84 <= 4.0): 0 / 241
low_gradient_p84 OOB n=0 | RMSE=nan | Bias=nan | FracRMSE=nan | FracBias=nan | NoneBias=nan | FullBias=nan
5.63s

=== Bootstrap 851/1000 ===

Chosen filter -> Eg_strong/Eg_weak >= 1.18, data_quantity >= 16 | CV acc=0.8761, CV bin acc=0.9800, n_rows(dedup)=952 | OOB acc=0.9669, OOB bin acc=0.9917, n_rows_test(dedup)=483 |
OOB cameras: ['glees', 'hyytiala', 'marcell_MN', 'oregon_yp', 'tammela', 'torgnon', 'varrio', 'wslcreek']
OOB n=511 | RMSE=0.1002 | Bias=0.0150 | FracRMSE=0.2323 | FracBias=-0.1545 | NoneBias=0.0503 | FullBias=-0.0246
Aspect split eligible OOB rows (north/south facing fraction threshold = 0.75): 57 / 511
north_dominated OOB n=39 | RMSE=0.0476 | Bias=0.0071 | FracRMSE=0.2102 | FracBias=0.1383 | NoneBias=0.0000 | FullBias=0.0000
south_dominated OOB n=18 | RMSE=0.0306 | Bias=0.0102 | FracRMSE=nan | FracBias=nan | NoneBias=0.0611 | FullBias=0.0000
Low-gradient eligible OOB rows (gradient_p84 <= 4.0): 98 / 511
low_gradient_p84 OOB n=98 | RMSE=0.1461 | Bias=0.0790 | FracRMSE=0.2436 | FracBias=-0.2148 | NoneBias=0.1051 | FullBias=nan
5.94s

=== Bootstrap 852/1000 ===

Chosen filter -> Eg_strong/Eg_weak >= 1.20, data_quantity >= 14 | CV acc=0.9426, CV bin acc=0.9781, n_rows(dedup)=958 | OOB acc=0.9395, OOB bin acc=0.9952, n_rows_test(dedup)=413 |
OOB cameras: ['delta_junction', 'glees', 'kenttarova', 'marcell_MN', 'queens', 'sodankyla_full', 'tammela']
OOB n=464 | RMSE=0.0934 | Bias=-0.0021 | FracRMSE=0.2558 | FracBias=-0.0227 | NoneBias=0.0063 | FullBias=-0.0048
Aspect split eligible OOB rows (north/south facing fraction threshold = 0.75): 94 / 464
north_dominated OOB n=65 | RMSE=0.1287 | Bias=-0.0236 | FracRMSE=0.2446 | FracBias=-0.0851 | NoneBias=0.0000 | FullBias=0.0000
south_dominated OOB n=29 | RMSE=0.0118 | Bias=0.0030 | FracRMSE=0.0366 | FracBias=0.0292 | NoneBias=0.0000 | FullBias=0.0000
Low-gradient eligible OOB rows (gradient_p84 <= 4.0): 60 / 464
low_gradient_p84 OOB n=60 | RMSE=0.0859 | Bias=-0.0106 | FracRMSE=0.1924 | FracBias=-0.0748 | NoneBias=0.0075 | FullBias=0.0000
5.42s

=== Bootstrap 853/1000 ===

Chosen filter -> Eg_strong/Eg_weak >= 1.05, data_quantity >= 16 | CV acc=0.8666, CV bin acc=0.9632, n_rows(dedup)=952 | OOB acc=0.9524, OOB bin acc=0.9810, n_rows_test(dedup)=420 |
OOB cameras: ['bartlett', 'lacclair', 'marcell_MN', 'old_jack_pine', 'oregon_yp', 'tammela', 'wslcreek']
OOB n=498 | RMSE=0.1489 | Bias=0.0026 | FracRMSE=0.3269 | FracBias=-0.1821 | NoneBias=0.0560 | FullBias=-0.0290
Aspect split eligible OOB rows (north/south facing fraction threshold = 0.75): 41 / 498
north_dominated OOB n=30 | RMSE=0.2703 | Bias=-0.0967 | FracRMSE=0.4761 | FracBias=-0.2932 | NoneBias=0.0000 | FullBias=-0.0652
south_dominated OOB n=11 | RMSE=0.3638 | Bias=-0.1639 | FracRMSE=0.8500 | FracBias=-0.8500 | NoneBias=0.0000 | FullBias=-0.0128
Low-gradient eligible OOB rows (gradient_p84 <= 4.0): 137 / 498
low_gradient_p84 OOB n=137 | RMSE=0.1463 | Bias=0.0565 | FracRMSE=0.2650 | FracBias=-0.2140 | NoneBias=0.0955 | FullBias=-0.0309
5.48s

=== Bootstrap 854/1000 ===

Chosen filter -> Eg_strong/Eg_weak >= 1.05, data_quantity >= 13 | CV acc=0.8767, CV bin acc=0.9922, n_rows(dedup)=900 | OOB acc=0.9272, OOB bin acc=0.9693, n_rows_test(dedup)=522 |
OOB cameras: ['glees', 'hyytiala', 'old_jack_pine', 'oregon_yp', 'underc', 'underhill', 'willowcreek']
OOB n=573 | RMSE=0.1897 | Bias=0.0506 | FracRMSE=0.2287 | FracBias=-0.0667 | NoneBias=0.1114 | FullBias=-0.0664
Aspect split eligible OOB rows (north/south facing fraction threshold = 0.75): 20 / 573
north_dominated OOB n=4 | RMSE=0.2141 | Bias=0.1258 | FracRMSE=nan | FracBias=nan | NoneBias=0.2515 | FullBias=0.0000
south_dominated OOB n=16 | RMSE=0.0767 | Bias=0.0313 | FracRMSE=nan | FracBias=nan | NoneBias=0.1252 | FullBias=0.0000
Low-gradient eligible OOB rows (gradient_p84 <= 4.0): 144 / 573
low_gradient_p84 OOB n=144 | RMSE=0.1687 | Bias=0.0808 | FracRMSE=0.2398 | FracBias=-0.1839 | NoneBias=0.1262 | FullBias=-0.0735
5.69s

=== Bootstrap 855/1000 ===

Chosen filter -> Eg_strong/Eg_weak >= 1.18, data_quantity >= 13 | CV acc=0.9526, CV bin acc=0.9778, n_rows(dedup)=991 | OOB acc=0.8656, OOB bin acc=0.9644, n_rows_test(dedup)=253 |
OOB cameras: ['glees', 'hyytiala', 'tammela', 'torgnon', 'underc']
OOB n=267 | RMSE=0.1214 | Bias=0.0104 | FracRMSE=0.2713 | FracBias=-0.0121 | NoneBias=0.0331 | FullBias=-0.0212
Aspect split eligible OOB rows (north/south facing fraction threshold = 0.75): 17 / 267
north_dominated OOB n=0 | RMSE=nan | Bias=nan | FracRMSE=nan | FracBias=nan | NoneBias=nan | FullBias=nan
south_dominated OOB n=17 | RMSE=0.0739 | Bias=-0.0067 | FracRMSE=0.2792 | FracBias=-0.2792 | NoneBias=0.0553 | FullBias=0.0000
Low-gradient eligible OOB rows (gradient_p84 <= 4.0): 0 / 267
low_gradient_p84 OOB n=0 | RMSE=nan | Bias=nan | FracRMSE=nan | FracBias=nan | NoneBias=nan | FullBias=nan
5.61s

=== Bootstrap 856/1000 ===

Chosen filter -> Eg_strong/Eg_weak >= 1.06, data_quantity >= 16 | CV acc=0.9327, CV bin acc=0.9664, n_rows(dedup)=892 | OOB acc=0.9367, OOB bin acc=0.9849, n_rows_test(dedup)=332 |
OOB cameras: ['kenttarova', 'lacclair', 'oregon_yp', 'underc', 'underhill', 'varrio']
OOB n=415 | RMSE=0.1385 | Bias=0.0275 | FracRMSE=0.2128 | FracBias=-0.0758 | NoneBias=0.0768 | FullBias=-0.0042
Aspect split eligible OOB rows (north/south facing fraction threshold = 0.75): 69 / 415
north_dominated OOB n=52 | RMSE=0.0369 | Bias=0.0107 | FracRMSE=0.0400 | FracBias=0.0314 | NoneBias=0.0224 | FullBias=0.0000
south_dominated OOB n=17 | RMSE=0.0207 | Bias=0.0076 | FracRMSE=0.0493 | FracBias=0.0433 | NoneBias=0.0000 | FullBias=0.0000
Low-gradient eligible OOB rows (gradient_p84 <= 4.0): 106 / 415
low_gradient_p84 OOB n=106 | RMSE=0.1560 | Bias=0.0755 | FracRMSE=0.2401 | FracBias=-0.1633 | NoneBias=0.1025 | FullBias=0.0000
5.14s

=== Bootstrap 857/1000 ===

Chosen filter -> Eg_strong/Eg_weak >= 1.09, data_quantity >= 16 | CV acc=0.9049, CV bin acc=0.9683, n_rows(dedup)=757 | OOB acc=0.9830, OOB bin acc=0.9915, n_rows_test(dedup)=470 |
OOB cameras: ['hyytiala', 'old_jack_pine', 'oregon_yp', 'sodankyla_full', 'torgnon', 'underhill']
OOB n=507 | RMSE=0.1359 | Bias=0.0386 | FracRMSE=0.2499 | FracBias=-0.0840 | NoneBias=0.0690 | FullBias=-0.0121
Aspect split eligible OOB rows (north/south facing fraction threshold = 0.75): 11 / 507
north_dominated OOB n=9 | RMSE=0.1249 | Bias=0.0481 | FracRMSE=nan | FracBias=nan | NoneBias=0.0721 | FullBias=0.0000
south_dominated OOB n=2 | RMSE=0.0000 | Bias=0.0000 | FracRMSE=nan | FracBias=nan | NoneBias=0.0000 | FullBias=0.0000
Low-gradient eligible OOB rows (gradient_p84 <= 4.0): 164 / 507
low_gradient_p84 OOB n=164 | RMSE=0.1548 | Bias=0.0730 | FracRMSE=0.2312 | FracBias=-0.1605 | NoneBias=0.1137 | FullBias=-0.0027
5.0s

=== Bootstrap 858/1000 ===

Chosen filter -> Eg_strong/Eg_weak >= 1.11, data_quantity >= 17 | CV acc=0.9052, CV bin acc=0.9876, n_rows(dedup)=886 | OOB acc=0.9397, OOB bin acc=0.9429, n_rows_test(dedup)=315 |
OOB cameras: ['bartlett', 'hyytiala', 'marcell_MN', 'old_jack_pine', 'willowcreek']
OOB n=341 | RMSE=0.2024 | Bias=-0.0401 | FracRMSE=0.4039 | FracBias=-0.2403 | NoneBias=0.0287 | FullBias=-0.1196
Aspect split eligible OOB rows (north/south facing fraction threshold = 0.75): 13 / 341
north_dominated OOB n=8 | RMSE=0.5397 | Bias=-0.4189 | FracRMSE=0.6269 | FracBias=-0.6202 | NoneBias=0.0000 | FullBias=-0.3727
south_dominated OOB n=5 | RMSE=0.3881 | Bias=-0.2051 | FracRMSE=0.8500 | FracBias=-0.8500 | NoneBias=nan | FullBias=-0.0438
Low-gradient eligible OOB rows (gradient_p84 <= 4.0): 41 / 341
low_gradient_p84 OOB n=41 | RMSE=0.1723 | Bias=-0.0528 | FracRMSE=0.3786 | FracBias=-0.2981 | NoneBias=0.0196 | FullBias=-0.1182
5.66s

=== Bootstrap 859/1000 ===

Chosen filter -> Eg_strong/Eg_weak >= 1.05, data_quantity >= 17 | CV acc=0.9370, CV bin acc=0.9782, n_rows(dedup)=1190 | OOB acc=0.9036, OOB bin acc=0.9614, n_rows_test(dedup)=415 |
OOB cameras: ['bartlett', 'kenttarova', 'lacclair', 'marcell_MN', 'sodankyla_full', 'tammela', 'underc', 'willowcreek']
OOB n=486 | RMSE=0.1712 | Bias=-0.0177 | FracRMSE=0.3384 | FracBias=-0.1693 | NoneBias=0.0302 | FullBias=-0.0303
Aspect split eligible OOB rows (north/south facing fraction threshold = 0.75): 64 / 486
north_dominated OOB n=42 | RMSE=0.2621 | Bias=-0.0830 | FracRMSE=0.4074 | FracBias=-0.2066 | NoneBias=0.0000 | FullBias=-0.0774
south_dominated OOB n=22 | RMSE=0.2566 | Bias=-0.0741 | FracRMSE=0.6018 | FracBias=-0.4075 | NoneBias=0.0000 | FullBias=0.0000
Low-gradient eligible OOB rows (gradient_p84 <= 4.0): 39 / 486
low_gradient_p84 OOB n=39 | RMSE=0.0748 | Bias=-0.0053 | FracRMSE=0.1095 | FracBias=-0.0414 | NoneBias=0.0191 | FullBias=-0.0270
6.18s

=== Bootstrap 860/1000 ===

Chosen filter -> Eg_strong/Eg_weak >= 1.09, data_quantity >= 16 | CV acc=0.9100, CV bin acc=0.9539, n_rows(dedup)=889 | OOB acc=0.9006, OOB bin acc=0.9945, n_rows_test(dedup)=362 |
OOB cameras: ['delta_junction', 'kenttarova', 'lacclair', 'old_jack_pine', 'sodankyla_full', 'torgnon']
OOB n=459 | RMSE=0.1263 | Bias=0.0050 | FracRMSE=0.2751 | FracBias=0.0021 | NoneBias=0.0131 | FullBias=-0.0018
Aspect split eligible OOB rows (north/south facing fraction threshold = 0.75): 84 / 459
north_dominated OOB n=68 | RMSE=0.1401 | Bias=-0.0104 | FracRMSE=0.2722 | FracBias=-0.0393 | NoneBias=0.0000 | FullBias=0.0000
south_dominated OOB n=16 | RMSE=0.0214 | Bias=0.0081 | FracRMSE=0.0493 | FracBias=0.0433 | NoneBias=0.0000 | FullBias=0.0000
Low-gradient eligible OOB rows (gradient_p84 <= 4.0): 96 / 459
low_gradient_p84 OOB n=96 | RMSE=0.1073 | Bias=-0.0040 | FracRMSE=0.2458 | FracBias=-0.0443 | NoneBias=0.0076 | FullBias=0.0000
5.2s

=== Bootstrap 861/1000 ===

Chosen filter -> Eg_strong/Eg_weak >= 1.05, data_quantity >= 9 | CV acc=0.9529, CV bin acc=0.9840, n_rows(dedup)=1316 | OOB acc=0.8694, OOB bin acc=0.9510, n_rows_test(dedup)=245 |
OOB cameras: ['lacclair', 'tammela', 'torgnon', 'underc', 'willowcreek', 'wslcreek']
OOB n=297 | RMSE=0.1899 | Bias=0.0105 | FracRMSE=0.2695 | FracBias=0.0116 | NoneBias=0.0659 | FullBias=-0.0335
Aspect split eligible OOB rows (north/south facing fraction threshold = 0.75): 29 / 297
north_dominated OOB n=22 | RMSE=0.0968 | Bias=0.0197 | FracRMSE=0.3209 | FracBias=0.2167 | NoneBias=nan | FullBias=0.0000
south_dominated OOB n=7 | RMSE=0.0672 | Bias=-0.0254 | FracRMSE=0.1778 | FracBias=-0.1778 | NoneBias=nan | FullBias=0.0000
Low-gradient eligible OOB rows (gradient_p84 <= 4.0): 4 / 297
low_gradient_p84 OOB n=4 | RMSE=0.3327 | Bias=0.0111 | FracRMSE=nan | FracBias=nan | NoneBias=0.2764 | FullBias=-0.2542
6.19s

=== Bootstrap 862/1000 ===

Chosen filter -> Eg_strong/Eg_weak >= 1.05, data_quantity >= 16 | CV acc=0.9360, CV bin acc=0.9853, n_rows(dedup)=953 | OOB acc=0.9103, OOB bin acc=0.9784, n_rows_test(dedup)=602 |
OOB cameras: ['delta_junction', 'glees', 'hyytiala', 'marcell_MN', 'oregon_yp', 'underc', 'varrio', 'willowcreek', 'wslcreek']
OOB n=674 | RMSE=0.1487 | Bias=0.0227 | FracRMSE=0.2730 | FracBias=-0.0277 | NoneBias=0.0581 | FullBias=-0.0182
Aspect split eligible OOB rows (north/south facing fraction threshold = 0.75): 89 / 674
north_dominated OOB n=72 | RMSE=0.1197 | Bias=-0.0047 | FracRMSE=0.2794 | FracBias=-0.0356 | NoneBias=0.0063 | FullBias=0.0000
south_dominated OOB n=17 | RMSE=0.0287 | Bias=0.0098 | FracRMSE=nan | FracBias=nan | NoneBias=0.0556 | FullBias=0.0000
Low-gradient eligible OOB rows (gradient_p84 <= 4.0): 124 / 674
low_gradient_p84 OOB n=124 | RMSE=0.1489 | Bias=0.0487 | FracRMSE=0.2281 | FracBias=-0.1178 | NoneBias=0.0848 | FullBias=-0.0686
6.06s

=== Bootstrap 863/1000 ===

Chosen filter -> Eg_strong/Eg_weak >= 1.05, data_quantity >= 13 | CV acc=0.9215, CV bin acc=0.9680, n_rows(dedup)=1095 | OOB acc=0.9255, OOB bin acc=0.9725, n_rows_test(dedup)=255 |
OOB cameras: ['bartlett', 'marcell_MN', 'sodankyla_full', 'torgnon', 'underhill', 'wslcreek']
OOB n=272 | RMSE=0.1711 | Bias=-0.0184 | FracRMSE=0.4792 | FracBias=-0.3228 | NoneBias=0.0371 | FullBias=-0.0194
Aspect split eligible OOB rows (north/south facing fraction threshold = 0.75): 51 / 272
north_dominated OOB n=37 | RMSE=0.2693 | Bias=-0.0863 | FracRMSE=0.5137 | FracBias=-0.3516 | NoneBias=0.0418 | FullBias=-0.0574
south_dominated OOB n=14 | RMSE=0.3395 | Bias=-0.1508 | FracRMSE=0.7335 | FracBias=-0.7037 | NoneBias=0.0000 | FullBias=0.0000
Low-gradient eligible OOB rows (gradient_p84 <= 4.0): 29 / 272
low_gradient_p84 OOB n=29 | RMSE=0.0548 | Bias=0.0064 | FracRMSE=0.1440 | FracBias=-0.1440 | NoneBias=0.0254 | FullBias=0.0000
5.39s

=== Bootstrap 864/1000 ===

Chosen filter -> Eg_strong/Eg_weak >= 1.18, data_quantity >= 10 | CV acc=0.9368, CV bin acc=0.9895, n_rows(dedup)=1139 | OOB acc=0.8731, OOB bin acc=0.9440, n_rows_test(dedup)=268 |
OOB cameras: ['hyytiala', 'lacclair', 'marcell_MN', 'queens', 'underc', 'willowcreek']
OOB n=317 | RMSE=0.1747 | Bias=-0.0121 | FracRMSE=0.2504 | FracBias=-0.0980 | NoneBias=0.0473 | FullBias=-0.0614
Aspect split eligible OOB rows (north/south facing fraction threshold = 0.75): 5 / 317
north_dominated OOB n=2 | RMSE=0.0000 | Bias=0.0000 | FracRMSE=nan | FracBias=nan | NoneBias=nan | FullBias=0.0000
south_dominated OOB n=3 | RMSE=0.0000 | Bias=0.0000 | FracRMSE=nan | FracBias=nan | NoneBias=nan | FullBias=0.0000
Low-gradient eligible OOB rows (gradient_p84 <= 4.0): 4 / 317
low_gradient_p84 OOB n=4 | RMSE=0.2950 | Bias=-0.0740 | FracRMSE=nan | FracBias=nan | NoneBias=0.1789 | FullBias=-0.3270
6.01s

=== Bootstrap 865/1000 ===

Chosen filter -> Eg_strong/Eg_weak >= 1.06, data_quantity >= 10 | CV acc=0.9214, CV bin acc=0.9603, n_rows(dedup)=1107 | OOB acc=0.8962, OOB bin acc=0.9623, n_rows_test(dedup)=318 |
OOB cameras: ['bartlett', 'marcell_MN', 'old_jack_pine', 'tammela', 'torgnon', 'underc']
OOB n=365 | RMSE=0.2052 | Bias=-0.0278 | FracRMSE=0.4267 | FracBias=-0.1678 | NoneBias=0.0173 | FullBias=-0.0378
Aspect split eligible OOB rows (north/south facing fraction threshold = 0.75): 21 / 365
north_dominated OOB n=10 | RMSE=0.6412 | Bias=-0.4910 | FracRMSE=0.7788 | FracBias=-0.7706 | NoneBias=0.0000 | FullBias=-0.4569
south_dominated OOB n=11 | RMSE=0.3766 | Bias=-0.1854 | FracRMSE=0.7212 | FracBias=-0.6798 | NoneBias=0.0000 | FullBias=0.0000
Low-gradient eligible OOB rows (gradient_p84 <= 4.0): 41 / 365
low_gradient_p84 OOB n=41 | RMSE=0.1231 | Bias=-0.0227 | FracRMSE=0.3217 | FracBias=-0.1554 | NoneBias=0.0000 | FullBias=0.0000
5.59s

=== Bootstrap 866/1000 ===

Chosen filter -> Eg_strong/Eg_weak >= 1.05, data_quantity >= 10 | CV acc=0.9214, CV bin acc=0.9894, n_rows(dedup)=1222 | OOB acc=0.8650, OOB bin acc=0.9264, n_rows_test(dedup)=163 |
OOB cameras: ['bartlett', 'glees', 'queens', 'underhill', 'willowcreek']
OOB n=171 | RMSE=0.2693 | Bias=-0.0133 | FracRMSE=0.6324 | FracBias=-0.5718 | NoneBias=0.1146 | FullBias=-0.0736
Aspect split eligible OOB rows (north/south facing fraction threshold = 0.75): 41 / 171
north_dominated OOB n=14 | RMSE=0.4245 | Bias=-0.2461 | FracRMSE=0.5989 | FracBias=-0.5912 | NoneBias=0.0744 | FullBias=-0.2297
south_dominated OOB n=27 | RMSE=0.2341 | Bias=-0.0656 | FracRMSE=0.8500 | FracBias=-0.8500 | NoneBias=0.0277 | FullBias=-0.0104
Low-gradient eligible OOB rows (gradient_p84 <= 4.0): 4 / 171
low_gradient_p84 OOB n=4 | RMSE=0.2793 | Bias=-0.0725 | FracRMSE=nan | FracBias=nan | NoneBias=0.1669 | FullBias=-0.3119
6.11s

=== Bootstrap 867/1000 ===

Chosen filter -> Eg_strong/Eg_weak >= 1.27, data_quantity >= 13 | CV acc=0.9260, CV bin acc=0.9798, n_rows(dedup)=1041 | OOB acc=0.9278, OOB bin acc=0.9828, n_rows_test(dedup)=291 |
OOB cameras: ['delta_junction', 'glees', 'hyytiala', 'lacclair', 'queens', 'tammela', 'underhill']
OOB n=349 | RMSE=0.1258 | Bias=0.0079 | FracRMSE=0.2978 | FracBias=-0.0124 | NoneBias=0.0253 | FullBias=-0.0084
Aspect split eligible OOB rows (north/south facing fraction threshold = 0.75): 57 / 349
north_dominated OOB n=38 | RMSE=0.1840 | Bias=-0.0264 | FracRMSE=0.2987 | FracBias=-0.1432 | NoneBias=0.0409 | FullBias=0.0000
south_dominated OOB n=19 | RMSE=0.0420 | Bias=0.0131 | FracRMSE=nan | FracBias=nan | NoneBias=0.0623 | FullBias=0.0000
Low-gradient eligible OOB rows (gradient_p84 <= 4.0): 23 / 349
low_gradient_p84 OOB n=23 | RMSE=0.1246 | Bias=-0.0287 | FracRMSE=0.2114 | FracBias=-0.0825 | NoneBias=0.0000 | FullBias=0.0000
5.73s

=== Bootstrap 868/1000 ===

Chosen filter -> Eg_strong/Eg_weak >= 1.06, data_quantity >= 16 | CV acc=0.9533, CV bin acc=0.9831, n_rows(dedup)=1007 | OOB acc=0.8943, OOB bin acc=0.9692, n_rows_test(dedup)=227 |
OOB cameras: ['marcell_MN', 'torgnon', 'underc', 'varrio', 'willowcreek']
OOB n=250 | RMSE=0.1812 | Bias=0.0161 | FracRMSE=0.2791 | FracBias=-0.0229 | NoneBias=0.0743 | FullBias=-0.0206
Aspect split eligible OOB rows (north/south facing fraction threshold = 0.75): 24 / 250
north_dominated OOB n=20 | RMSE=0.0000 | Bias=0.0000 | FracRMSE=nan | FracBias=nan | NoneBias=0.0000 | FullBias=0.0000
south_dominated OOB n=4 | RMSE=0.0000 | Bias=0.0000 | FracRMSE=nan | FracBias=nan | NoneBias=nan | FullBias=0.0000
Low-gradient eligible OOB rows (gradient_p84 <= 4.0): 4 / 250
low_gradient_p84 OOB n=4 | RMSE=0.2984 | Bias=0.0101 | FracRMSE=nan | FracBias=nan | NoneBias=0.2469 | FullBias=-0.2266
5.56s

=== Bootstrap 869/1000 ===

Chosen filter -> Eg_strong/Eg_weak >= 1.18, data_quantity >= 16 | CV acc=0.9180, CV bin acc=0.9856, n_rows(dedup)=902 | OOB acc=0.9524, OOB bin acc=0.9626, n_rows_test(dedup)=294 |
OOB cameras: ['hyytiala', 'kenttarova', 'lacclair', 'tammela', 'willowcreek', 'wslcreek']
OOB n=343 | RMSE=0.1412 | Bias=0.0007 | FracRMSE=0.1350 | FracBias=0.0113 | NoneBias=0.0342 | FullBias=-0.0434
Aspect split eligible OOB rows (north/south facing fraction threshold = 0.75): 62 / 343
north_dominated OOB n=47 | RMSE=0.0528 | Bias=0.0130 | FracRMSE=0.1184 | FracBias=0.0598 | NoneBias=0.0101 | FullBias=0.0000
south_dominated OOB n=15 | RMSE=0.0178 | Bias=0.0025 | FracRMSE=0.0398 | FracBias=0.0126 | NoneBias=0.0000 | FullBias=0.0000
Low-gradient eligible OOB rows (gradient_p84 <= 4.0): 12 / 343
low_gradient_p84 OOB n=12 | RMSE=0.1787 | Bias=-0.0207 | FracRMSE=0.0482 | FracBias=0.0138 | NoneBias=0.0648 | FullBias=-0.1663
5.53s

=== Bootstrap 870/1000 ===

Chosen filter -> Eg_strong/Eg_weak >= 1.05, data_quantity >= 17 | CV acc=0.9021, CV bin acc=0.9800, n_rows(dedup)=899 | OOB acc=0.9566, OOB bin acc=0.9876, n_rows_test(dedup)=484 |
OOB cameras: ['delta_junction', 'marcell_MN', 'oregon_yp', 'sodankyla_full', 'varrio', 'willowcreek']
OOB n=539 | RMSE=0.1427 | Bias=0.0153 | FracRMSE=0.2767 | FracBias=-0.0825 | NoneBias=0.0527 | FullBias=-0.0189
Aspect split eligible OOB rows (north/south facing fraction threshold = 0.75): 63 / 539
north_dominated OOB n=59 | RMSE=0.1193 | Bias=-0.0142 | FracRMSE=0.2740 | FracBias=-0.0870 | NoneBias=0.0048 | FullBias=0.0000
south_dominated OOB n=4 | RMSE=0.0000 | Bias=0.0000 | FracRMSE=nan | FracBias=nan | NoneBias=0.0000 | FullBias=0.0000
Low-gradient eligible OOB rows (gradient_p84 <= 4.0): 150 / 539
low_gradient_p84 OOB n=150 | RMSE=0.1325 | Bias=0.0370 | FracRMSE=0.2276 | FracBias=-0.1265 | NoneBias=0.0745 | FullBias=-0.0255
5.21s

=== Bootstrap 871/1000 ===

Chosen filter -> Eg_strong/Eg_weak >= 1.07, data_quantity >= 16 | CV acc=0.9179, CV bin acc=0.9836, n_rows(dedup)=853 | OOB acc=0.9464, OOB bin acc=0.9650, n_rows_test(dedup)=429 |
OOB cameras: ['glees', 'hyytiala', 'old_jack_pine', 'tammela', 'varrio', 'willowcreek']
OOB n=454 | RMSE=0.1448 | Bias=-0.0063 | FracRMSE=0.3262 | FracBias=-0.1506 | NoneBias=0.0288 | FullBias=-0.0457
Aspect split eligible OOB rows (north/south facing fraction threshold = 0.75): 36 / 454
north_dominated OOB n=20 | RMSE=0.0000 | Bias=0.0000 | FracRMSE=nan | FracBias=nan | NoneBias=0.0000 | FullBias=0.0000
south_dominated OOB n=16 | RMSE=0.0250 | Bias=0.0084 | FracRMSE=nan | FracBias=nan | NoneBias=0.0449 | FullBias=0.0000
Low-gradient eligible OOB rows (gradient_p84 <= 4.0): 42 / 454
low_gradient_p84 OOB n=42 | RMSE=0.1826 | Bias=-0.0560 | FracRMSE=0.3864 | FracBias=-0.3013 | NoneBias=0.0189 | FullBias=-0.1035
5.44s

=== Bootstrap 872/1000 ===

Chosen filter -> Eg_strong/Eg_weak >= 1.10, data_quantity >= 16 | CV acc=0.8942, CV bin acc=0.9674, n_rows(dedup)=737 | OOB acc=0.9688, OOB bin acc=0.9875, n_rows_test(dedup)=481 |
OOB cameras: ['hyytiala', 'marcell_MN', 'old_jack_pine', 'sodankyla_full', 'tammela', 'torgnon', 'underhill', 'wslcreek']
OOB n=508 | RMSE=0.1083 | Bias=-0.0034 | FracRMSE=0.3052 | FracBias=-0.1096 | NoneBias=0.0186 | FullBias=-0.0206
Aspect split eligible OOB rows (north/south facing fraction threshold = 0.75): 29 / 508
north_dominated OOB n=26 | RMSE=0.1112 | Bias=0.0300 | FracRMSE=0.2659 | FracBias=0.1778 | NoneBias=0.0849 | FullBias=0.0000
south_dominated OOB n=3 | RMSE=0.0000 | Bias=0.0000 | FracRMSE=nan | FracBias=nan | NoneBias=0.0000 | FullBias=0.0000
Low-gradient eligible OOB rows (gradient_p84 <= 4.0): 66 / 508
low_gradient_p84 OOB n=66 | RMSE=0.1198 | Bias=-0.0226 | FracRMSE=0.3380 | FracBias=-0.2675 | NoneBias=0.0173 | FullBias=-0.0119
4.93s

=== Bootstrap 873/1000 ===

Chosen filter -> Eg_strong/Eg_weak >= 1.05, data_quantity >= 17 | CV acc=0.9440, CV bin acc=0.9635, n_rows(dedup)=768 | OOB acc=0.9141, OOB bin acc=0.9975, n_rows_test(dedup)=396 |
OOB cameras: ['delta_junction', 'sodankyla_full', 'tammela', 'underc', 'varrio', 'wslcreek']
OOB n=450 | RMSE=0.1226 | Bias=0.0111 | FracRMSE=0.3047 | FracBias=0.0369 | NoneBias=0.0185 | FullBias=-0.0015
Aspect split eligible OOB rows (north/south facing fraction threshold = 0.75): 81 / 450
north_dominated OOB n=76 | RMSE=0.1325 | Bias=-0.0088 | FracRMSE=0.3202 | FracBias=-0.0529 | NoneBias=0.0008 | FullBias=0.0000
south_dominated OOB n=5 | RMSE=0.0000 | Bias=0.0000 | FracRMSE=nan | FracBias=nan | NoneBias=0.0000 | FullBias=0.0000
Low-gradient eligible OOB rows (gradient_p84 <= 4.0): 49 / 450
low_gradient_p84 OOB n=49 | RMSE=0.1024 | Bias=0.0019 | FracRMSE=0.2131 | FracBias=-0.0302 | NoneBias=0.0182 | FullBias=0.0000
4.93s

=== Bootstrap 874/1000 ===

Chosen filter -> Eg_strong/Eg_weak >= 1.18, data_quantity >= 16 | CV acc=0.9353, CV bin acc=0.9815, n_rows(dedup)=973 | OOB acc=0.9087, OOB bin acc=0.9726, n_rows_test(dedup)=219 |
OOB cameras: ['glees', 'hyytiala', 'lacclair', 'queens', 'varrio']
OOB n=254 | RMSE=0.0586 | Bias=-0.0095 | FracRMSE=0.2353 | FracBias=-0.2026 | NoneBias=0.0042 | FullBias=-0.0108
Aspect split eligible OOB rows (north/south facing fraction threshold = 0.75): 41 / 254
north_dominated OOB n=22 | RMSE=0.0000 | Bias=0.0000 | FracRMSE=nan | FracBias=nan | NoneBias=0.0000 | FullBias=0.0000
south_dominated OOB n=19 | RMSE=0.0000 | Bias=0.0000 | FracRMSE=nan | FracBias=nan | NoneBias=0.0000 | FullBias=0.0000
Low-gradient eligible OOB rows (gradient_p84 <= 4.0): 0 / 254
low_gradient_p84 OOB n=0 | RMSE=nan | Bias=nan | FracRMSE=nan | FracBias=nan | NoneBias=nan | FullBias=nan
5.9s

=== Bootstrap 875/1000 ===

Chosen filter -> Eg_strong/Eg_weak >= 1.06, data_quantity >= 16 | CV acc=0.9240, CV bin acc=0.9562, n_rows(dedup)=776 | OOB acc=0.9185, OOB bin acc=0.9944, n_rows_test(dedup)=356 |
OOB cameras: ['delta_junction', 'marcell_MN', 'sodankyla_full', 'underc', 'varrio']
OOB n=410 | RMSE=0.1310 | Bias=0.0039 | FracRMSE=0.3208 | FracBias=-0.0195 | NoneBias=0.0178 | FullBias=-0.0014
Aspect split eligible OOB rows (north/south facing fraction threshold = 0.75): 63 / 410
north_dominated OOB n=59 | RMSE=0.1453 | Bias=-0.0205 | FracRMSE=0.3366 | FracBias=-0.1102 | NoneBias=0.0000 | FullBias=0.0000
south_dominated OOB n=4 | RMSE=0.0000 | Bias=0.0000 | FracRMSE=nan | FracBias=nan | NoneBias=0.0000 | FullBias=0.0000
Low-gradient eligible OOB rows (gradient_p84 <= 4.0): 50 / 410
low_gradient_p84 OOB n=50 | RMSE=0.0986 | Bias=-0.0005 | FracRMSE=0.2212 | FracBias=-0.0267 | NoneBias=0.0102 | FullBias=0.0000
5.17s

=== Bootstrap 876/1000 ===

Chosen filter -> Eg_strong/Eg_weak >= 1.11, data_quantity >= 16 | CV acc=0.9260, CV bin acc=0.9795, n_rows(dedup)=1121 | OOB acc=0.9258, OOB bin acc=0.9607, n_rows_test(dedup)=229 |
OOB cameras: ['glees', 'hyytiala', 'kenttarova', 'lacclair', 'queens', 'underhill']
OOB n=276 | RMSE=0.1073 | Bias=-0.0026 | FracRMSE=0.1200 | FracBias=-0.0250 | NoneBias=0.0285 | FullBias=-0.0314
Aspect split eligible OOB rows (north/south facing fraction threshold = 0.75): 59 / 276
north_dominated OOB n=31 | RMSE=0.0608 | Bias=0.0197 | FracRMSE=0.0400 | FracBias=0.0314 | NoneBias=0.0505 | FullBias=-0.0009
south_dominated OOB n=28 | RMSE=0.0279 | Bias=0.0071 | FracRMSE=0.0447 | FracBias=0.0074 | NoneBias=0.0295 | FullBias=0.0000
Low-gradient eligible OOB rows (gradient_p84 <= 4.0): 8 / 276
low_gradient_p84 OOB n=8 | RMSE=0.0271 | Bias=0.0015 | FracRMSE=0.0543 | FracBias=0.0061 | NoneBias=0.0000 | FullBias=0.0000
5.84s

=== Bootstrap 877/1000 ===

Chosen filter -> Eg_strong/Eg_weak >= 1.05, data_quantity >= 17 | CV acc=0.9286, CV bin acc=0.9769, n_rows(dedup)=995 | OOB acc=0.9351, OOB bin acc=0.9870, n_rows_test(dedup)=385 |
OOB cameras: ['bartlett', 'delta_junction', 'marcell_MN', 'old_jack_pine', 'oregon_yp', 'underhill']
OOB n=457 | RMSE=0.1836 | Bias=-0.0158 | FracRMSE=0.3927 | FracBias=-0.1212 | NoneBias=0.0145 | FullBias=-0.0209
Aspect split eligible OOB rows (north/south facing fraction threshold = 0.75): 53 / 457
north_dominated OOB n=45 | RMSE=0.3264 | Bias=-0.1080 | FracRMSE=0.4769 | FracBias=-0.2200 | NoneBias=0.0000 | FullBias=-0.1273
south_dominated OOB n=8 | RMSE=0.4250 | Bias=-0.2125 | FracRMSE=0.8500 | FracBias=-0.8500 | NoneBias=0.0000 | FullBias=0.0000
Low-gradient eligible OOB rows (gradient_p84 <= 4.0): 156 / 457
low_gradient_p84 OOB n=156 | RMSE=0.1169 | Bias=-0.0086 | FracRMSE=0.2979 | FracBias=-0.1381 | NoneBias=0.0128 | FullBias=0.0000
5.64s

=== Bootstrap 878/1000 ===

Chosen filter -> Eg_strong/Eg_weak >= 1.18, data_quantity >= 14 | CV acc=0.9467, CV bin acc=0.9799, n_rows(dedup)=995 | OOB acc=0.9343, OOB bin acc=0.9931, n_rows_test(dedup)=289 |
OOB cameras: ['oregon_yp', 'tammela', 'torgnon', 'underc', 'wslcreek']
OOB n=322 | RMSE=0.1358 | Bias=0.0189 | FracRMSE=0.2712 | FracBias=-0.1204 | NoneBias=0.0532 | FullBias=-0.0093
Aspect split eligible OOB rows (north/south facing fraction threshold = 0.75): 23 / 322
north_dominated OOB n=19 | RMSE=0.0687 | Bias=0.0147 | FracRMSE=0.2118 | FracBias=0.1395 | NoneBias=0.0000 | FullBias=0.0000
south_dominated OOB n=4 | RMSE=0.1517 | Bias=-0.0759 | FracRMSE=0.3035 | FracBias=-0.3035 | NoneBias=nan | FullBias=0.0000
Low-gradient eligible OOB rows (gradient_p84 <= 4.0): 98 / 322
low_gradient_p84 OOB n=98 | RMSE=0.1431 | Bias=0.0483 | FracRMSE=0.2929 | FracBias=-0.2487 | NoneBias=0.0747 | FullBias=nan
5.68s

=== Bootstrap 879/1000 ===

Chosen filter -> Eg_strong/Eg_weak >= 1.05, data_quantity >= 16 | CV acc=0.9053, CV bin acc=0.9599, n_rows(dedup)=972 | OOB acc=0.9727, OOB bin acc=0.9874, n_rows_test(dedup)=476 |
OOB cameras: ['bartlett', 'kenttarova', 'marcell_MN', 'oregon_yp', 'queens', 'sodankyla_full', 'tammela', 'underhill']
OOB n=521 | RMSE=0.1401 | Bias=0.0111 | FracRMSE=0.3032 | FracBias=-0.1581 | NoneBias=0.0527 | FullBias=-0.0205
Aspect split eligible OOB rows (north/south facing fraction threshold = 0.75): 67 / 521
north_dominated OOB n=45 | RMSE=0.2389 | Bias=-0.0651 | FracRMSE=0.3524 | FracBias=-0.1664 | NoneBias=0.0215 | FullBias=-0.0794
south_dominated OOB n=22 | RMSE=0.2569 | Bias=-0.0714 | FracRMSE=0.5389 | FracBias=-0.3140 | NoneBias=0.0000 | FullBias=0.0000
Low-gradient eligible OOB rows (gradient_p84 <= 4.0): 134 / 521
low_gradient_p84 OOB n=134 | RMSE=0.1432 | Bias=0.0709 | FracRMSE=0.2170 | FracBias=-0.1487 | NoneBias=0.1041 | FullBias=0.0000
5.22s

=== Bootstrap 880/1000 ===

Chosen filter -> Eg_strong/Eg_weak >= 1.05, data_quantity >= 13 | CV acc=0.9232, CV bin acc=0.9721, n_rows(dedup)=1328 | OOB acc=0.8813, OOB bin acc=0.9621, n_rows_test(dedup)=396 |
OOB cameras: ['bartlett', 'glees', 'marcell_MN', 'old_jack_pine', 'tammela', 'torgnon', 'underc', 'wslcreek']
OOB n=445 | RMSE=0.1831 | Bias=-0.0286 | FracRMSE=0.4082 | FracBias=-0.1941 | NoneBias=0.0168 | FullBias=-0.0314
Aspect split eligible OOB rows (north/south facing fraction threshold = 0.75): 55 / 445
north_dominated OOB n=28 | RMSE=0.3655 | Bias=-0.1594 | FracRMSE=0.6151 | FracBias=-0.4630 | NoneBias=0.0000 | FullBias=-0.0843
south_dominated OOB n=27 | RMSE=0.2498 | Bias=-0.0811 | FracRMSE=0.7493 | FracBias=-0.7298 | NoneBias=0.0000 | FullBias=0.0000
Low-gradient eligible OOB rows (gradient_p84 <= 4.0): 41 / 445
low_gradient_p84 OOB n=41 | RMSE=0.1351 | Bias=-0.0318 | FracRMSE=0.3530 | FracBias=-0.2173 | NoneBias=0.0000 | FullBias=0.0000
6.84s

=== Bootstrap 881/1000 ===

Chosen filter -> Eg_strong/Eg_weak >= 1.20, data_quantity >= 9 | CV acc=0.9501, CV bin acc=0.9756, n_rows(dedup)=1023 | OOB acc=0.8614, OOB bin acc=0.9738, n_rows_test(dedup)=267 |
OOB cameras: ['glees', 'marcell_MN', 'old_jack_pine', 'underc']
OOB n=305 | RMSE=0.1491 | Bias=0.0031 | FracRMSE=0.3129 | FracBias=-0.0462 | NoneBias=0.0292 | FullBias=-0.0066
Aspect split eligible OOB rows (north/south facing fraction threshold = 0.75): 18 / 305
north_dominated OOB n=1 | RMSE=0.0000 | Bias=0.0000 | FracRMSE=nan | FracBias=nan | NoneBias=0.0000 | FullBias=nan
south_dominated OOB n=17 | RMSE=0.0000 | Bias=0.0000 | FracRMSE=nan | FracBias=nan | NoneBias=0.0000 | FullBias=0.0000
Low-gradient eligible OOB rows (gradient_p84 <= 4.0): 40 / 305
low_gradient_p84 OOB n=40 | RMSE=0.1209 | Bias=-0.0242 | FracRMSE=0.3122 | FracBias=-0.1611 | NoneBias=0.0000 | FullBias=0.0000
5.59s

=== Bootstrap 882/1000 ===

Chosen filter -> Eg_strong/Eg_weak >= 1.05, data_quantity >= 17 | CV acc=0.9238, CV bin acc=0.9766, n_rows(dedup)=1155 | OOB acc=0.9380, OOB bin acc=0.9860, n_rows_test(dedup)=500 |
OOB cameras: ['bartlett', 'delta_junction', 'kenttarova', 'oregon_yp', 'tammela', 'underc', 'underhill', 'varrio', 'wslcreek']
OOB n=589 | RMSE=0.1742 | Bias=-0.0107 | FracRMSE=0.3794 | FracBias=-0.0994 | NoneBias=0.0163 | FullBias=-0.0142
Aspect split eligible OOB rows (north/south facing fraction threshold = 0.75): 130 / 589
north_dominated OOB n=107 | RMSE=0.2372 | Bias=-0.0411 | FracRMSE=0.4275 | FracBias=-0.1088 | NoneBias=0.0000 | FullBias=-0.0357
south_dominated OOB n=23 | RMSE=0.2510 | Bias=-0.0709 | FracRMSE=0.6018 | FracBias=-0.4075 | NoneBias=0.0000 | FullBias=0.0000
Low-gradient eligible OOB rows (gradient_p84 <= 4.0): 125 / 589
low_gradient_p84 OOB n=125 | RMSE=0.1316 | Bias=0.0040 | FracRMSE=0.3268 | FracBias=-0.0614 | NoneBias=0.0154 | FullBias=0.0000
6.07s

=== Bootstrap 883/1000 ===

Chosen filter -> Eg_strong/Eg_weak >= 1.18, data_quantity >= 16 | CV acc=0.8991, CV bin acc=0.9708, n_rows(dedup)=823 | OOB acc=0.8898, OOB bin acc=0.9960, n_rows_test(dedup)=499 |
OOB cameras: ['delta_junction', 'kenttarova', 'lacclair', 'marcell_MN', 'old_jack_pine', 'oregon_yp', 'queens', 'varrio']
OOB n=617 | RMSE=0.1228 | Bias=0.0185 | FracRMSE=0.2432 | FracBias=-0.0442 | NoneBias=0.0543 | FullBias=-0.0061
Aspect split eligible OOB rows (north/south facing fraction threshold = 0.75): 101 / 617
north_dominated OOB n=83 | RMSE=0.1021 | Bias=-0.0015 | FracRMSE=0.2131 | FracBias=-0.0238 | NoneBias=0.0114 | FullBias=-0.0001
south_dominated OOB n=18 | RMSE=0.0149 | Bias=0.0029 | FracRMSE=0.0365 | FracBias=0.0176 | NoneBias=0.0000 | FullBias=0.0000
Low-gradient eligible OOB rows (gradient_p84 <= 4.0): 165 / 617
low_gradient_p84 OOB n=165 | RMSE=0.1441 | Bias=0.0549 | FracRMSE=0.2191 | FracBias=-0.1020 | NoneBias=0.0930 | FullBias=-0.0079
5.24s

=== Bootstrap 884/1000 ===

Chosen filter -> Eg_strong/Eg_weak >= 1.05, data_quantity >= 16 | CV acc=0.8680, CV bin acc=0.9658, n_rows(dedup)=1023 | OOB acc=0.9113, OOB bin acc=0.9753, n_rows_test(dedup)=485 |
OOB cameras: ['bartlett', 'delta_junction', 'hyytiala', 'kenttarova', 'marcell_MN', 'old_jack_pine', 'queens', 'varrio']
OOB n=567 | RMSE=0.1403 | Bias=-0.0214 | FracRMSE=0.3129 | FracBias=-0.1050 | NoneBias=0.0059 | FullBias=-0.0264
Aspect split eligible OOB rows (north/south facing fraction threshold = 0.75): 113 / 567
north_dominated OOB n=89 | RMSE=0.1998 | Bias=-0.0530 | FracRMSE=0.3290 | FracBias=-0.1528 | NoneBias=0.0024 | FullBias=-0.0394
south_dominated OOB n=24 | RMSE=0.2461 | Bias=-0.0666 | FracRMSE=0.5389 | FracBias=-0.3140 | NoneBias=0.0000 | FullBias=-0.0019
Low-gradient eligible OOB rows (gradient_p84 <= 4.0): 69 / 567
low_gradient_p84 OOB n=69 | RMSE=0.1227 | Bias=-0.0244 | FracRMSE=0.2535 | FracBias=-0.1135 | NoneBias=0.0046 | FullBias=-0.0023
5.67s

=== Bootstrap 885/1000 ===

Chosen filter -> Eg_strong/Eg_weak >= 1.05, data_quantity >= 14 | CV acc=0.9586, CV bin acc=0.9789, n_rows(dedup)=1135 | OOB acc=0.8800, OOB bin acc=0.9760, n_rows_test(dedup)=375 |
OOB cameras: ['bartlett', 'sodankyla_full', 'tammela', 'underc', 'varrio', 'wslcreek']
OOB n=407 | RMSE=0.1450 | Bias=-0.0165 | FracRMSE=0.4325 | FracBias=-0.2267 | NoneBias=0.0152 | FullBias=-0.0153
Aspect split eligible OOB rows (north/south facing fraction threshold = 0.75): 69 / 407
north_dominated OOB n=55 | RMSE=0.2232 | Bias=-0.0607 | FracRMSE=0.5480 | FracBias=-0.3696 | NoneBias=0.0000 | FullBias=-0.0392
south_dominated OOB n=14 | RMSE=0.3213 | Bias=-0.1214 | FracRMSE=0.8500 | FracBias=-0.8500 | NoneBias=0.0000 | FullBias=0.0000
Low-gradient eligible OOB rows (gradient_p84 <= 4.0): 30 / 407
low_gradient_p84 OOB n=30 | RMSE=0.0324 | Bias=0.0018 | FracRMSE=0.0962 | FracBias=-0.0962 | NoneBias=0.0115 | FullBias=0.0000
6.0s

=== Bootstrap 886/1000 ===

Chosen filter -> Eg_strong/Eg_weak >= 1.15, data_quantity >= 17 | CV acc=0.9601, CV bin acc=0.9870, n_rows(dedup)=1003 | OOB acc=0.8947, OOB bin acc=0.9684, n_rows_test(dedup)=380 |
OOB cameras: ['bartlett', 'delta_junction', 'kenttarova', 'sodankyla_full', 'underc', 'willowcreek', 'wslcreek']
OOB n=446 | RMSE=0.1807 | Bias=-0.0062 | FracRMSE=0.3094 | FracBias=-0.0645 | NoneBias=0.0402 | FullBias=-0.0259
Aspect split eligible OOB rows (north/south facing fraction threshold = 0.75): 108 / 446
north_dominated OOB n=90 | RMSE=0.2011 | Bias=-0.0496 | FracRMSE=0.3405 | FracBias=-0.1439 | NoneBias=0.0000 | FullBias=-0.0295
south_dominated OOB n=18 | RMSE=0.2009 | Bias=-0.0433 | FracRMSE=0.4920 | FracBias=-0.2600 | NoneBias=0.0000 | FullBias=0.0000
Low-gradient eligible OOB rows (gradient_p84 <= 4.0): 60 / 446
low_gradient_p84 OOB n=60 | RMSE=0.1011 | Bias=-0.0127 | FracRMSE=0.2011 | FracBias=-0.0713 | NoneBias=0.0161 | FullBias=-0.0195
5.87s

=== Bootstrap 887/1000 ===

Chosen filter -> Eg_strong/Eg_weak >= 1.11, data_quantity >= 13 | CV acc=0.9278, CV bin acc=0.9810, n_rows(dedup)=1053 | OOB acc=0.8777, OOB bin acc=0.9620, n_rows_test(dedup)=368 |
OOB cameras: ['bartlett', 'glees', 'kenttarova', 'oregon_yp', 'underc', 'underhill', 'wslcreek']
OOB n=424 | RMSE=0.1825 | Bias=0.0090 | FracRMSE=0.3006 | FracBias=-0.1265 | NoneBias=0.0761 | FullBias=-0.0335
Aspect split eligible OOB rows (north/south facing fraction threshold = 0.75): 93 / 424
north_dominated OOB n=58 | RMSE=0.2510 | Bias=-0.0671 | FracRMSE=0.4053 | FracBias=-0.1823 | NoneBias=0.0201 | FullBias=-0.0492
south_dominated OOB n=35 | RMSE=0.1444 | Bias=-0.0206 | FracRMSE=0.4271 | FracBias=-0.1800 | NoneBias=0.0000 | FullBias=0.0000
Low-gradient eligible OOB rows (gradient_p84 <= 4.0): 108 / 424
low_gradient_p84 OOB n=108 | RMSE=0.1488 | Bias=0.0672 | FracRMSE=0.2460 | FracBias=-0.1706 | NoneBias=0.0944 | FullBias=0.0000
5.75s

=== Bootstrap 888/1000 ===

Chosen filter -> Eg_strong/Eg_weak >= 1.18, data_quantity >= 16 | CV acc=0.9111, CV bin acc=0.9685, n_rows(dedup)=922 | OOB acc=0.9608, OOB bin acc=0.9922, n_rows_test(dedup)=383 |
OOB cameras: ['glees', 'kenttarova', 'lacclair', 'old_jack_pine', 'queens', 'tammela', 'varrio', 'wslcreek']
OOB n=457 | RMSE=0.0940 | Bias=0.0034 | FracRMSE=0.2358 | FracBias=-0.0094 | NoneBias=0.0136 | FullBias=-0.0018
Aspect split eligible OOB rows (north/south facing fraction threshold = 0.75): 99 / 457
north_dominated OOB n=67 | RMSE=0.0469 | Bias=0.0085 | FracRMSE=0.1278 | FracBias=0.0631 | NoneBias=0.0000 | FullBias=0.0000
south_dominated OOB n=32 | RMSE=0.0157 | Bias=0.0048 | FracRMSE=0.0493 | FracBias=0.0433 | NoneBias=0.0040 | FullBias=0.0000
Low-gradient eligible OOB rows (gradient_p84 <= 4.0): 45 / 457
low_gradient_p84 OOB n=45 | RMSE=0.1232 | Bias=-0.0226 | FracRMSE=0.2918 | FracBias=-0.1334 | NoneBias=0.0019 | FullBias=0.0000
5.59s

=== Bootstrap 889/1000 ===

Chosen filter -> Eg_strong/Eg_weak >= 1.05, data_quantity >= 16 | CV acc=0.9138, CV bin acc=0.9754, n_rows(dedup)=893 | OOB acc=0.9645, OOB bin acc=0.9882, n_rows_test(dedup)=338 |
OOB cameras: ['hyytiala', 'lacclair', 'old_jack_pine', 'sodankyla_full', 'torgnon']
OOB n=390 | RMSE=0.1019 | Bias=-0.0024 | FracRMSE=0.2795 | FracBias=-0.0865 | NoneBias=0.0146 | FullBias=-0.0104
Aspect split eligible OOB rows (north/south facing fraction threshold = 0.75): 12 / 390
north_dominated OOB n=8 | RMSE=0.0000 | Bias=0.0000 | FracRMSE=nan | FracBias=nan | NoneBias=0.0000 | FullBias=0.0000
south_dominated OOB n=4 | RMSE=0.0000 | Bias=0.0000 | FracRMSE=nan | FracBias=nan | NoneBias=0.0000 | FullBias=0.0000
Low-gradient eligible OOB rows (gradient_p84 <= 4.0): 67 / 390
low_gradient_p84 OOB n=67 | RMSE=0.1060 | Bias=-0.0132 | FracRMSE=0.3052 | FracBias=-0.1981 | NoneBias=0.0148 | FullBias=-0.0026
5.45s

=== Bootstrap 890/1000 ===

Chosen filter -> Eg_strong/Eg_weak >= 1.05, data_quantity >= 16 | CV acc=0.9609, CV bin acc=0.9875, n_rows(dedup)=1278 | OOB acc=0.8436, OOB bin acc=0.9564, n_rows_test(dedup)=275 |
OOB cameras: ['delta_junction', 'glees', 'lacclair', 'marcell_MN', 'underc', 'willowcreek']
OOB n=351 | RMSE=0.1844 | Bias=0.0001 | FracRMSE=0.3058 | FracBias=-0.0672 | NoneBias=0.0558 | FullBias=-0.0205
Aspect split eligible OOB rows (north/south facing fraction threshold = 0.75): 50 / 351
north_dominated OOB n=35 | RMSE=0.1751 | Bias=-0.0525 | FracRMSE=0.3123 | FracBias=-0.1669 | NoneBias=0.0000 | FullBias=0.0000
south_dominated OOB n=15 | RMSE=0.0000 | Bias=0.0000 | FracRMSE=nan | FracBias=nan | NoneBias=0.0000 | FullBias=0.0000
Low-gradient eligible OOB rows (gradient_p84 <= 4.0): 26 / 351
low_gradient_p84 OOB n=26 | RMSE=0.1653 | Bias=-0.0382 | FracRMSE=0.2176 | FracBias=-0.1003 | NoneBias=0.0393 | FullBias=-0.0728
6.67s

=== Bootstrap 891/1000 ===

Chosen filter -> Eg_strong/Eg_weak >= 1.05, data_quantity >= 17 | CV acc=0.8960, CV bin acc=0.9718, n_rows(dedup)=673 | OOB acc=0.9707, OOB bin acc=0.9951, n_rows_test(dedup)=410 |
OOB cameras: ['kenttarova', 'old_jack_pine', 'oregon_yp', 'sodankyla_full']
OOB n=460 | RMSE=0.1306 | Bias=0.0399 | FracRMSE=0.2098 | FracBias=-0.0614 | NoneBias=0.0798 | FullBias=-0.0113
Aspect split eligible OOB rows (north/south facing fraction threshold = 0.75): 44 / 460
north_dominated OOB n=32 | RMSE=0.0419 | Bias=0.0132 | FracRMSE=0.0430 | FracBias=0.0350 | NoneBias=0.0244 | FullBias=-0.0038
south_dominated OOB n=12 | RMSE=0.0176 | Bias=0.0058 | FracRMSE=0.0430 | FracBias=0.0350 | NoneBias=0.0000 | FullBias=0.0000
Low-gradient eligible OOB rows (gradient_p84 <= 4.0): 170 / 460
low_gradient_p84 OOB n=170 | RMSE=0.1539 | Bias=0.0751 | FracRMSE=0.2249 | FracBias=-0.1578 | NoneBias=0.1172 | FullBias=-0.0093
4.71s

=== Bootstrap 892/1000 ===

Chosen filter -> Eg_strong/Eg_weak >= 1.05, data_quantity >= 17 | CV acc=0.9398, CV bin acc=0.9792, n_rows(dedup)=914 | OOB acc=0.9488, OOB bin acc=0.9851, n_rows_test(dedup)=469 |
OOB cameras: ['glees', 'kenttarova', 'oregon_yp', 'sodankyla_full', 'tammela', 'torgnon', 'willowcreek']
OOB n=501 | RMSE=0.1375 | Bias=0.0293 | FracRMSE=0.1727 | FracBias=-0.0897 | NoneBias=0.0666 | FullBias=-0.0210
Aspect split eligible OOB rows (north/south facing fraction threshold = 0.75): 57 / 501
north_dominated OOB n=32 | RMSE=0.0313 | Bias=0.0112 | FracRMSE=0.0430 | FracBias=0.0350 | NoneBias=0.0143 | FullBias=-0.0006
south_dominated OOB n=25 | RMSE=0.0132 | Bias=0.0038 | FracRMSE=0.0430 | FracBias=0.0350 | NoneBias=0.0037 | FullBias=0.0000
Low-gradient eligible OOB rows (gradient_p84 <= 4.0): 136 / 501
low_gradient_p84 OOB n=136 | RMSE=0.1478 | Bias=0.0632 | FracRMSE=0.2347 | FracBias=-0.1818 | NoneBias=0.1013 | FullBias=-0.0295
5.36s

=== Bootstrap 893/1000 ===

Chosen filter -> Eg_strong/Eg_weak >= 1.18, data_quantity >= 16 | CV acc=0.9532, CV bin acc=0.9822, n_rows(dedup)=1069 | OOB acc=0.8295, OOB bin acc=0.9830, n_rows_test(dedup)=176 |
OOB cameras: ['delta_junction', 'lacclair', 'marcell_MN', 'torgnon', 'underc']
OOB n=249 | RMSE=0.1674 | Bias=-0.0042 | FracRMSE=0.3220 | FracBias=-0.0558 | NoneBias=0.0263 | FullBias=-0.0014
Aspect split eligible OOB rows (north/south facing fraction threshold = 0.75): 38 / 249
north_dominated OOB n=35 | RMSE=0.1977 | Bias=-0.0361 | FracRMSE=0.3526 | FracBias=-0.1149 | NoneBias=0.0000 | FullBias=0.0000
south_dominated OOB n=3 | RMSE=0.0000 | Bias=0.0000 | FracRMSE=nan | FracBias=nan | NoneBias=nan | FullBias=0.0000
Low-gradient eligible OOB rows (gradient_p84 <= 4.0): 22 / 249
low_gradient_p84 OOB n=22 | RMSE=0.1448 | Bias=-0.0154 | FracRMSE=0.2401 | FracBias=-0.0423 | NoneBias=0.0000 | FullBias=0.0000
5.97s

=== Bootstrap 894/1000 ===

Chosen filter -> Eg_strong/Eg_weak >= 1.07, data_quantity >= 14 | CV acc=0.9409, CV bin acc=0.9765, n_rows(dedup)=1151 | OOB acc=0.8777, OOB bin acc=0.9498, n_rows_test(dedup)=319 |
OOB cameras: ['bartlett', 'glees', 'hyytiala', 'tammela', 'underc', 'wslcreek']
OOB n=343 | RMSE=0.1578 | Bias=-0.0222 | FracRMSE=0.4463 | FracBias=-0.2290 | NoneBias=0.0127 | FullBias=-0.0304
Aspect split eligible OOB rows (north/south facing fraction threshold = 0.75): 51 / 343
north_dominated OOB n=26 | RMSE=0.3236 | Bias=-0.1272 | FracRMSE=0.5441 | FracBias=-0.3629 | NoneBias=0.0000 | FullBias=-0.0746
south_dominated OOB n=25 | RMSE=0.2404 | Bias=-0.0680 | FracRMSE=0.8500 | FracBias=-0.8500 | NoneBias=0.0000 | FullBias=0.0000
Low-gradient eligible OOB rows (gradient_p84 <= 4.0): 0 / 343
low_gradient_p84 OOB n=0 | RMSE=nan | Bias=nan | FracRMSE=nan | FracBias=nan | NoneBias=nan | FullBias=nan
6.08s

=== Bootstrap 895/1000 ===

Chosen filter -> Eg_strong/Eg_weak >= 1.05, data_quantity >= 17 | CV acc=0.9441, CV bin acc=0.9854, n_rows(dedup)=1235 | OOB acc=0.8712, OOB bin acc=0.9621, n_rows_test(dedup)=264 |
OOB cameras: ['bartlett', 'delta_junction', 'kenttarova', 'lacclair', 'queens', 'underc', 'underhill', 'wslcreek']
OOB n=362 | RMSE=0.1899 | Bias=-0.0245 | FracRMSE=0.3348 | FracBias=-0.1139 | NoneBias=0.0264 | FullBias=-0.0172
Aspect split eligible OOB rows (north/south facing fraction threshold = 0.75): 112 / 362
north_dominated OOB n=89 | RMSE=0.2168 | Bias=-0.0555 | FracRMSE=0.3585 | FracBias=-0.1517 | NoneBias=0.0000 | FullBias=-0.0355
south_dominated OOB n=23 | RMSE=0.2510 | Bias=-0.0709 | FracRMSE=0.6018 | FracBias=-0.4075 | NoneBias=0.0000 | FullBias=0.0000
Low-gradient eligible OOB rows (gradient_p84 <= 4.0): 28 / 362
low_gradient_p84 OOB n=28 | RMSE=0.1215 | Bias=-0.0193 | FracRMSE=0.2142 | FracBias=-0.0600 | NoneBias=0.0000 | FullBias=0.0000
6.36s

=== Bootstrap 896/1000 ===

Chosen filter -> Eg_strong/Eg_weak >= 1.06, data_quantity >= 16 | CV acc=0.9416, CV bin acc=0.9786, n_rows(dedup)=1216 | OOB acc=0.9224, OOB bin acc=0.9698, n_rows_test(dedup)=232 |
OOB cameras: ['glees', 'hyytiala', 'kenttarova', 'queens', 'torgnon', 'underhill']
OOB n=249 | RMSE=0.0971 | Bias=0.0046 | FracRMSE=0.0442 | FracBias=0.0365 | NoneBias=0.0227 | FullBias=-0.0268
Aspect split eligible OOB rows (north/south facing fraction threshold = 0.75): 56 / 249
north_dominated OOB n=29 | RMSE=0.0589 | Bias=0.0199 | FracRMSE=0.0400 | FracBias=0.0314 | NoneBias=0.0445 | FullBias=0.0000
south_dominated OOB n=27 | RMSE=0.0198 | Bias=0.0078 | FracRMSE=0.0493 | FracBias=0.0433 | NoneBias=0.0133 | FullBias=0.0000
Low-gradient eligible OOB rows (gradient_p84 <= 4.0): 8 / 249
low_gradient_p84 OOB n=8 | RMSE=0.0300 | Bias=0.0150 | FracRMSE=0.0600 | FracBias=0.0600 | NoneBias=0.0000 | FullBias=0.0000
6.02s

=== Bootstrap 897/1000 ===

Chosen filter -> Eg_strong/Eg_weak >= 1.05, data_quantity >= 16 | CV acc=0.9385, CV bin acc=0.9903, n_rows(dedup)=927 | OOB acc=0.8859, OOB bin acc=0.9511, n_rows_test(dedup)=368 |
OOB cameras: ['bartlett', 'glees', 'hyytiala', 'sodankyla_full', 'willowcreek', 'wslcreek']
OOB n=381 | RMSE=0.1773 | Bias=-0.0213 | FracRMSE=0.4981 | FracBias=-0.3386 | NoneBias=0.0329 | FullBias=-0.0606
Aspect split eligible OOB rows (north/south facing fraction threshold = 0.75): 56 / 381
north_dominated OOB n=33 | RMSE=0.2652 | Bias=-0.0921 | FracRMSE=0.4915 | FracBias=-0.3170 | NoneBias=0.0000 | FullBias=-0.0662
south_dominated OOB n=23 | RMSE=0.2517 | Bias=-0.0763 | FracRMSE=0.8500 | FracBias=-0.8500 | NoneBias=0.0099 | FullBias=-0.0065
Low-gradient eligible OOB rows (gradient_p84 <= 4.0): 32 / 381
low_gradient_p84 OOB n=32 | RMSE=0.1214 | Bias=-0.0139 | FracRMSE=0.2634 | FracBias=-0.2634 | NoneBias=0.0365 | FullBias=-0.0455
5.42s

=== Bootstrap 898/1000 ===

Chosen filter -> Eg_strong/Eg_weak >= 1.05, data_quantity >= 14 | CV acc=0.9382, CV bin acc=0.9880, n_rows(dedup)=1245 | OOB acc=0.9011, OOB bin acc=0.9597, n_rows_test(dedup)=273 |
OOB cameras: ['bartlett', 'delta_junction', 'lacclair', 'old_jack_pine', 'underhill', 'willowcreek']
OOB n=361 | RMSE=0.2272 | Bias=-0.0143 | FracRMSE=0.4004 | FracBias=-0.1115 | NoneBias=0.0391 | FullBias=-0.0286
Aspect split eligible OOB rows (north/south facing fraction threshold = 0.75): 58 / 361
north_dominated OOB n=47 | RMSE=0.3171 | Bias=-0.1100 | FracRMSE=0.4825 | FracBias=-0.2489 | NoneBias=0.0000 | FullBias=-0.0991
south_dominated OOB n=11 | RMSE=0.3624 | Bias=-0.1545 | FracRMSE=0.8500 | FracBias=-0.8500 | NoneBias=0.0000 | FullBias=0.0000
Low-gradient eligible OOB rows (gradient_p84 <= 4.0): 68 / 361
low_gradient_p84 OOB n=68 | RMSE=0.1358 | Bias=-0.0204 | FracRMSE=0.2986 | FracBias=-0.0967 | NoneBias=0.0010 | FullBias=-0.0038
6.29s

=== Bootstrap 899/1000 ===

Chosen filter -> Eg_strong/Eg_weak >= 1.29, data_quantity >= 13 | CV acc=0.9349, CV bin acc=0.9767, n_rows(dedup)=1075 | OOB acc=0.8727, OOB bin acc=0.9775, n_rows_test(dedup)=267 |
OOB cameras: ['glees', 'hyytiala', 'queens', 'sodankyla_full', 'torgnon']
OOB n=270 | RMSE=0.0871 | Bias=-0.0059 | FracRMSE=0.3449 | FracBias=-0.3346 | NoneBias=0.0198 | FullBias=-0.0264
Aspect split eligible OOB rows (north/south facing fraction threshold = 0.75): 25 / 270
north_dominated OOB n=6 | RMSE=0.0000 | Bias=0.0000 | FracRMSE=nan | FracBias=nan | NoneBias=0.0000 | FullBias=0.0000
south_dominated OOB n=19 | RMSE=0.1036 | Bias=-0.0157 | FracRMSE=0.4400 | FracBias=-0.4400 | NoneBias=0.0355 | FullBias=0.0000
Low-gradient eligible OOB rows (gradient_p84 <= 4.0): 29 / 270
low_gradient_p84 OOB n=29 | RMSE=0.0654 | Bias=0.0046 | FracRMSE=0.2349 | FracBias=-0.2349 | NoneBias=0.0283 | FullBias=0.0000
5.89s

=== Bootstrap 900/1000 ===

Chosen filter -> Eg_strong/Eg_weak >= 1.05, data_quantity >= 17 | CV acc=0.9049, CV bin acc=0.9848, n_rows(dedup)=789 | OOB acc=0.9703, OOB bin acc=0.9725, n_rows_test(dedup)=472 |
OOB cameras: ['bartlett', 'hyytiala', 'old_jack_pine', 'oregon_yp', 'tammela', 'willowcreek']
OOB n=513 | RMSE=0.1790 | Bias=0.0057 | FracRMSE=0.3633 | FracBias=-0.2027 | NoneBias=0.0565 | FullBias=-0.1043
Aspect split eligible OOB rows (north/south facing fraction threshold = 0.75): 18 / 513
north_dominated OOB n=10 | RMSE=0.4943 | Bias=-0.3436 | FracRMSE=0.6358 | FracBias=-0.6264 | NoneBias=0.0000 | FullBias=-0.3892
south_dominated OOB n=8 | RMSE=0.4265 | Bias=-0.2250 | FracRMSE=0.8500 | FracBias=-0.8500 | NoneBias=0.0000 | FullBias=-0.0200
Low-gradient eligible OOB rows (gradient_p84 <= 4.0): 139 / 513
low_gradient_p84 OOB n=139 | RMSE=0.1528 | Bias=0.0581 | FracRMSE=0.2624 | FracBias=-0.2073 | NoneBias=0.1007 | FullBias=-0.0914
5.41s

=== Bootstrap 901/1000 ===

Chosen filter -> Eg_strong/Eg_weak >= 1.09, data_quantity >= 16 | CV acc=0.9153, CV bin acc=0.9750, n_rows(dedup)=1039 | OOB acc=0.9614, OOB bin acc=0.9742, n_rows_test(dedup)=233 |
OOB cameras: ['hyytiala', 'marcell_MN', 'queens', 'tammela', 'torgnon']
OOB n=236 | RMSE=0.0768 | Bias=-0.0115 | FracRMSE=0.3268 | FracBias=-0.2161 | NoneBias=0.0067 | FullBias=-0.0430
Aspect split eligible OOB rows (north/south facing fraction threshold = 0.75): 2 / 236
north_dominated OOB n=0 | RMSE=nan | Bias=nan | FracRMSE=nan | FracBias=nan | NoneBias=nan | FullBias=nan
south_dominated OOB n=2 | RMSE=0.0000 | Bias=0.0000 | FracRMSE=nan | FracBias=nan | NoneBias=nan | FullBias=0.0000
Low-gradient eligible OOB rows (gradient_p84 <= 4.0): 0 / 236
low_gradient_p84 OOB n=0 | RMSE=nan | Bias=nan | FracRMSE=nan | FracBias=nan | NoneBias=nan | FullBias=nan
6.0s

=== Bootstrap 902/1000 ===

Chosen filter -> Eg_strong/Eg_weak >= 1.05, data_quantity >= 16 | CV acc=0.9540, CV bin acc=0.9783, n_rows(dedup)=1152 | OOB acc=0.9071, OOB bin acc=0.9893, n_rows_test(dedup)=280 |
OOB cameras: ['lacclair', 'queens', 'sodankyla_full', 'tammela', 'torgnon', 'underc', 'underhill']
OOB n=326 | RMSE=0.1264 | Bias=0.0132 | FracRMSE=0.2589 | FracBias=-0.0249 | NoneBias=0.0357 | FullBias=-0.0033
Aspect split eligible OOB rows (north/south facing fraction threshold = 0.75): 15 / 326
north_dominated OOB n=10 | RMSE=0.1524 | Bias=0.0482 | FracRMSE=nan | FracBias=nan | NoneBias=0.0964 | FullBias=0.0000
south_dominated OOB n=5 | RMSE=0.0000 | Bias=0.0000 | FracRMSE=nan | FracBias=nan | NoneBias=0.0000 | FullBias=0.0000
Low-gradient eligible OOB rows (gradient_p84 <= 4.0): 28 / 326
low_gradient_p84 OOB n=28 | RMSE=0.0655 | Bias=0.0100 | FracRMSE=0.1273 | FracBias=-0.1273 | NoneBias=0.0313 | FullBias=0.0000
6.44s

=== Bootstrap 903/1000 ===

Chosen filter -> Eg_strong/Eg_weak >= 1.05, data_quantity >= 16 | CV acc=0.9349, CV bin acc=0.9813, n_rows(dedup)=1337 | OOB acc=0.9189, OOB bin acc=0.9923, n_rows_test(dedup)=259 |
OOB cameras: ['marcell_MN', 'queens', 'tammela', 'torgnon', 'underc', 'varrio']
OOB n=282 | RMSE=0.1085 | Bias=-0.0007 | FracRMSE=0.3166 | FracBias=-0.1014 | NoneBias=0.0151 | FullBias=-0.0026
Aspect split eligible OOB rows (north/south facing fraction threshold = 0.75): 25 / 282
north_dominated OOB n=20 | RMSE=0.0000 | Bias=0.0000 | FracRMSE=nan | FracBias=nan | NoneBias=0.0000 | FullBias=0.0000
south_dominated OOB n=5 | RMSE=0.0000 | Bias=0.0000 | FracRMSE=nan | FracBias=nan | NoneBias=nan | FullBias=0.0000
Low-gradient eligible OOB rows (gradient_p84 <= 4.0): 0 / 282
low_gradient_p84 OOB n=0 | RMSE=nan | Bias=nan | FracRMSE=nan | FracBias=nan | NoneBias=nan | FullBias=nan
6.73s

=== Bootstrap 904/1000 ===

Chosen filter -> Eg_strong/Eg_weak >= 1.18, data_quantity >= 14 | CV acc=0.9410, CV bin acc=0.9843, n_rows(dedup)=1085 | OOB acc=0.9503, OOB bin acc=0.9752, n_rows_test(dedup)=322 |
OOB cameras: ['hyytiala', 'kenttarova', 'lacclair', 'old_jack_pine', 'queens', 'underhill', 'wslcreek']
OOB n=392 | RMSE=0.0997 | Bias=-0.0026 | FracRMSE=0.2363 | FracBias=-0.0270 | NoneBias=0.0077 | FullBias=-0.0072
Aspect split eligible OOB rows (north/south facing fraction threshold = 0.75): 68 / 392
north_dominated OOB n=50 | RMSE=0.0539 | Bias=0.0142 | FracRMSE=0.1045 | FracBias=0.0549 | NoneBias=0.0271 | FullBias=0.0000
south_dominated OOB n=18 | RMSE=0.0201 | Bias=0.0072 | FracRMSE=0.0493 | FracBias=0.0433 | NoneBias=0.0000 | FullBias=0.0000
Low-gradient eligible OOB rows (gradient_p84 <= 4.0): 47 / 392
low_gradient_p84 OOB n=47 | RMSE=0.1229 | Bias=-0.0229 | FracRMSE=0.2980 | FracBias=-0.1348 | NoneBias=0.0000 | FullBias=0.0000
6.2s

=== Bootstrap 905/1000 ===

Chosen filter -> Eg_strong/Eg_weak >= 1.05, data_quantity >= 16 | CV acc=0.9262, CV bin acc=0.9808, n_rows(dedup)=1043 | OOB acc=0.9353, OOB bin acc=0.9644, n_rows_test(dedup)=309 |
OOB cameras: ['bartlett', 'queens', 'sodankyla_full', 'tammela', 'willowcreek', 'wslcreek']
OOB n=321 | RMSE=0.1744 | Bias=-0.0126 | FracRMSE=0.5056 | FracBias=-0.3369 | NoneBias=0.0334 | FullBias=-0.0369
Aspect split eligible OOB rows (north/south facing fraction threshold = 0.75): 44 / 321
north_dominated OOB n=33 | RMSE=0.2522 | Bias=-0.0813 | FracRMSE=0.4799 | FracBias=-0.2843 | NoneBias=0.0000 | FullBias=-0.0573
south_dominated OOB n=11 | RMSE=0.3624 | Bias=-0.1545 | FracRMSE=0.8500 | FracBias=-0.8500 | NoneBias=0.0000 | FullBias=0.0000
Low-gradient eligible OOB rows (gradient_p84 <= 4.0): 32 / 321
low_gradient_p84 OOB n=32 | RMSE=0.1141 | Bias=-0.0060 | FracRMSE=0.1978 | FracBias=-0.1978 | NoneBias=0.0414 | FullBias=-0.0383
6.04s

=== Bootstrap 906/1000 ===

Chosen filter -> Eg_strong/Eg_weak >= 1.05, data_quantity >= 9 | CV acc=0.9302, CV bin acc=0.9908, n_rows(dedup)=974 | OOB acc=0.9089, OOB bin acc=0.9615, n_rows_test(dedup)=571 |
OOB cameras: ['hyytiala', 'kenttarova', 'marcell_MN', 'old_jack_pine', 'sodankyla_full', 'underc', 'willowcreek']
OOB n=632 | RMSE=0.1555 | Bias=-0.0184 | FracRMSE=0.2558 | FracBias=-0.0986 | NoneBias=0.0254 | FullBias=-0.0565
Aspect split eligible OOB rows (north/south facing fraction threshold = 0.75): 48 / 632
north_dominated OOB n=34 | RMSE=0.0293 | Bias=0.0016 | FracRMSE=0.0504 | FracBias=0.0155 | NoneBias=0.0021 | FullBias=-0.0061
south_dominated OOB n=14 | RMSE=0.0416 | Bias=-0.0091 | FracRMSE=0.0780 | FracBias=-0.0168 | NoneBias=0.0000 | FullBias=-0.0110
Low-gradient eligible OOB rows (gradient_p84 <= 4.0): 84 / 632
low_gradient_p84 OOB n=84 | RMSE=0.1329 | Bias=-0.0296 | FracRMSE=0.3216 | FracBias=-0.2352 | NoneBias=0.0161 | FullBias=-0.0382
5.5s

=== Bootstrap 907/1000 ===

Chosen filter -> Eg_strong/Eg_weak >= 1.05, data_quantity >= 14 | CV acc=0.9271, CV bin acc=0.9815, n_rows(dedup)=919 | OOB acc=0.9266, OOB bin acc=0.9817, n_rows_test(dedup)=436 |
OOB cameras: ['delta_junction', 'glees', 'kenttarova', 'queens', 'sodankyla_full', 'tammela', 'willowcreek']
OOB n=485 | RMSE=0.1405 | Bias=0.0092 | FracRMSE=0.2411 | FracBias=-0.0004 | NoneBias=0.0359 | FullBias=-0.0181
Aspect split eligible OOB rows (north/south facing fraction threshold = 0.75): 95 / 485
north_dominated OOB n=66 | RMSE=0.1182 | Bias=-0.0192 | FracRMSE=0.2259 | FracBias=-0.0748 | NoneBias=0.0035 | FullBias=-0.0002
south_dominated OOB n=29 | RMSE=0.0215 | Bias=0.0051 | FracRMSE=0.0427 | FracBias=0.0093 | NoneBias=0.0170 | FullBias=0.0000
Low-gradient eligible OOB rows (gradient_p84 <= 4.0): 64 / 485
low_gradient_p84 OOB n=64 | RMSE=0.1211 | Bias=-0.0093 | FracRMSE=0.1822 | FracBias=-0.0744 | NoneBias=0.0327 | FullBias=-0.0253
5.17s

=== Bootstrap 908/1000 ===

Chosen filter -> Eg_strong/Eg_weak >= 1.05, data_quantity >= 16 | CV acc=0.9515, CV bin acc=0.9808, n_rows(dedup)=1093 | OOB acc=0.9493, OOB bin acc=0.9879, n_rows_test(dedup)=414 |
OOB cameras: ['bartlett', 'delta_junction', 'kenttarova', 'oregon_yp', 'tammela', 'varrio']
OOB n=489 | RMSE=0.1451 | Bias=-0.0052 | FracRMSE=0.3169 | FracBias=-0.1092 | NoneBias=0.0290 | FullBias=-0.0202
Aspect split eligible OOB rows (north/south facing fraction threshold = 0.75): 113 / 489
north_dominated OOB n=90 | RMSE=0.2055 | Bias=-0.0470 | FracRMSE=0.3348 | FracBias=-0.1288 | NoneBias=0.0051 | FullBias=-0.0418
south_dominated OOB n=23 | RMSE=0.2513 | Bias=-0.0683 | FracRMSE=0.5389 | FracBias=-0.3140 | NoneBias=0.0000 | FullBias=0.0000
Low-gradient eligible OOB rows (gradient_p84 <= 4.0): 128 / 489
low_gradient_p84 OOB n=128 | RMSE=0.1268 | Bias=0.0324 | FracRMSE=0.2336 | FracBias=-0.1078 | NoneBias=0.0597 | FullBias=0.0000
5.99s

=== Bootstrap 909/1000 ===

Chosen filter -> Eg_strong/Eg_weak >= 1.05, data_quantity >= 17 | CV acc=0.9457, CV bin acc=0.9807, n_rows(dedup)=1086 | OOB acc=0.9471, OOB bin acc=0.9706, n_rows_test(dedup)=170 |
OOB cameras: ['hyytiala', 'kenttarova', 'torgnon', 'underhill']
OOB n=186 | RMSE=0.1067 | Bias=0.0088 | FracRMSE=0.0430 | FracBias=0.0338 | NoneBias=0.0261 | FullBias=-0.0326
Aspect split eligible OOB rows (north/south facing fraction threshold = 0.75): 39 / 186
north_dominated OOB n=27 | RMSE=0.0856 | Bias=0.0260 | FracRMSE=0.0430 | FracBias=0.0350 | NoneBias=0.0703 | FullBias=0.0000
south_dominated OOB n=12 | RMSE=0.0176 | Bias=0.0058 | FracRMSE=0.0430 | FracBias=0.0350 | NoneBias=0.0000 | FullBias=0.0000
Low-gradient eligible OOB rows (gradient_p84 <= 4.0): 7 / 186
low_gradient_p84 OOB n=7 | RMSE=0.0227 | Bias=0.0086 | FracRMSE=0.0600 | FracBias=0.0600 | NoneBias=0.0000 | FullBias=0.0000
5.91s

=== Bootstrap 910/1000 ===

Chosen filter -> Eg_strong/Eg_weak >= 1.18, data_quantity >= 15 | CV acc=0.9547, CV bin acc=0.9859, n_rows(dedup)=994 | OOB acc=0.8908, OOB bin acc=0.9684, n_rows_test(dedup)=412 |
OOB cameras: ['hyytiala', 'kenttarova', 'marcell_MN', 'queens', 'sodankyla_full', 'underc', 'wslcreek']
OOB n=450 | RMSE=0.0997 | Bias=-0.0071 | FracRMSE=0.2093 | FracBias=-0.0383 | NoneBias=0.0122 | FullBias=-0.0199
Aspect split eligible OOB rows (north/south facing fraction threshold = 0.75): 67 / 450
north_dominated OOB n=51 | RMSE=0.0358 | Bias=0.0085 | FracRMSE=0.0852 | FracBias=0.0480 | NoneBias=0.0000 | FullBias=0.0000
south_dominated OOB n=16 | RMSE=0.0156 | Bias=0.0035 | FracRMSE=0.0360 | FracBias=0.0188 | NoneBias=0.0000 | FullBias=0.0000
Low-gradient eligible OOB rows (gradient_p84 <= 4.0): 36 / 450
low_gradient_p84 OOB n=36 | RMSE=0.0437 | Bias=0.0009 | FracRMSE=0.1141 | FracBias=-0.0471 | NoneBias=0.0101 | FullBias=0.0000
5.82s

=== Bootstrap 911/1000 ===

Chosen filter -> Eg_strong/Eg_weak >= 1.05, data_quantity >= 13 | CV acc=0.9152, CV bin acc=0.9788, n_rows(dedup)=990 | OOB acc=0.9399, OOB bin acc=0.9670, n_rows_test(dedup)=333 |
OOB cameras: ['bartlett', 'glees', 'hyytiala', 'lacclair', 'oregon_yp', 'underhill']
OOB n=390 | RMSE=0.1714 | Bias=0.0124 | FracRMSE=0.3577 | FracBias=-0.2574 | NoneBias=0.0713 | FullBias=-0.0453
Aspect split eligible OOB rows (north/south facing fraction threshold = 0.75): 42 / 390
north_dominated OOB n=16 | RMSE=0.3878 | Bias=-0.2095 | FracRMSE=0.5847 | FracBias=-0.5746 | NoneBias=0.0734 | FullBias=-0.1683
south_dominated OOB n=26 | RMSE=0.2365 | Bias=-0.0602 | FracRMSE=0.8500 | FracBias=-0.8500 | NoneBias=0.0270 | FullBias=0.0000
Low-gradient eligible OOB rows (gradient_p84 <= 4.0): 99 / 390
low_gradient_p84 OOB n=99 | RMSE=0.1580 | Bias=0.0881 | FracRMSE=0.2471 | FracBias=-0.2096 | NoneBias=0.1142 | FullBias=nan
5.65s

=== Bootstrap 912/1000 ===

Chosen filter -> Eg_strong/Eg_weak >= 1.18, data_quantity >= 16 | CV acc=0.9591, CV bin acc=0.9933, n_rows(dedup)=1052 | OOB acc=0.8929, OOB bin acc=0.9578, n_rows_test(dedup)=308 |
OOB cameras: ['delta_junction', 'hyytiala', 'lacclair', 'marcell_MN', 'queens', 'willowcreek', 'wslcreek']
OOB n=371 | RMSE=0.1568 | Bias=-0.0100 | FracRMSE=0.2921 | FracBias=-0.0758 | NoneBias=0.0269 | FullBias=-0.0317
Aspect split eligible OOB rows (north/south facing fraction threshold = 0.75): 57 / 371
north_dominated OOB n=53 | RMSE=0.1452 | Bias=-0.0323 | FracRMSE=0.2933 | FracBias=-0.1315 | NoneBias=0.0000 | FullBias=0.0000
south_dominated OOB n=4 | RMSE=0.0000 | Bias=0.0000 | FracRMSE=nan | FracBias=nan | NoneBias=nan | FullBias=0.0000
Low-gradient eligible OOB rows (gradient_p84 <= 4.0): 26 / 371
low_gradient_p84 OOB n=26 | RMSE=0.1631 | Bias=-0.0485 | FracRMSE=0.2171 | FracBias=-0.1143 | NoneBias=0.0308 | FullBias=-0.0818
5.97s

=== Bootstrap 913/1000 ===

Chosen filter -> Eg_strong/Eg_weak >= 1.05, data_quantity >= 10 | CV acc=0.9295, CV bin acc=0.9869, n_rows(dedup)=766 | OOB acc=0.9284, OOB bin acc=0.9835, n_rows_test(dedup)=726 |
OOB cameras: ['glees', 'kenttarova', 'marcell_MN', 'old_jack_pine', 'oregon_yp', 'sodankyla_full', 'tammela', 'underc', 'willowcreek']
OOB n=801 | RMSE=0.1529 | Bias=0.0327 | FracRMSE=0.2207 | FracBias=-0.0209 | NoneBias=0.0737 | FullBias=-0.0174
Aspect split eligible OOB rows (north/south facing fraction threshold = 0.75): 67 / 801
north_dominated OOB n=36 | RMSE=0.0387 | Bias=0.0155 | FracRMSE=0.0430 | FracBias=0.0350 | NoneBias=0.0214 | FullBias=0.0000
south_dominated OOB n=31 | RMSE=0.0308 | Bias=0.0110 | FracRMSE=0.0493 | FracBias=0.0433 | NoneBias=0.0300 | FullBias=0.0000
Low-gradient eligible OOB rows (gradient_p84 <= 4.0): 183 / 801
low_gradient_p84 OOB n=183 | RMSE=0.1563 | Bias=0.0687 | FracRMSE=0.2182 | FracBias=-0.1287 | NoneBias=0.1107 | FullBias=-0.0137
4.89s

=== Bootstrap 914/1000 ===

Chosen filter -> Eg_strong/Eg_weak >= 1.05, data_quantity >= 16 | CV acc=0.8757, CV bin acc=0.9787, n_rows(dedup)=1078 | OOB acc=0.9498, OOB bin acc=0.9844, n_rows_test(dedup)=578 |
OOB cameras: ['glees', 'kenttarova', 'lacclair', 'old_jack_pine', 'oregon_yp', 'tammela', 'torgnon', 'varrio', 'willowcreek', 'wslcreek']
OOB n=669 | RMSE=0.1364 | Bias=0.0219 | FracRMSE=0.2208 | FracBias=-0.0647 | NoneBias=0.0646 | FullBias=-0.0165
Aspect split eligible OOB rows (north/south facing fraction threshold = 0.75): 100 / 669
north_dominated OOB n=68 | RMSE=0.0549 | Bias=0.0108 | FracRMSE=0.1419 | FracBias=0.0680 | NoneBias=0.0120 | FullBias=-0.0010
south_dominated OOB n=32 | RMSE=0.0300 | Bias=0.0067 | FracRMSE=0.0501 | FracBias=0.0027 | NoneBias=0.0343 | FullBias=0.0000
Low-gradient eligible OOB rows (gradient_p84 <= 4.0): 149 / 669
low_gradient_p84 OOB n=149 | RMSE=0.1505 | Bias=0.0467 | FracRMSE=0.2532 | FracBias=-0.1890 | NoneBias=0.0893 | FullBias=-0.0687
5.89s

=== Bootstrap 915/1000 ===

Chosen filter -> Eg_strong/Eg_weak >= 1.05, data_quantity >= 15 | CV acc=0.9298, CV bin acc=0.9775, n_rows(dedup)=1068 | OOB acc=0.9027, OOB bin acc=0.9676, n_rows_test(dedup)=339 |
OOB cameras: ['bartlett', 'delta_junction', 'sodankyla_full', 'torgnon', 'varrio', 'willowcreek']
OOB n=384 | RMSE=0.1777 | Bias=-0.0104 | FracRMSE=0.3727 | FracBias=-0.1196 | NoneBias=0.0366 | FullBias=-0.0274
Aspect split eligible OOB rows (north/south facing fraction threshold = 0.75): 83 / 384
north_dominated OOB n=70 | RMSE=0.1971 | Bias=-0.0610 | FracRMSE=0.3655 | FracBias=-0.2264 | NoneBias=0.0013 | FullBias=-0.0365
south_dominated OOB n=13 | RMSE=0.3334 | Bias=-0.1308 | FracRMSE=0.8500 | FracBias=-0.8500 | NoneBias=0.0000 | FullBias=0.0000
Low-gradient eligible OOB rows (gradient_p84 <= 4.0): 54 / 384
low_gradient_p84 OOB n=54 | RMSE=0.1207 | Bias=-0.0140 | FracRMSE=0.1997 | FracBias=-0.0906 | NoneBias=0.0298 | FullBias=-0.0284
5.66s

=== Bootstrap 916/1000 ===

Chosen filter -> Eg_strong/Eg_weak >= 1.05, data_quantity >= 13 | CV acc=0.9137, CV bin acc=0.9744, n_rows(dedup)=1171 | OOB acc=0.9592, OOB bin acc=0.9796, n_rows_test(dedup)=343 |
OOB cameras: ['hyytiala', 'marcell_MN', 'oregon_yp', 'underhill', 'wslcreek']
OOB n=366 | RMSE=0.1327 | Bias=0.0297 | FracRMSE=0.2378 | FracBias=-0.1334 | NoneBias=0.0623 | FullBias=-0.0213
Aspect split eligible OOB rows (north/south facing fraction threshold = 0.75): 25 / 366
north_dominated OOB n=22 | RMSE=0.1221 | Bias=0.0359 | FracRMSE=0.2873 | FracBias=0.1929 | NoneBias=0.2016 | FullBias=0.0000
south_dominated OOB n=3 | RMSE=0.0000 | Bias=0.0000 | FracRMSE=nan | FracBias=nan | NoneBias=0.0000 | FullBias=0.0000
Low-gradient eligible OOB rows (gradient_p84 <= 4.0): 99 / 366
low_gradient_p84 OOB n=99 | RMSE=0.1500 | Bias=0.0695 | FracRMSE=0.2665 | FracBias=-0.2274 | NoneBias=0.0956 | FullBias=nan
6.33s

=== Bootstrap 917/1000 ===

Chosen filter -> Eg_strong/Eg_weak >= 1.05, data_quantity >= 9 | CV acc=0.9140, CV bin acc=0.9905, n_rows(dedup)=1268 | OOB acc=0.8963, OOB bin acc=0.9580, n_rows_test(dedup)=405 |
OOB cameras: ['bartlett', 'hyytiala', 'lacclair', 'sodankyla_full', 'tammela', 'torgnon', 'underhill', 'willowcreek']
OOB n=451 | RMSE=0.1822 | Bias=-0.0206 | FracRMSE=0.4358 | FracBias=-0.3453 | NoneBias=0.0366 | FullBias=-0.0600
Aspect split eligible OOB rows (north/south facing fraction threshold = 0.75): 36 / 451
north_dominated OOB n=21 | RMSE=0.3515 | Bias=-0.1685 | FracRMSE=0.6071 | FracBias=-0.6014 | NoneBias=0.0412 | FullBias=-0.1420
south_dominated OOB n=15 | RMSE=0.3374 | Bias=-0.1558 | FracRMSE=0.7497 | FracBias=-0.7304 | NoneBias=0.0000 | FullBias=-0.0162
Low-gradient eligible OOB rows (gradient_p84 <= 4.0): 33 / 451
low_gradient_p84 OOB n=33 | RMSE=0.1227 | Bias=-0.0065 | FracRMSE=0.2552 | FracBias=-0.2552 | NoneBias=0.0499 | FullBias=-0.0416
6.32s

=== Bootstrap 918/1000 ===

Chosen filter -> Eg_strong/Eg_weak >= 1.18, data_quantity >= 17 | CV acc=0.9321, CV bin acc=0.9758, n_rows(dedup)=869 | OOB acc=0.9324, OOB bin acc=0.9893, n_rows_test(dedup)=281 |
OOB cameras: ['bartlett', 'delta_junction', 'glees', 'marcell_MN', 'sodankyla_full']
OOB n=319 | RMSE=0.1379 | Bias=-0.0193 | FracRMSE=0.3686 | FracBias=-0.1377 | NoneBias=0.0075 | FullBias=-0.0118
Aspect split eligible OOB rows (north/south facing fraction threshold = 0.75): 63 / 319
north_dominated OOB n=45 | RMSE=0.2325 | Bias=-0.0828 | FracRMSE=0.4168 | FracBias=-0.2663 | NoneBias=0.0000 | FullBias=0.0000
south_dominated OOB n=18 | RMSE=0.2003 | Bias=-0.0472 | FracRMSE=0.8500 | FracBias=-0.8500 | NoneBias=0.0000 | FullBias=0.0000
Low-gradient eligible OOB rows (gradient_p84 <= 4.0): 49 / 319
low_gradient_p84 OOB n=49 | RMSE=0.0932 | Bias=-0.0151 | FracRMSE=0.2096 | FracBias=-0.1013 | NoneBias=0.0087 | FullBias=0.0000
5.32s

=== Bootstrap 919/1000 ===

Chosen filter -> Eg_strong/Eg_weak >= 1.18, data_quantity >= 17 | CV acc=0.9514, CV bin acc=0.9726, n_rows(dedup)=987 | OOB acc=0.8869, OOB bin acc=0.9859, n_rows_test(dedup)=283 |
OOB cameras: ['bartlett', 'delta_junction', 'queens', 'sodankyla_full', 'underc', 'wslcreek']
OOB n=334 | RMSE=0.1594 | Bias=-0.0107 | FracRMSE=0.3496 | FracBias=-0.0953 | NoneBias=0.0210 | FullBias=-0.0075
Aspect split eligible OOB rows (north/south facing fraction threshold = 0.75): 71 / 334
north_dominated OOB n=63 | RMSE=0.2051 | Bias=-0.0529 | FracRMSE=0.4070 | FracBias=-0.2083 | NoneBias=0.0000 | FullBias=0.0000
south_dominated OOB n=8 | RMSE=0.3005 | Bias=-0.1062 | FracRMSE=0.8500 | FracBias=-0.8500 | NoneBias=0.0000 | FullBias=0.0000
Low-gradient eligible OOB rows (gradient_p84 <= 4.0): 49 / 334
low_gradient_p84 OOB n=49 | RMSE=0.0936 | Bias=-0.0084 | FracRMSE=0.2115 | FracBias=-0.0637 | NoneBias=0.0082 | FullBias=0.0000
5.72s

=== Bootstrap 920/1000 ===

Chosen filter -> Eg_strong/Eg_weak >= 1.05, data_quantity >= 16 | CV acc=0.8472, CV bin acc=0.9657, n_rows(dedup)=962 | OOB acc=0.9227, OOB bin acc=0.9787, n_rows_test(dedup)=375 |
OOB cameras: ['bartlett', 'glees', 'lacclair', 'old_jack_pine', 'sodankyla_full', 'tammela', 'underhill']
OOB n=433 | RMSE=0.1475 | Bias=-0.0173 | FracRMSE=0.3773 | FracBias=-0.2213 | NoneBias=0.0247 | FullBias=-0.0242
Aspect split eligible OOB rows (north/south facing fraction threshold = 0.75): 43 / 433
north_dominated OOB n=19 | RMSE=0.3391 | Bias=-0.1535 | FracRMSE=0.5914 | FracBias=-0.5848 | NoneBias=0.0391 | FullBias=-0.1594
south_dominated OOB n=24 | RMSE=0.2476 | Bias=-0.0699 | FracRMSE=0.8500 | FracBias=-0.8500 | NoneBias=0.0296 | FullBias=-0.0074
Low-gradient eligible OOB rows (gradient_p84 <= 4.0): 67 / 433
low_gradient_p84 OOB n=67 | RMSE=0.1146 | Bias=-0.0166 | FracRMSE=0.3223 | FracBias=-0.2522 | NoneBias=0.0226 | FullBias=-0.0092
5.76s

=== Bootstrap 921/1000 ===

Chosen filter -> Eg_strong/Eg_weak >= 1.05, data_quantity >= 17 | CV acc=0.9478, CV bin acc=0.9765, n_rows(dedup)=1150 | OOB acc=0.8914, OOB bin acc=0.9864, n_rows_test(dedup)=221 |
OOB cameras: ['lacclair', 'marcell_MN', 'underc', 'underhill', 'varrio', 'wslcreek']
OOB n=277 | RMSE=0.1314 | Bias=0.0071 | FracRMSE=0.2650 | FracBias=-0.0406 | NoneBias=0.0483 | FullBias=-0.0022
Aspect split eligible OOB rows (north/south facing fraction threshold = 0.75): 47 / 277
north_dominated OOB n=41 | RMSE=0.0851 | Bias=0.0183 | FracRMSE=0.2626 | FracBias=0.1754 | NoneBias=0.0570 | FullBias=0.0000
south_dominated OOB n=6 | RMSE=0.0000 | Bias=0.0000 | FracRMSE=nan | FracBias=nan | NoneBias=nan | FullBias=0.0000
Low-gradient eligible OOB rows (gradient_p84 <= 4.0): 0 / 277
low_gradient_p84 OOB n=0 | RMSE=nan | Bias=nan | FracRMSE=nan | FracBias=nan | NoneBias=nan | FullBias=nan
6.4s

=== Bootstrap 922/1000 ===

Chosen filter -> Eg_strong/Eg_weak >= 1.09, data_quantity >= 13 | CV acc=0.9313, CV bin acc=0.9871, n_rows(dedup)=1005 | OOB acc=0.9364, OOB bin acc=0.9759, n_rows_test(dedup)=456 |
OOB cameras: ['delta_junction', 'glees', 'hyytiala', 'old_jack_pine', 'tammela', 'underhill', 'willowcreek']
OOB n=506 | RMSE=0.1723 | Bias=0.0186 | FracRMSE=0.3217 | FracBias=-0.0084 | NoneBias=0.0422 | FullBias=-0.0167
Aspect split eligible OOB rows (north/south facing fraction threshold = 0.75): 53 / 506
north_dominated OOB n=37 | RMSE=0.2006 | Bias=-0.0247 | FracRMSE=0.3264 | FracBias=-0.1343 | NoneBias=0.0376 | FullBias=0.0000
south_dominated OOB n=16 | RMSE=0.0309 | Bias=0.0096 | FracRMSE=nan | FracBias=nan | NoneBias=0.0384 | FullBias=0.0000
Low-gradient eligible OOB rows (gradient_p84 <= 4.0): 67 / 506
low_gradient_p84 OOB n=67 | RMSE=0.1510 | Bias=-0.0211 | FracRMSE=0.2828 | FracBias=-0.1269 | NoneBias=0.0185 | FullBias=-0.0159
5.8s

=== Bootstrap 923/1000 ===

Chosen filter -> Eg_strong/Eg_weak >= 1.05, data_quantity >= 11 | CV acc=0.9455, CV bin acc=0.9705, n_rows(dedup)=1320 | OOB acc=0.7922, OOB bin acc=0.9221, n_rows_test(dedup)=308 |
OOB cameras: ['bartlett', 'glees', 'lacclair', 'queens', 'sodankyla_full', 'underc', 'underhill']
OOB n=367 | RMSE=0.1944 | Bias=-0.0261 | FracRMSE=0.4172 | FracBias=-0.2603 | NoneBias=0.0396 | FullBias=-0.0271
Aspect split eligible OOB rows (north/south facing fraction threshold = 0.75): 51 / 367
north_dominated OOB n=22 | RMSE=0.4053 | Bias=-0.2056 | FracRMSE=0.7392 | FracBias=-0.7252 | NoneBias=0.0038 | FullBias=-0.1653
south_dominated OOB n=29 | RMSE=0.2232 | Bias=-0.0586 | FracRMSE=0.8500 | FracBias=-0.8500 | NoneBias=0.0000 | FullBias=0.0000
Low-gradient eligible OOB rows (gradient_p84 <= 4.0): 29 / 367
low_gradient_p84 OOB n=29 | RMSE=0.0371 | Bias=0.0035 | FracRMSE=0.0806 | FracBias=-0.0806 | NoneBias=0.0140 | FullBias=0.0000
6.25s

=== Bootstrap 924/1000 ===

Chosen filter -> Eg_strong/Eg_weak >= 1.09, data_quantity >= 16 | CV acc=0.9151, CV bin acc=0.9832, n_rows(dedup)=954 | OOB acc=0.9469, OOB bin acc=0.9903, n_rows_test(dedup)=414 |
OOB cameras: ['lacclair', 'old_jack_pine', 'oregon_yp', 'queens', 'tammela', 'underc', 'wslcreek']
OOB n=496 | RMSE=0.1373 | Bias=0.0261 | FracRMSE=0.2608 | FracBias=-0.0770 | NoneBias=0.0623 | FullBias=-0.0033
Aspect split eligible OOB rows (north/south facing fraction threshold = 0.75): 25 / 496
north_dominated OOB n=21 | RMSE=0.0776 | Bias=0.0159 | FracRMSE=0.2514 | FracBias=0.1675 | NoneBias=0.0000 | FullBias=0.0000
south_dominated OOB n=4 | RMSE=0.0000 | Bias=0.0000 | FracRMSE=nan | FracBias=nan | NoneBias=nan | FullBias=0.0000
Low-gradient eligible OOB rows (gradient_p84 <= 4.0): 136 / 496
low_gradient_p84 OOB n=136 | RMSE=0.1522 | Bias=0.0616 | FracRMSE=0.2585 | FracBias=-0.1875 | NoneBias=0.0970 | FullBias=-0.0080
5.87s

=== Bootstrap 925/1000 ===

Chosen filter -> Eg_strong/Eg_weak >= 1.05, data_quantity >= 13 | CV acc=0.9332, CV bin acc=0.9719, n_rows(dedup)=1317 | OOB acc=0.9017, OOB bin acc=0.9458, n_rows_test(dedup)=295 |
OOB cameras: ['bartlett', 'delta_junction', 'hyytiala', 'lacclair', 'queens', 'tammela', 'torgnon']
OOB n=367 | RMSE=0.1665 | Bias=-0.0339 | FracRMSE=0.4030 | FracBias=-0.1774 | NoneBias=0.0003 | FullBias=-0.0310
Aspect split eligible OOB rows (north/south facing fraction threshold = 0.75): 59 / 367
north_dominated OOB n=46 | RMSE=0.3264 | Bias=-0.1321 | FracRMSE=0.4796 | FracBias=-0.2936 | NoneBias=0.0000 | FullBias=-0.1115
south_dominated OOB n=13 | RMSE=0.3491 | Bias=-0.1595 | FracRMSE=0.7268 | FracBias=-0.6912 | NoneBias=0.0000 | FullBias=0.0000
Low-gradient eligible OOB rows (gradient_p84 <= 4.0): 23 / 367
low_gradient_p84 OOB n=23 | RMSE=0.1326 | Bias=-0.0204 | FracRMSE=0.2248 | FracBias=-0.0587 | NoneBias=0.0000 | FullBias=0.0000
6.25s

=== Bootstrap 926/1000 ===

Chosen filter -> Eg_strong/Eg_weak >= 1.05, data_quantity >= 9 | CV acc=0.9306, CV bin acc=0.9762, n_rows(dedup)=966 | OOB acc=0.9291, OOB bin acc=0.9814, n_rows_test(dedup)=592 |
OOB cameras: ['delta_junction', 'hyytiala', 'kenttarova', 'lacclair', 'oregon_yp', 'sodankyla_full', 'underc', 'underhill']
OOB n=709 | RMSE=0.1506 | Bias=0.0307 | FracRMSE=0.2452 | FracBias=0.0063 | NoneBias=0.0649 | FullBias=-0.0164
Aspect split eligible OOB rows (north/south facing fraction threshold = 0.75): 91 / 709
north_dominated OOB n=74 | RMSE=0.1250 | Bias=0.0119 | FracRMSE=0.2170 | FracBias=0.0002 | NoneBias=0.0326 | FullBias=0.0000
south_dominated OOB n=17 | RMSE=0.0203 | Bias=0.0075 | FracRMSE=0.0483 | FracBias=0.0425 | NoneBias=0.0000 | FullBias=0.0000
Low-gradient eligible OOB rows (gradient_p84 <= 4.0): 160 / 709
low_gradient_p84 OOB n=160 | RMSE=0.1538 | Bias=0.0779 | FracRMSE=0.2001 | FracBias=-0.0486 | NoneBias=0.1155 | FullBias=0.0000
5.26s

=== Bootstrap 927/1000 ===

Chosen filter -> Eg_strong/Eg_weak >= 1.25, data_quantity >= 17 | CV acc=0.9498, CV bin acc=0.9874, n_rows(dedup)=956 | OOB acc=0.9568, OOB bin acc=0.9753, n_rows_test(dedup)=324 |
OOB cameras: ['kenttarova', 'lacclair', 'old_jack_pine', 'sodankyla_full', 'willowcreek']
OOB n=386 | RMSE=0.1487 | Bias=0.0037 | FracRMSE=0.2509 | FracBias=-0.0450 | NoneBias=0.0344 | FullBias=-0.0159
Aspect split eligible OOB rows (north/south facing fraction threshold = 0.75): 46 / 386
north_dominated OOB n=32 | RMSE=0.0186 | Bias=0.0066 | FracRMSE=0.0430 | FracBias=0.0350 | NoneBias=0.0000 | FullBias=0.0000
south_dominated OOB n=14 | RMSE=0.0163 | Bias=0.0050 | FracRMSE=0.0430 | FracBias=0.0350 | NoneBias=0.0000 | FullBias=0.0000
Low-gradient eligible OOB rows (gradient_p84 <= 4.0): 75 / 386
low_gradient_p84 OOB n=75 | RMSE=0.1084 | Bias=-0.0140 | FracRMSE=0.3279 | FracBias=-0.1554 | NoneBias=0.0084 | FullBias=-0.0120
5.83s

=== Bootstrap 928/1000 ===

Chosen filter -> Eg_strong/Eg_weak >= 1.06, data_quantity >= 13 | CV acc=0.9148, CV bin acc=0.9820, n_rows(dedup)=998 | OOB acc=0.9401, OOB bin acc=0.9748, n_rows_test(dedup)=317 |
OOB cameras: ['glees', 'kenttarova', 'oregon_yp', 'queens', 'willowcreek']
OOB n=350 | RMSE=0.1623 | Bias=0.0425 | FracRMSE=0.1641 | FracBias=-0.0761 | NoneBias=0.0914 | FullBias=-0.0295
Aspect split eligible OOB rows (north/south facing fraction threshold = 0.75): 56 / 350
north_dominated OOB n=28 | RMSE=0.0343 | Bias=0.0136 | FracRMSE=0.0400 | FracBias=0.0314 | NoneBias=0.0201 | FullBias=0.0000
south_dominated OOB n=28 | RMSE=0.0347 | Bias=0.0114 | FracRMSE=0.0352 | FracBias=0.0251 | NoneBias=0.0407 | FullBias=0.0000
Low-gradient eligible OOB rows (gradient_p84 <= 4.0): 112 / 350
low_gradient_p84 OOB n=112 | RMSE=0.1576 | Bias=0.0687 | FracRMSE=0.2344 | FracBias=-0.1709 | NoneBias=0.1024 | FullBias=-0.1044
5.51s

=== Bootstrap 929/1000 ===

Chosen filter -> Eg_strong/Eg_weak >= 1.05, data_quantity >= 16 | CV acc=0.8967, CV bin acc=0.9737, n_rows(dedup)=949 | OOB acc=0.9467, OOB bin acc=0.9867, n_rows_test(dedup)=225 |
OOB cameras: ['glees', 'lacclair', 'oregon_yp', 'wslcreek']
OOB n=274 | RMSE=0.1261 | Bias=0.0462 | FracRMSE=0.2058 | FracBias=-0.1180 | NoneBias=0.1066 | FullBias=-0.0076
Aspect split eligible OOB rows (north/south facing fraction threshold = 0.75): 37 / 274
north_dominated OOB n=21 | RMSE=0.0760 | Bias=0.0162 | FracRMSE=0.2460 | FracBias=0.1636 | NoneBias=0.0132 | FullBias=0.0000
south_dominated OOB n=16 | RMSE=0.0501 | Bias=0.0177 | FracRMSE=nan | FracBias=nan | NoneBias=0.0943 | FullBias=0.0000
Low-gradient eligible OOB rows (gradient_p84 <= 4.0): 98 / 274
low_gradient_p84 OOB n=98 | RMSE=0.1521 | Bias=0.0879 | FracRMSE=0.2335 | FracBias=-0.2036 | NoneBias=0.1138 | FullBias=nan
5.28s

=== Bootstrap 930/1000 ===

Chosen filter -> Eg_strong/Eg_weak >= 1.20, data_quantity >= 11 | CV acc=0.9322, CV bin acc=0.9801, n_rows(dedup)=855 | OOB acc=0.9473, OOB bin acc=0.9902, n_rows_test(dedup)=512 |
OOB cameras: ['lacclair', 'old_jack_pine', 'oregon_yp', 'queens', 'sodankyla_full', 'tammela', 'underc']
OOB n=597 | RMSE=0.1359 | Bias=0.0258 | FracRMSE=0.2675 | FracBias=-0.0494 | NoneBias=0.0564 | FullBias=-0.0042
Aspect split eligible OOB rows (north/south facing fraction threshold = 0.75): 13 / 597
north_dominated OOB n=9 | RMSE=0.0000 | Bias=0.0000 | FracRMSE=nan | FracBias=nan | NoneBias=0.0000 | FullBias=0.0000
south_dominated OOB n=4 | RMSE=0.0000 | Bias=0.0000 | FracRMSE=nan | FracBias=nan | NoneBias=0.0000 | FullBias=0.0000
Low-gradient eligible OOB rows (gradient_p84 <= 4.0): 168 / 597
low_gradient_p84 OOB n=168 | RMSE=0.1424 | Bias=0.0527 | FracRMSE=0.2496 | FracBias=-0.1595 | NoneBias=0.0872 | FullBias=0.0000
5.34s

=== Bootstrap 931/1000 ===

Chosen filter -> Eg_strong/Eg_weak >= 1.18, data_quantity >= 15 | CV acc=0.9396, CV bin acc=0.9841, n_rows(dedup)=943 | OOB acc=0.9456, OOB bin acc=0.9819, n_rows_test(dedup)=386 |
OOB cameras: ['bartlett', 'delta_junction', 'marcell_MN', 'queens', 'sodankyla_full', 'torgnon', 'varrio', 'willowcreek']
OOB n=431 | RMSE=0.1577 | Bias=-0.0030 | FracRMSE=0.3713 | FracBias=-0.0889 | NoneBias=0.0309 | FullBias=-0.0138
Aspect split eligible OOB rows (north/south facing fraction threshold = 0.75): 78 / 431
north_dominated OOB n=67 | RMSE=0.1907 | Bias=-0.0500 | FracRMSE=0.4172 | FracBias=-0.2392 | NoneBias=0.0000 | FullBias=0.0000
south_dominated OOB n=11 | RMSE=0.2563 | Bias=-0.0773 | FracRMSE=0.8500 | FracBias=-0.8500 | NoneBias=0.0000 | FullBias=0.0000
Low-gradient eligible OOB rows (gradient_p84 <= 4.0): 54 / 431
low_gradient_p84 OOB n=54 | RMSE=0.1067 | Bias=-0.0086 | FracRMSE=0.2122 | FracBias=-0.0638 | NoneBias=0.0213 | FullBias=-0.0174
5.52s

=== Bootstrap 932/1000 ===

Chosen filter -> Eg_strong/Eg_weak >= 1.05, data_quantity >= 13 | CV acc=0.8928, CV bin acc=0.9594, n_rows(dedup)=886 | OOB acc=0.9084, OOB bin acc=0.9843, n_rows_test(dedup)=382 |
OOB cameras: ['glees', 'oregon_yp', 'queens', 'underc', 'varrio', 'wslcreek']
OOB n=421 | RMSE=0.1480 | Bias=0.0367 | FracRMSE=0.2607 | FracBias=-0.0411 | NoneBias=0.0882 | FullBias=-0.0124
Aspect split eligible OOB rows (north/south facing fraction threshold = 0.75): 62 / 421
north_dominated OOB n=41 | RMSE=0.0755 | Bias=0.0113 | FracRMSE=0.3417 | FracBias=0.2314 | NoneBias=0.0000 | FullBias=0.0000
south_dominated OOB n=21 | RMSE=0.0424 | Bias=0.0130 | FracRMSE=nan | FracBias=nan | NoneBias=0.0912 | FullBias=0.0000
Low-gradient eligible OOB rows (gradient_p84 <= 4.0): 100 / 421
low_gradient_p84 OOB n=100 | RMSE=0.1609 | Bias=0.0794 | FracRMSE=0.2644 | FracBias=-0.2173 | NoneBias=0.1064 | FullBias=0.0000
5.49s

=== Bootstrap 933/1000 ===

Chosen filter -> Eg_strong/Eg_weak >= 1.28, data_quantity >= 16 | CV acc=0.9457, CV bin acc=0.9859, n_rows(dedup)=920 | OOB acc=0.9260, OOB bin acc=0.9678, n_rows_test(dedup)=311 |
OOB cameras: ['delta_junction', 'hyytiala', 'torgnon', 'underhill', 'varrio', 'willowcreek', 'wslcreek']
OOB n=347 | RMSE=0.1672 | Bias=0.0108 | FracRMSE=0.3103 | FracBias=-0.0056 | NoneBias=0.0493 | FullBias=-0.0239
Aspect split eligible OOB rows (north/south facing fraction threshold = 0.75): 77 / 347
north_dominated OOB n=72 | RMSE=0.1456 | Bias=-0.0099 | FracRMSE=0.3024 | FracBias=-0.0999 | NoneBias=0.0308 | FullBias=0.0000
south_dominated OOB n=5 | RMSE=0.0000 | Bias=0.0000 | FracRMSE=nan | FracBias=nan | NoneBias=nan | FullBias=0.0000
Low-gradient eligible OOB rows (gradient_p84 <= 4.0): 26 / 347
low_gradient_p84 OOB n=26 | RMSE=0.1893 | Bias=-0.0329 | FracRMSE=0.2129 | FracBias=-0.0993 | NoneBias=0.0591 | FullBias=-0.0815
5.79s

=== Bootstrap 934/1000 ===

Chosen filter -> Eg_strong/Eg_weak >= 1.05, data_quantity >= 11 | CV acc=0.9235, CV bin acc=0.9745, n_rows(dedup)=981 | OOB acc=0.9620, OOB bin acc=0.9971, n_rows_test(dedup)=342 |
OOB cameras: ['marcell_MN', 'old_jack_pine', 'oregon_yp', 'wslcreek']
OOB n=384 | RMSE=0.1342 | Bias=0.0311 | FracRMSE=0.2709 | FracBias=-0.0677 | NoneBias=0.0631 | FullBias=-0.0018
Aspect split eligible OOB rows (north/south facing fraction threshold = 0.75): 21 / 384
north_dominated OOB n=19 | RMSE=0.1011 | Bias=0.0221 | FracRMSE=0.3117 | FracBias=0.2102 | NoneBias=0.0000 | FullBias=0.0000
south_dominated OOB n=2 | RMSE=0.0000 | Bias=0.0000 | FracRMSE=nan | FracBias=nan | NoneBias=nan | FullBias=0.0000
Low-gradient eligible OOB rows (gradient_p84 <= 4.0): 141 / 384
low_gradient_p84 OOB n=141 | RMSE=0.1469 | Bias=0.0521 | FracRMSE=0.2639 | FracBias=-0.1827 | NoneBias=0.0839 | FullBias=0.0000
5.24s

=== Bootstrap 935/1000 ===

Chosen filter -> Eg_strong/Eg_weak >= 1.18, data_quantity >= 14 | CV acc=0.9323, CV bin acc=0.9667, n_rows(dedup)=842 | OOB acc=0.9379, OOB bin acc=0.9931, n_rows_test(dedup)=290 |
OOB cameras: ['glees', 'kenttarova', 'marcell_MN', 'tammela', 'torgnon', 'varrio']
OOB n=317 | RMSE=0.0564 | Bias=0.0038 | FracRMSE=0.1238 | FracBias=-0.0004 | NoneBias=0.0143 | FullBias=-0.0029
Aspect split eligible OOB rows (north/south facing fraction threshold = 0.75): 81 / 317
north_dominated OOB n=49 | RMSE=0.0159 | Bias=0.0052 | FracRMSE=0.0400 | FracBias=0.0314 | NoneBias=0.0026 | FullBias=0.0000
south_dominated OOB n=32 | RMSE=0.0519 | Bias=-0.0007 | FracRMSE=0.1403 | FracBias=-0.0343 | NoneBias=0.0191 | FullBias=0.0000
Low-gradient eligible OOB rows (gradient_p84 <= 4.0): 9 / 317
low_gradient_p84 OOB n=9 | RMSE=0.0283 | Bias=0.0133 | FracRMSE=0.0600 | FracBias=0.0600 | NoneBias=0.0000 | FullBias=0.0000
5.14s

=== Bootstrap 936/1000 ===

Chosen filter -> Eg_strong/Eg_weak >= 1.05, data_quantity >= 13 | CV acc=0.9480, CV bin acc=0.9792, n_rows(dedup)=1249 | OOB acc=0.9036, OOB bin acc=0.9819, n_rows_test(dedup)=332 |
OOB cameras: ['delta_junction', 'tammela', 'torgnon', 'underc', 'underhill', 'varrio', 'wslcreek']
OOB n=386 | RMSE=0.1651 | Bias=0.0122 | FracRMSE=0.3211 | FracBias=0.0314 | NoneBias=0.0350 | FullBias=-0.0104
Aspect split eligible OOB rows (north/south facing fraction threshold = 0.75): 85 / 386
north_dominated OOB n=77 | RMSE=0.1510 | Bias=-0.0050 | FracRMSE=0.3424 | FracBias=-0.0665 | NoneBias=0.0229 | FullBias=0.0000
south_dominated OOB n=8 | RMSE=0.0486 | Bias=-0.0172 | FracRMSE=0.1374 | FracBias=-0.1374 | NoneBias=0.0000 | FullBias=0.0000
Low-gradient eligible OOB rows (gradient_p84 <= 4.0): 24 / 386
low_gradient_p84 OOB n=24 | RMSE=0.1375 | Bias=-0.0167 | FracRMSE=0.2381 | FracBias=-0.0502 | NoneBias=0.0000 | FullBias=0.0000
6.42s

=== Bootstrap 937/1000 ===

Chosen filter -> Eg_strong/Eg_weak >= 1.05, data_quantity >= 9 | CV acc=0.9035, CV bin acc=0.9822, n_rows(dedup)=1233 | OOB acc=0.9658, OOB bin acc=0.9924, n_rows_test(dedup)=527 |
OOB cameras: ['kenttarova', 'old_jack_pine', 'oregon_yp', 'tammela', 'torgnon', 'underhill', 'varrio', 'wslcreek']
OOB n=592 | RMSE=0.1195 | Bias=0.0202 | FracRMSE=0.2282 | FracBias=-0.0557 | NoneBias=0.0483 | FullBias=-0.0034
Aspect split eligible OOB rows (north/south facing fraction threshold = 0.75): 96 / 592
north_dominated OOB n=74 | RMSE=0.0518 | Bias=0.0129 | FracRMSE=0.1133 | FracBias=0.0596 | NoneBias=0.0237 | FullBias=0.0000
south_dominated OOB n=22 | RMSE=0.0710 | Bias=-0.0087 | FracRMSE=0.1665 | FracBias=-0.0480 | NoneBias=0.0000 | FullBias=0.0000
Low-gradient eligible OOB rows (gradient_p84 <= 4.0): 151 / 592
low_gradient_p84 OOB n=151 | RMSE=0.1374 | Bias=0.0446 | FracRMSE=0.2543 | FracBias=-0.1660 | NoneBias=0.0773 | FullBias=-0.0023
5.96s

=== Bootstrap 938/1000 ===

Chosen filter -> Eg_strong/Eg_weak >= 1.05, data_quantity >= 16 | CV acc=0.9395, CV bin acc=0.9823, n_rows(dedup)=959 | OOB acc=0.8820, OOB bin acc=0.9551, n_rows_test(dedup)=178 |
OOB cameras: ['tammela', 'underc', 'underhill', 'willowcreek']
OOB n=192 | RMSE=0.2178 | Bias=0.0329 | FracRMSE=0.2789 | FracBias=0.0198 | NoneBias=0.0775 | FullBias=-0.0383
Aspect split eligible OOB rows (north/south facing fraction threshold = 0.75): 2 / 192
north_dominated OOB n=2 | RMSE=0.3436 | Bias=0.2430 | FracRMSE=nan | FracBias=nan | NoneBias=0.4860 | FullBias=0.0000
south_dominated OOB n=0 | RMSE=nan | Bias=nan | FracRMSE=nan | FracBias=nan | NoneBias=nan | FullBias=nan
Low-gradient eligible OOB rows (gradient_p84 <= 4.0): 4 / 192
low_gradient_p84 OOB n=4 | RMSE=0.3096 | Bias=0.0172 | FracRMSE=nan | FracBias=nan | NoneBias=0.2609 | FullBias=-0.2265
5.58s

=== Bootstrap 939/1000 ===

Chosen filter -> Eg_strong/Eg_weak >= 1.10, data_quantity >= 13 | CV acc=0.9361, CV bin acc=0.9770, n_rows(dedup)=1173 | OOB acc=0.9097, OOB bin acc=0.9871, n_rows_test(dedup)=310 |
OOB cameras: ['glees', 'lacclair', 'old_jack_pine', 'sodankyla_full', 'torgnon', 'underhill']
OOB n=365 | RMSE=0.1408 | Bias=0.0107 | FracRMSE=0.2904 | FracBias=-0.0935 | NoneBias=0.0475 | FullBias=-0.0022
Aspect split eligible OOB rows (north/south facing fraction threshold = 0.75): 32 / 365
north_dominated OOB n=11 | RMSE=0.1691 | Bias=0.0510 | FracRMSE=nan | FracBias=nan | NoneBias=0.1122 | FullBias=0.0000
south_dominated OOB n=21 | RMSE=0.0429 | Bias=-0.0022 | FracRMSE=0.1691 | FracBias=-0.1691 | NoneBias=0.0248 | FullBias=0.0000
Low-gradient eligible OOB rows (gradient_p84 <= 4.0): 69 / 365
low_gradient_p84 OOB n=69 | RMSE=0.1143 | Bias=-0.0182 | FracRMSE=0.3393 | FracBias=-0.2262 | NoneBias=0.0103 | FullBias=-0.0026
5.8s

=== Bootstrap 940/1000 ===

Chosen filter -> Eg_strong/Eg_weak >= 1.18, data_quantity >= 17 | CV acc=0.9596, CV bin acc=0.9877, n_rows(dedup)=892 | OOB acc=0.9291, OOB bin acc=0.9817, n_rows_test(dedup)=437 |
OOB cameras: ['bartlett', 'delta_junction', 'oregon_yp', 'queens', 'sodankyla_full', 'torgnon', 'underc', 'willowcreek']
OOB n=500 | RMSE=0.1717 | Bias=-0.0022 | FracRMSE=0.3392 | FracBias=-0.1342 | NoneBias=0.0391 | FullBias=-0.0233
Aspect split eligible OOB rows (north/south facing fraction threshold = 0.75): 54 / 500
north_dominated OOB n=46 | RMSE=0.2285 | Bias=-0.0722 | FracRMSE=0.4142 | FracBias=-0.2376 | NoneBias=0.0003 | FullBias=0.0000
south_dominated OOB n=8 | RMSE=0.3005 | Bias=-0.1062 | FracRMSE=0.8500 | FracBias=-0.8500 | NoneBias=0.0000 | FullBias=0.0000
Low-gradient eligible OOB rows (gradient_p84 <= 4.0): 150 / 500
low_gradient_p84 OOB n=150 | RMSE=0.1098 | Bias=0.0030 | FracRMSE=0.2551 | FracBias=-0.1592 | NoneBias=0.0325 | FullBias=-0.0206
5.5s

=== Bootstrap 941/1000 ===

Chosen filter -> Eg_strong/Eg_weak >= 1.06, data_quantity >= 15 | CV acc=0.8686, CV bin acc=0.9726, n_rows(dedup)=875 | OOB acc=0.9730, OOB bin acc=0.9843, n_rows_test(dedup)=445 |
OOB cameras: ['bartlett', 'kenttarova', 'old_jack_pine', 'oregon_yp', 'queens', 'varrio', 'wslcreek']
OOB n=514 | RMSE=0.1489 | Bias=0.0126 | FracRMSE=0.2974 | FracBias=-0.1127 | NoneBias=0.0635 | FullBias=-0.0201
Aspect split eligible OOB rows (north/south facing fraction threshold = 0.75): 103 / 514
north_dominated OOB n=77 | RMSE=0.1842 | Bias=-0.0368 | FracRMSE=0.3308 | FracBias=-0.1174 | NoneBias=0.0101 | FullBias=-0.0324
south_dominated OOB n=26 | RMSE=0.2361 | Bias=-0.0640 | FracRMSE=0.5383 | FracBias=-0.3266 | NoneBias=0.0000 | FullBias=-0.0018
Low-gradient eligible OOB rows (gradient_p84 <= 4.0): 145 / 514
low_gradient_p84 OOB n=145 | RMSE=0.1494 | Bias=0.0662 | FracRMSE=0.2343 | FracBias=-0.1596 | NoneBias=0.1039 | FullBias=-0.0093
5.29s

=== Bootstrap 942/1000 ===

Chosen filter -> Eg_strong/Eg_weak >= 1.05, data_quantity >= 16 | CV acc=0.9373, CV bin acc=0.9798, n_rows(dedup)=941 | OOB acc=0.9777, OOB bin acc=0.9944, n_rows_test(dedup)=179 |
OOB cameras: ['tammela', 'underhill', 'varrio', 'wslcreek']
OOB n=188 | RMSE=0.0825 | Bias=0.0100 | FracRMSE=0.2117 | FracBias=0.1424 | NoneBias=0.0189 | FullBias=-0.0003
Aspect split eligible OOB rows (north/south facing fraction threshold = 0.75): 44 / 188
north_dominated OOB n=40 | RMSE=0.0793 | Bias=0.0172 | FracRMSE=0.2508 | FracBias=0.1670 | NoneBias=0.0506 | FullBias=0.0000
south_dominated OOB n=4 | RMSE=0.0000 | Bias=0.0000 | FracRMSE=nan | FracBias=nan | NoneBias=nan | FullBias=0.0000
Low-gradient eligible OOB rows (gradient_p84 <= 4.0): 0 / 188
low_gradient_p84 OOB n=0 | RMSE=nan | Bias=nan | FracRMSE=nan | FracBias=nan | NoneBias=nan | FullBias=nan
5.46s

=== Bootstrap 943/1000 ===

Chosen filter -> Eg_strong/Eg_weak >= 1.18, data_quantity >= 16 | CV acc=0.8778, CV bin acc=0.9776, n_rows(dedup)=982 | OOB acc=0.9443, OOB bin acc=0.9838, n_rows_test(dedup)=431 |
OOB cameras: ['glees', 'hyytiala', 'kenttarova', 'lacclair', 'oregon_yp', 'varrio', 'wslcreek']
OOB n=502 | RMSE=0.1137 | Bias=0.0233 | FracRMSE=0.1482 | FracBias=-0.0668 | NoneBias=0.0755 | FullBias=-0.0297
Aspect split eligible OOB rows (north/south facing fraction threshold = 0.75): 99 / 502
north_dominated OOB n=68 | RMSE=0.0466 | Bias=0.0068 | FracRMSE=0.1001 | FracBias=0.0534 | NoneBias=0.0190 | FullBias=-0.0064
south_dominated OOB n=31 | RMSE=0.0327 | Bias=0.0070 | FracRMSE=0.0545 | FracBias=-0.0008 | NoneBias=0.0366 | FullBias=0.0000
Low-gradient eligible OOB rows (gradient_p84 <= 4.0): 106 / 502
low_gradient_p84 OOB n=106 | RMSE=0.1577 | Bias=0.1048 | FracRMSE=0.1835 | FracBias=-0.1424 | NoneBias=0.1333 | FullBias=0.0000
5.68s

=== Bootstrap 944/1000 ===

Chosen filter -> Eg_strong/Eg_weak >= 1.20, data_quantity >= 15 | CV acc=0.9268, CV bin acc=0.9749, n_rows(dedup)=956 | OOB acc=0.9249, OOB bin acc=0.9741, n_rows_test(dedup)=386 |
OOB cameras: ['bartlett', 'delta_junction', 'glees', 'hyytiala', 'marcell_MN', 'sodankyla_full', 'torgnon']
OOB n=425 | RMSE=0.1250 | Bias=-0.0163 | FracRMSE=0.3690 | FracBias=-0.1215 | NoneBias=0.0051 | FullBias=-0.0172
Aspect split eligible OOB rows (north/south facing fraction threshold = 0.75): 66 / 425
north_dominated OOB n=45 | RMSE=0.2352 | Bias=-0.0828 | FracRMSE=0.4217 | FracBias=-0.2660 | NoneBias=0.0000 | FullBias=0.0000
south_dominated OOB n=21 | RMSE=0.1855 | Bias=-0.0405 | FracRMSE=0.8500 | FracBias=-0.8500 | NoneBias=0.0000 | FullBias=0.0000
Low-gradient eligible OOB rows (gradient_p84 <= 4.0): 50 / 425
low_gradient_p84 OOB n=50 | RMSE=0.0925 | Bias=-0.0141 | FracRMSE=0.2111 | FracBias=-0.0967 | NoneBias=0.0078 | FullBias=0.0000
5.55s

=== Bootstrap 945/1000 ===

Chosen filter -> Eg_strong/Eg_weak >= 1.13, data_quantity >= 11 | CV acc=0.9200, CV bin acc=0.9779, n_rows(dedup)=813 | OOB acc=0.9396, OOB bin acc=0.9849, n_rows_test(dedup)=530 |
OOB cameras: ['kenttarova', 'marcell_MN', 'oregon_yp', 'queens', 'sodankyla_full', 'tammela', 'underc', 'underhill']
OOB n=585 | RMSE=0.1339 | Bias=0.0282 | FracRMSE=0.2009 | FracBias=-0.0441 | NoneBias=0.0640 | FullBias=-0.0102
Aspect split eligible OOB rows (north/south facing fraction threshold = 0.75): 54 / 585
north_dominated OOB n=38 | RMSE=0.0669 | Bias=0.0213 | FracRMSE=0.0430 | FracBias=0.0350 | NoneBias=0.0407 | FullBias=0.0000
south_dominated OOB n=16 | RMSE=0.0214 | Bias=0.0081 | FracRMSE=0.0493 | FracBias=0.0433 | NoneBias=0.0000 | FullBias=0.0000
Low-gradient eligible OOB rows (gradient_p84 <= 4.0): 137 / 585
low_gradient_p84 OOB n=137 | RMSE=0.1500 | Bias=0.0732 | FracRMSE=0.2213 | FracBias=-0.1461 | NoneBias=0.1077 | FullBias=0.0000
4.86s

=== Bootstrap 946/1000 ===

Chosen filter -> Eg_strong/Eg_weak >= 1.05, data_quantity >= 16 | CV acc=0.9472, CV bin acc=0.9850, n_rows(dedup)=1003 | OOB acc=0.8937, OOB bin acc=0.9828, n_rows_test(dedup)=348 |
OOB cameras: ['glees', 'lacclair', 'old_jack_pine', 'queens', 'sodankyla_full', 'underc']
OOB n=413 | RMSE=0.1347 | Bias=0.0115 | FracRMSE=0.2972 | FracBias=-0.0196 | NoneBias=0.0322 | FullBias=-0.0009
Aspect split eligible OOB rows (north/south facing fraction threshold = 0.75): 25 / 413
north_dominated OOB n=8 | RMSE=0.0000 | Bias=0.0000 | FracRMSE=nan | FracBias=nan | NoneBias=0.0000 | FullBias=0.0000
south_dominated OOB n=17 | RMSE=0.0023 | Bias=0.0006 | FracRMSE=nan | FracBias=nan | NoneBias=0.0024 | FullBias=0.0000
Low-gradient eligible OOB rows (gradient_p84 <= 4.0): 67 / 413
low_gradient_p84 OOB n=67 | RMSE=0.1005 | Bias=-0.0079 | FracRMSE=0.2917 | FracBias=-0.1227 | NoneBias=0.0087 | FullBias=0.0000
5.74s

=== Bootstrap 947/1000 ===

Chosen filter -> Eg_strong/Eg_weak >= 1.05, data_quantity >= 17 | CV acc=0.9581, CV bin acc=0.9825, n_rows(dedup)=1313 | OOB acc=0.8787, OOB bin acc=0.9645, n_rows_test(dedup)=338 |
OOB cameras: ['bartlett', 'delta_junction', 'kenttarova', 'lacclair', 'queens', 'underc', 'varrio', 'willowcreek']
OOB n=439 | RMSE=0.2050 | Bias=-0.0243 | FracRMSE=0.3709 | FracBias=-0.1504 | NoneBias=0.0361 | FullBias=-0.0245
Aspect split eligible OOB rows (north/south facing fraction threshold = 0.75): 113 / 439
north_dominated OOB n=88 | RMSE=0.2362 | Bias=-0.0651 | FracRMSE=0.4143 | FracBias=-0.2021 | NoneBias=0.0000 | FullBias=-0.0412
south_dominated OOB n=25 | RMSE=0.2407 | Bias=-0.0652 | FracRMSE=0.6018 | FracBias=-0.4075 | NoneBias=0.0000 | FullBias=0.0000
Low-gradient eligible OOB rows (gradient_p84 <= 4.0): 32 / 439
low_gradient_p84 OOB n=32 | RMSE=0.1350 | Bias=-0.0380 | FracRMSE=0.2508 | FracBias=-0.1206 | NoneBias=0.0000 | FullBias=-0.0130
6.83s

=== Bootstrap 948/1000 ===

Chosen filter -> Eg_strong/Eg_weak >= 1.05, data_quantity >= 16 | CV acc=0.9546, CV bin acc=0.9828, n_rows(dedup)=1277 | OOB acc=0.8608, OOB bin acc=0.9588, n_rows_test(dedup)=194 |
OOB cameras: ['bartlett', 'delta_junction', 'kenttarova', 'lacclair', 'torgnon', 'wslcreek']
OOB n=280 | RMSE=0.1821 | Bias=-0.0381 | FracRMSE=0.3304 | FracBias=-0.1179 | NoneBias=0.0000 | FullBias=-0.0219
Aspect split eligible OOB rows (north/south facing fraction threshold = 0.75): 113 / 280
north_dominated OOB n=89 | RMSE=0.2199 | Bias=-0.0589 | FracRMSE=0.3466 | FracBias=-0.1523 | NoneBias=0.0000 | FullBias=-0.0394
south_dominated OOB n=24 | RMSE=0.2460 | Bias=-0.0654 | FracRMSE=0.5389 | FracBias=-0.3140 | NoneBias=0.0000 | FullBias=0.0000
Low-gradient eligible OOB rows (gradient_p84 <= 4.0): 30 / 280
low_gradient_p84 OOB n=30 | RMSE=0.1140 | Bias=-0.0191 | FracRMSE=0.1974 | FracBias=-0.0572 | NoneBias=0.0000 | FullBias=0.0000
6.42s

=== Bootstrap 949/1000 ===

Chosen filter -> Eg_strong/Eg_weak >= 1.18, data_quantity >= 16 | CV acc=0.9360, CV bin acc=0.9886, n_rows(dedup)=703 | OOB acc=0.9251, OOB bin acc=0.9654, n_rows_test(dedup)=347 |
OOB cameras: ['hyytiala', 'sodankyla_full', 'tammela', 'willowcreek', 'wslcreek']
OOB n=352 | RMSE=0.1377 | Bias=-0.0008 | FracRMSE=0.2272 | FracBias=-0.0301 | NoneBias=0.0293 | FullBias=-0.0448
Aspect split eligible OOB rows (north/south facing fraction threshold = 0.75): 26 / 352
north_dominated OOB n=24 | RMSE=0.0601 | Bias=0.0114 | FracRMSE=0.2082 | FracBias=0.1369 | NoneBias=0.0000 | FullBias=0.0000
south_dominated OOB n=2 | RMSE=0.0000 | Bias=0.0000 | FracRMSE=nan | FracBias=nan | NoneBias=0.0000 | FullBias=0.0000
Low-gradient eligible OOB rows (gradient_p84 <= 4.0): 32 / 352
low_gradient_p84 OOB n=32 | RMSE=0.1180 | Bias=-0.0071 | FracRMSE=0.2282 | FracBias=-0.2282 | NoneBias=0.0440 | FullBias=-0.0412
5.0s

=== Bootstrap 950/1000 ===

Chosen filter -> Eg_strong/Eg_weak >= 1.18, data_quantity >= 16 | CV acc=0.9039, CV bin acc=0.9794, n_rows(dedup)=874 | OOB acc=0.9715, OOB bin acc=0.9929, n_rows_test(dedup)=281 |
OOB cameras: ['kenttarova', 'marcell_MN', 'old_jack_pine', 'queens', 'tammela']
OOB n=320 | RMSE=0.1011 | Bias=-0.0049 | FracRMSE=0.2401 | FracBias=-0.0377 | NoneBias=0.0073 | FullBias=-0.0105
Aspect split eligible OOB rows (north/south facing fraction threshold = 0.75): 40 / 320
north_dominated OOB n=27 | RMSE=0.0205 | Bias=0.0086 | FracRMSE=0.0400 | FracBias=0.0314 | NoneBias=0.0019 | FullBias=0.0000
south_dominated OOB n=13 | RMSE=0.0170 | Bias=0.0061 | FracRMSE=0.0355 | FracBias=0.0263 | NoneBias=0.0000 | FullBias=0.0000
Low-gradient eligible OOB rows (gradient_p84 <= 4.0): 45 / 320
low_gradient_p84 OOB n=45 | RMSE=0.1194 | Bias=-0.0257 | FracRMSE=0.2791 | FracBias=-0.1530 | NoneBias=0.0060 | FullBias=-0.0092
5.43s

=== Bootstrap 951/1000 ===

Chosen filter -> Eg_strong/Eg_weak >= 1.05, data_quantity >= 16 | CV acc=0.9373, CV bin acc=0.9788, n_rows(dedup)=1036 | OOB acc=0.9392, OOB bin acc=0.9724, n_rows_test(dedup)=181 |
OOB cameras: ['bartlett', 'marcell_MN', 'old_jack_pine', 'torgnon']
OOB n=210 | RMSE=0.2062 | Bias=-0.0332 | FracRMSE=0.4570 | FracBias=-0.1932 | NoneBias=0.0115 | FullBias=-0.0290
Aspect split eligible OOB rows (north/south facing fraction threshold = 0.75): 18 / 210
north_dominated OOB n=9 | RMSE=0.5830 | Bias=-0.4256 | FracRMSE=0.7332 | FracBias=-0.7207 | NoneBias=0.0000 | FullBias=-0.4171
south_dominated OOB n=9 | RMSE=0.4007 | Bias=-0.1889 | FracRMSE=0.8500 | FracBias=-0.8500 | NoneBias=0.0000 | FullBias=0.0000
Low-gradient eligible OOB rows (gradient_p84 <= 4.0): 39 / 210
low_gradient_p84 OOB n=39 | RMSE=0.1342 | Bias=-0.0293 | FracRMSE=0.3422 | FracBias=-0.1907 | NoneBias=0.0000 | FullBias=0.0000
5.79s

=== Bootstrap 952/1000 ===

Chosen filter -> Eg_strong/Eg_weak >= 1.09, data_quantity >= 16 | CV acc=0.9240, CV bin acc=0.9659, n_rows(dedup)=1026 | OOB acc=0.9442, OOB bin acc=0.9814, n_rows_test(dedup)=430 |
OOB cameras: ['glees', 'lacclair', 'marcell_MN', 'old_jack_pine', 'tammela', 'torgnon', 'varrio', 'willowcreek', 'wslcreek']
OOB n=491 | RMSE=0.1463 | Bias=0.0089 | FracRMSE=0.3018 | FracBias=-0.0468 | NoneBias=0.0450 | FullBias=-0.0135
Aspect split eligible OOB rows (north/south facing fraction threshold = 0.75): 60 / 491
north_dominated OOB n=40 | RMSE=0.0745 | Bias=0.0113 | FracRMSE=0.3332 | FracBias=0.2254 | NoneBias=0.0000 | FullBias=0.0000
south_dominated OOB n=20 | RMSE=0.0378 | Bias=0.0114 | FracRMSE=nan | FracBias=nan | NoneBias=0.0757 | FullBias=0.0000
Low-gradient eligible OOB rows (gradient_p84 <= 4.0): 42 / 491
low_gradient_p84 OOB n=42 | RMSE=0.1782 | Bias=-0.0347 | FracRMSE=0.3555 | FracBias=-0.2430 | NoneBias=0.0280 | FullBias=-0.0726
5.93s

=== Bootstrap 953/1000 ===

Chosen filter -> Eg_strong/Eg_weak >= 1.18, data_quantity >= 17 | CV acc=0.9448, CV bin acc=0.9860, n_rows(dedup)=1141 | OOB acc=0.9134, OOB bin acc=0.9794, n_rows_test(dedup)=485 |
OOB cameras: ['glees', 'lacclair', 'marcell_MN', 'old_jack_pine', 'queens', 'sodankyla_full', 'tammela', 'torgnon', 'underc', 'willowcreek']
OOB n=550 | RMSE=0.1580 | Bias=0.0112 | FracRMSE=0.3140 | FracBias=-0.0391 | NoneBias=0.0434 | FullBias=-0.0129
Aspect split eligible OOB rows (north/south facing fraction threshold = 0.75): 25 / 550
north_dominated OOB n=8 | RMSE=0.0000 | Bias=0.0000 | FracRMSE=nan | FracBias=nan | NoneBias=0.0000 | FullBias=0.0000
south_dominated OOB n=17 | RMSE=0.0040 | Bias=0.0010 | FracRMSE=nan | FracBias=nan | NoneBias=0.0041 | FullBias=0.0000
Low-gradient eligible OOB rows (gradient_p84 <= 4.0): 68 / 550
low_gradient_p84 OOB n=68 | RMSE=0.1438 | Bias=-0.0145 | FracRMSE=0.3616 | FracBias=-0.2211 | NoneBias=0.0239 | FullBias=-0.0235
6.68s

=== Bootstrap 954/1000 ===

Chosen filter -> Eg_strong/Eg_weak >= 1.06, data_quantity >= 17 | CV acc=0.9373, CV bin acc=0.9569, n_rows(dedup)=1068 | OOB acc=0.9465, OOB bin acc=0.9881, n_rows_test(dedup)=505 |
OOB cameras: ['delta_junction', 'kenttarova', 'lacclair', 'old_jack_pine', 'oregon_yp', 'tammela', 'torgnon', 'varrio']
OOB n=618 | RMSE=0.1271 | Bias=0.0009 | FracRMSE=0.3118 | FracBias=-0.0398 | NoneBias=0.0127 | FullBias=-0.0016
Aspect split eligible OOB rows (north/south facing fraction threshold = 0.75): 97 / 618
north_dominated OOB n=80 | RMSE=0.1460 | Bias=-0.0032 | FracRMSE=0.3167 | FracBias=-0.0149 | NoneBias=0.0000 | FullBias=0.0000
south_dominated OOB n=17 | RMSE=0.0148 | Bias=0.0041 | FracRMSE=0.0430 | FracBias=0.0350 | NoneBias=0.0000 | FullBias=0.0000
Low-gradient eligible OOB rows (gradient_p84 <= 4.0): 162 / 618
low_gradient_p84 OOB n=162 | RMSE=0.1243 | Bias=0.0034 | FracRMSE=0.3004 | FracBias=-0.0923 | NoneBias=0.0208 | FullBias=0.0000
5.91s

=== Bootstrap 955/1000 ===

Chosen filter -> Eg_strong/Eg_weak >= 1.05, data_quantity >= 17 | CV acc=0.9482, CV bin acc=0.9710, n_rows(dedup)=965 | OOB acc=0.9062, OOB bin acc=0.9799, n_rows_test(dedup)=448 |
OOB cameras: ['hyytiala', 'kenttarova', 'old_jack_pine', 'queens', 'sodankyla_full', 'torgnon', 'underc']
OOB n=498 | RMSE=0.1157 | Bias=-0.0010 | FracRMSE=0.2544 | FracBias=-0.0424 | NoneBias=0.0149 | FullBias=-0.0135
Aspect split eligible OOB rows (north/south facing fraction threshold = 0.75): 45 / 498
north_dominated OOB n=31 | RMSE=0.0189 | Bias=0.0068 | FracRMSE=0.0430 | FracBias=0.0350 | NoneBias=0.0000 | FullBias=0.0000
south_dominated OOB n=14 | RMSE=0.0163 | Bias=0.0050 | FracRMSE=0.0430 | FracBias=0.0350 | NoneBias=0.0000 | FullBias=0.0000
Low-gradient eligible OOB rows (gradient_p84 <= 4.0): 73 / 498
low_gradient_p84 OOB n=73 | RMSE=0.0971 | Bias=-0.0113 | FracRMSE=0.3049 | FracBias=-0.1518 | NoneBias=0.0057 | FullBias=0.0000
5.43s

=== Bootstrap 956/1000 ===

Chosen filter -> Eg_strong/Eg_weak >= 1.05, data_quantity >= 17 | CV acc=0.9467, CV bin acc=0.9840, n_rows(dedup)=750 | OOB acc=0.9389, OOB bin acc=0.9847, n_rows_test(dedup)=458 |
OOB cameras: ['kenttarova', 'oregon_yp', 'sodankyla_full', 'varrio', 'willowcreek', 'wslcreek']
OOB n=499 | RMSE=0.1380 | Bias=0.0296 | FracRMSE=0.1733 | FracBias=-0.0712 | NoneBias=0.0766 | FullBias=-0.0186
Aspect split eligible OOB rows (north/south facing fraction threshold = 0.75): 85 / 499
north_dominated OOB n=69 | RMSE=0.0512 | Bias=0.0103 | FracRMSE=0.1391 | FracBias=0.0711 | NoneBias=0.0110 | FullBias=-0.0010
south_dominated OOB n=16 | RMSE=0.0152 | Bias=0.0044 | FracRMSE=0.0430 | FracBias=0.0350 | NoneBias=0.0000 | FullBias=0.0000
Low-gradient eligible OOB rows (gradient_p84 <= 4.0): 136 / 499
low_gradient_p84 OOB n=136 | RMSE=0.1504 | Bias=0.0686 | FracRMSE=0.2270 | FracBias=-0.1773 | NoneBias=0.1081 | FullBias=-0.0323
4.94s

=== Bootstrap 957/1000 ===

Chosen filter -> Eg_strong/Eg_weak >= 1.18, data_quantity >= 16 | CV acc=0.9070, CV bin acc=0.9771, n_rows(dedup)=656 | OOB acc=0.9656, OOB bin acc=0.9978, n_rows_test(dedup)=465 |
OOB cameras: ['kenttarova', 'marcell_MN', 'oregon_yp', 'sodankyla_full', 'torgnon', 'varrio', 'wslcreek']
OOB n=512 | RMSE=0.0978 | Bias=0.0240 | FracRMSE=0.1730 | FracBias=-0.0730 | NoneBias=0.0650 | FullBias=-0.0071
Aspect split eligible OOB rows (north/south facing fraction threshold = 0.75): 90 / 512
north_dominated OOB n=72 | RMSE=0.0470 | Bias=0.0108 | FracRMSE=0.1201 | FracBias=0.0604 | NoneBias=0.0139 | FullBias=-0.0004
south_dominated OOB n=18 | RMSE=0.0169 | Bias=0.0018 | FracRMSE=0.0415 | FracBias=0.0105 | NoneBias=0.0000 | FullBias=0.0000
Low-gradient eligible OOB rows (gradient_p84 <= 4.0): 134 / 512
low_gradient_p84 OOB n=134 | RMSE=0.1408 | Bias=0.0727 | FracRMSE=0.2079 | FracBias=-0.1600 | NoneBias=0.1075 | FullBias=0.0000
4.77s

=== Bootstrap 958/1000 ===

Chosen filter -> Eg_strong/Eg_weak >= 1.06, data_quantity >= 16 | CV acc=0.9412, CV bin acc=0.9782, n_rows(dedup)=1054 | OOB acc=0.9378, OOB bin acc=0.9811, n_rows_test(dedup)=370 |
OOB cameras: ['delta_junction', 'lacclair', 'marcell_MN', 'sodankyla_full', 'tammela', 'torgnon', 'willowcreek']
OOB n=434 | RMSE=0.1458 | Bias=-0.0024 | FracRMSE=0.2925 | FracBias=-0.0692 | NoneBias=0.0280 | FullBias=-0.0197
Aspect split eligible OOB rows (north/south facing fraction threshold = 0.75): 45 / 434
north_dominated OOB n=41 | RMSE=0.1564 | Bias=-0.0417 | FracRMSE=0.3020 | FracBias=-0.1553 | NoneBias=0.0000 | FullBias=0.0000
south_dominated OOB n=4 | RMSE=0.0000 | Bias=0.0000 | FracRMSE=nan | FracBias=nan | NoneBias=0.0000 | FullBias=0.0000
Low-gradient eligible OOB rows (gradient_p84 <= 4.0): 54 / 434
low_gradient_p84 OOB n=54 | RMSE=0.1232 | Bias=-0.0166 | FracRMSE=0.2118 | FracBias=-0.1018 | NoneBias=0.0277 | FullBias=-0.0281
5.7s

=== Bootstrap 959/1000 ===

Chosen filter -> Eg_strong/Eg_weak >= 1.05, data_quantity >= 16 | CV acc=0.9582, CV bin acc=0.9741, n_rows(dedup)=1197 | OOB acc=0.8644, OOB bin acc=0.9716, n_rows_test(dedup)=317 |
OOB cameras: ['delta_junction', 'glees', 'hyytiala', 'marcell_MN', 'torgnon', 'underc']
OOB n=364 | RMSE=0.1370 | Bias=0.0085 | FracRMSE=0.2922 | FracBias=-0.0187 | NoneBias=0.0299 | FullBias=-0.0098
Aspect split eligible OOB rows (north/south facing fraction threshold = 0.75): 47 / 364
north_dominated OOB n=33 | RMSE=0.1818 | Bias=-0.0476 | FracRMSE=0.3149 | FracBias=-0.1429 | NoneBias=0.0000 | FullBias=0.0000
south_dominated OOB n=14 | RMSE=0.0237 | Bias=0.0079 | FracRMSE=nan | FracBias=nan | NoneBias=0.0369 | FullBias=0.0000
Low-gradient eligible OOB rows (gradient_p84 <= 4.0): 22 / 364
low_gradient_p84 OOB n=22 | RMSE=0.1334 | Bias=-0.0303 | FracRMSE=0.2212 | FracBias=-0.0834 | NoneBias=0.0000 | FullBias=0.0000
6.21s

=== Bootstrap 960/1000 ===

Chosen filter -> Eg_strong/Eg_weak >= 1.18, data_quantity >= 10 | CV acc=0.8938, CV bin acc=0.9908, n_rows(dedup)=866 | OOB acc=0.9592, OOB bin acc=0.9735, n_rows_test(dedup)=490 |
OOB cameras: ['hyytiala', 'kenttarova', 'old_jack_pine', 'tammela', 'varrio', 'willowcreek', 'wslcreek']
OOB n=538 | RMSE=0.1273 | Bias=0.0043 | FracRMSE=0.2344 | FracBias=-0.0043 | NoneBias=0.0241 | FullBias=-0.0183
Aspect split eligible OOB rows (north/south facing fraction threshold = 0.75): 86 / 538
north_dominated OOB n=68 | RMSE=0.0473 | Bias=0.0093 | FracRMSE=0.1234 | FracBias=0.0630 | NoneBias=0.0000 | FullBias=0.0000
south_dominated OOB n=18 | RMSE=0.0201 | Bias=0.0072 | FracRMSE=0.0493 | FracBias=0.0433 | NoneBias=0.0000 | FullBias=0.0000
Low-gradient eligible OOB rows (gradient_p84 <= 4.0): 54 / 538
low_gradient_p84 OOB n=54 | RMSE=0.1377 | Bias=-0.0201 | FracRMSE=0.3054 | FracBias=-0.1475 | NoneBias=0.0153 | FullBias=-0.0251
5.44s

=== Bootstrap 961/1000 ===

Chosen filter -> Eg_strong/Eg_weak >= 1.27, data_quantity >= 15 | CV acc=0.9302, CV bin acc=0.9810, n_rows(dedup)=630 | OOB acc=0.9349, OOB bin acc=0.9916, n_rows_test(dedup)=476 |
OOB cameras: ['delta_junction', 'kenttarova', 'oregon_yp', 'sodankyla_full', 'tammela', 'underc']
OOB n=553 | RMSE=0.1338 | Bias=0.0237 | FracRMSE=0.2552 | FracBias=-0.0144 | NoneBias=0.0497 | FullBias=-0.0059
Aspect split eligible OOB rows (north/south facing fraction threshold = 0.75): 78 / 553
north_dominated OOB n=65 | RMSE=0.1296 | Bias=0.0023 | FracRMSE=0.2428 | FracBias=-0.0053 | NoneBias=0.0107 | FullBias=0.0000
south_dominated OOB n=13 | RMSE=0.0237 | Bias=0.0100 | FracRMSE=0.0493 | FracBias=0.0433 | NoneBias=0.0000 | FullBias=0.0000
Low-gradient eligible OOB rows (gradient_p84 <= 4.0): 156 / 553
low_gradient_p84 OOB n=156 | RMSE=0.1386 | Bias=0.0528 | FracRMSE=0.2283 | FracBias=-0.0618 | NoneBias=0.0818 | FullBias=0.0000
4.77s

=== Bootstrap 962/1000 ===

Chosen filter -> Eg_strong/Eg_weak >= 1.06, data_quantity >= 16 | CV acc=0.9343, CV bin acc=0.9642, n_rows(dedup)=1202 | OOB acc=0.9562, OOB bin acc=0.9781, n_rows_test(dedup)=274 |
OOB cameras: ['bartlett', 'kenttarova', 'marcell_MN', 'queens', 'sodankyla_full', 'underhill']
OOB n=303 | RMSE=0.1568 | Bias=-0.0195 | FracRMSE=0.3694 | FracBias=-0.1516 | NoneBias=0.0130 | FullBias=-0.0207
Aspect split eligible OOB rows (north/south facing fraction threshold = 0.75): 66 / 303
north_dominated OOB n=44 | RMSE=0.2724 | Bias=-0.0853 | FracRMSE=0.4065 | FracBias=-0.1970 | NoneBias=0.0000 | FullBias=-0.0891
south_dominated OOB n=22 | RMSE=0.2569 | Bias=-0.0714 | FracRMSE=0.5389 | FracBias=-0.3140 | NoneBias=0.0000 | FullBias=0.0000
Low-gradient eligible OOB rows (gradient_p84 <= 4.0): 36 / 303
low_gradient_p84 OOB n=36 | RMSE=0.0248 | Bias=0.0063 | FracRMSE=0.0497 | FracBias=0.0351 | NoneBias=0.0071 | FullBias=0.0000
6.1s

=== Bootstrap 963/1000 ===

Chosen filter -> Eg_strong/Eg_weak >= 1.05, data_quantity >= 17 | CV acc=0.8957, CV bin acc=0.9900, n_rows(dedup)=997 | OOB acc=0.9356, OOB bin acc=0.9540, n_rows_test(dedup)=435 |
OOB cameras: ['bartlett', 'hyytiala', 'kenttarova', 'marcell_MN', 'sodankyla_full', 'underhill', 'willowcreek', 'wslcreek']
OOB n=466 | RMSE=0.1774 | Bias=-0.0223 | FracRMSE=0.3436 | FracBias=-0.1628 | NoneBias=0.0355 | FullBias=-0.0670
Aspect split eligible OOB rows (north/south facing fraction threshold = 0.75): 81 / 466
north_dominated OOB n=60 | RMSE=0.1943 | Bias=-0.0458 | FracRMSE=0.3182 | FracBias=-0.1200 | NoneBias=0.0293 | FullBias=-0.0502
south_dominated OOB n=21 | RMSE=0.2660 | Bias=-0.0868 | FracRMSE=0.6018 | FracBias=-0.4075 | NoneBias=0.0000 | FullBias=-0.0160
Low-gradient eligible OOB rows (gradient_p84 <= 4.0): 39 / 466
low_gradient_p84 OOB n=39 | RMSE=0.1274 | Bias=-0.0105 | FracRMSE=0.2282 | FracBias=-0.1286 | NoneBias=0.0381 | FullBias=-0.0486
5.68s

=== Bootstrap 964/1000 ===

Chosen filter -> Eg_strong/Eg_weak >= 1.18, data_quantity >= 14 | CV acc=0.9579, CV bin acc=0.9784, n_rows(dedup)=926 | OOB acc=0.8706, OOB bin acc=0.9853, n_rows_test(dedup)=340 |
OOB cameras: ['delta_junction', 'glees', 'kenttarova', 'sodankyla_full', 'underc']
OOB n=401 | RMSE=0.1277 | Bias=0.0076 | FracRMSE=0.2548 | FracBias=0.0064 | NoneBias=0.0269 | FullBias=-0.0063
Aspect split eligible OOB rows (north/south facing fraction threshold = 0.75): 94 / 401
north_dominated OOB n=66 | RMSE=0.1209 | Bias=-0.0160 | FracRMSE=0.2312 | FracBias=-0.0625 | NoneBias=0.0030 | FullBias=0.0000
south_dominated OOB n=28 | RMSE=0.0120 | Bias=0.0032 | FracRMSE=0.0368 | FracBias=0.0296 | NoneBias=0.0000 | FullBias=0.0000
Low-gradient eligible OOB rows (gradient_p84 <= 4.0): 60 / 401
low_gradient_p84 OOB n=60 | RMSE=0.0846 | Bias=-0.0028 | FracRMSE=0.1786 | FracBias=-0.0436 | NoneBias=0.0125 | FullBias=0.0000
5.29s

=== Bootstrap 965/1000 ===

Chosen filter -> Eg_strong/Eg_weak >= 1.07, data_quantity >= 12 | CV acc=0.9461, CV bin acc=0.9763, n_rows(dedup)=928 | OOB acc=0.8596, OOB bin acc=0.9674, n_rows_test(dedup)=399 |
OOB cameras: ['glees', 'hyytiala', 'marcell_MN', 'sodankyla_full', 'underc', 'underhill']
OOB n=420 | RMSE=0.1422 | Bias=-0.0012 | FracRMSE=0.2491 | FracBias=-0.0890 | NoneBias=0.0377 | FullBias=-0.0332
Aspect split eligible OOB rows (north/south facing fraction threshold = 0.75): 27 / 420
north_dominated OOB n=9 | RMSE=0.1050 | Bias=0.0350 | FracRMSE=nan | FracBias=nan | NoneBias=0.0630 | FullBias=0.0000
south_dominated OOB n=18 | RMSE=0.0287 | Bias=0.0034 | FracRMSE=nan | FracBias=nan | NoneBias=0.0270 | FullBias=-0.0057
Low-gradient eligible OOB rows (gradient_p84 <= 4.0): 29 / 420
low_gradient_p84 OOB n=29 | RMSE=0.0606 | Bias=0.0092 | FracRMSE=0.1494 | FracBias=-0.1494 | NoneBias=0.0320 | FullBias=0.0000
5.46s

=== Bootstrap 966/1000 ===

Chosen filter -> Eg_strong/Eg_weak >= 1.05, data_quantity >= 16 | CV acc=0.9086, CV bin acc=0.9757, n_rows(dedup)=1029 | OOB acc=0.9093, OOB bin acc=0.9648, n_rows_test(dedup)=540 |
OOB cameras: ['bartlett', 'delta_junction', 'hyytiala', 'kenttarova', 'lacclair', 'marcell_MN', 'sodankyla_full', 'underc', 'varrio']
OOB n=649 | RMSE=0.1421 | Bias=-0.0226 | FracRMSE=0.3271 | FracBias=-0.1354 | NoneBias=0.0081 | FullBias=-0.0203
Aspect split eligible OOB rows (north/south facing fraction threshold = 0.75): 123 / 649
north_dominated OOB n=97 | RMSE=0.2063 | Bias=-0.0561 | FracRMSE=0.3574 | FracBias=-0.1796 | NoneBias=0.0000 | FullBias=-0.0379
south_dominated OOB n=26 | RMSE=0.2361 | Bias=-0.0625 | FracRMSE=0.5383 | FracBias=-0.3251 | NoneBias=0.0000 | FullBias=0.0000
Low-gradient eligible OOB rows (gradient_p84 <= 4.0): 58 / 649
low_gradient_p84 OOB n=58 | RMSE=0.0861 | Bias=-0.0144 | FracRMSE=0.1943 | FracBias=-0.0866 | NoneBias=0.0048 | FullBias=0.0000
6.08s

=== Bootstrap 967/1000 ===

Chosen filter -> Eg_strong/Eg_weak >= 1.14, data_quantity >= 16 | CV acc=0.9396, CV bin acc=0.9636, n_rows(dedup)=1126 | OOB acc=0.8945, OOB bin acc=0.9573, n_rows_test(dedup)=398 |
OOB cameras: ['bartlett', 'delta_junction', 'glees', 'hyytiala', 'kenttarova', 'marcell_MN', 'torgnon', 'varrio']
OOB n=457 | RMSE=0.1448 | Bias=-0.0238 | FracRMSE=0.3242 | FracBias=-0.0915 | NoneBias=0.0000 | FullBias=-0.0285
Aspect split eligible OOB rows (north/south facing fraction threshold = 0.75): 122 / 457
north_dominated OOB n=88 | RMSE=0.2445 | Bias=-0.0636 | FracRMSE=0.3940 | FracBias=-0.1711 | NoneBias=0.0000 | FullBias=-0.0500
south_dominated OOB n=34 | RMSE=0.1465 | Bias=-0.0212 | FracRMSE=0.4271 | FracBias=-0.1800 | NoneBias=0.0000 | FullBias=0.0000
Low-gradient eligible OOB rows (gradient_p84 <= 4.0): 30 / 457
low_gradient_p84 OOB n=30 | RMSE=0.1188 | Bias=-0.0102 | FracRMSE=0.2057 | FracBias=-0.0305 | NoneBias=0.0000 | FullBias=0.0000
6.06s

=== Bootstrap 968/1000 ===

Chosen filter -> Eg_strong/Eg_weak >= 1.18, data_quantity >= 17 | CV acc=0.9402, CV bin acc=0.9785, n_rows(dedup)=1071 | OOB acc=0.9023, OOB bin acc=0.9860, n_rows_test(dedup)=215 |
OOB cameras: ['bartlett', 'delta_junction', 'kenttarova', 'queens', 'torgnon', 'varrio']
OOB n=269 | RMSE=0.1495 | Bias=-0.0170 | FracRMSE=0.3352 | FracBias=-0.0708 | NoneBias=0.0000 | FullBias=-0.0085
Aspect split eligible OOB rows (north/south facing fraction threshold = 0.75): 104 / 269
north_dominated OOB n=83 | RMSE=0.1888 | Bias=-0.0424 | FracRMSE=0.3847 | FracBias=-0.1761 | NoneBias=0.0000 | FullBias=0.0000
south_dominated OOB n=21 | RMSE=0.1860 | Bias=-0.0371 | FracRMSE=0.4920 | FracBias=-0.2600 | NoneBias=0.0000 | FullBias=0.0000
Low-gradient eligible OOB rows (gradient_p84 <= 4.0): 28 / 269
low_gradient_p84 OOB n=28 | RMSE=0.1239 | Bias=-0.0192 | FracRMSE=0.2186 | FracBias=-0.0596 | NoneBias=0.0000 | FullBias=0.0000
6.04s

=== Bootstrap 969/1000 ===

Chosen filter -> Eg_strong/Eg_weak >= 1.20, data_quantity >= 16 | CV acc=0.9294, CV bin acc=0.9843, n_rows(dedup)=1147 | OOB acc=0.9363, OOB bin acc=0.9554, n_rows_test(dedup)=157 |
OOB cameras: ['tammela', 'torgnon', 'underhill', 'willowcreek', 'wslcreek']
OOB n=160 | RMSE=0.1881 | Bias=0.0130 | FracRMSE=0.2082 | FracBias=0.1570 | NoneBias=0.0645 | FullBias=-0.0476
Aspect split eligible OOB rows (north/south facing fraction threshold = 0.75): 22 / 160
north_dominated OOB n=20 | RMSE=0.1035 | Bias=0.0317 | FracRMSE=0.2217 | FracBias=0.1465 | NoneBias=0.3402 | FullBias=0.0000
south_dominated OOB n=2 | RMSE=0.0000 | Bias=0.0000 | FracRMSE=nan | FracBias=nan | NoneBias=nan | FullBias=0.0000
Low-gradient eligible OOB rows (gradient_p84 <= 4.0): 4 / 160
low_gradient_p84 OOB n=4 | RMSE=0.3127 | Bias=-0.0839 | FracRMSE=nan | FracBias=nan | NoneBias=0.1843 | FullBias=-0.3522
6.37s

=== Bootstrap 970/1000 ===

Chosen filter -> Eg_strong/Eg_weak >= 1.18, data_quantity >= 9 | CV acc=0.9487, CV bin acc=0.9765, n_rows(dedup)=936 | OOB acc=0.7915, OOB bin acc=0.9716, n_rows_test(dedup)=211 |
OOB cameras: ['glees', 'kenttarova', 'underc', 'wslcreek']
OOB n=246 | RMSE=0.1360 | Bias=0.0238 | FracRMSE=0.2031 | FracBias=0.0589 | NoneBias=0.0818 | FullBias=-0.0093
Aspect split eligible OOB rows (north/south facing fraction threshold = 0.75): 81 / 246
north_dominated OOB n=49 | RMSE=0.0678 | Bias=0.0151 | FracRMSE=0.1499 | FracBias=0.0718 | NoneBias=0.0031 | FullBias=0.0000
south_dominated OOB n=32 | RMSE=0.0326 | Bias=0.0110 | FracRMSE=0.0493 | FracBias=0.0433 | NoneBias=0.0367 | FullBias=0.0000
Low-gradient eligible OOB rows (gradient_p84 <= 4.0): 9 / 246
low_gradient_p84 OOB n=9 | RMSE=0.0283 | Bias=0.0133 | FracRMSE=0.0600 | FracBias=0.0600 | NoneBias=0.0000 | FullBias=0.0000
5.62s

=== Bootstrap 971/1000 ===

Chosen filter -> Eg_strong/Eg_weak >= 1.28, data_quantity >= 16 | CV acc=0.8802, CV bin acc=0.9854, n_rows(dedup)=751 | OOB acc=0.9527, OOB bin acc=0.9806, n_rows_test(dedup)=465 |
OOB cameras: ['bartlett', 'oregon_yp', 'sodankyla_full', 'tammela', 'varrio', 'willowcreek', 'wslcreek']
OOB n=496 | RMSE=0.1493 | Bias=0.0173 | FracRMSE=0.3338 | FracBias=-0.2351 | NoneBias=0.0693 | FullBias=-0.0264
Aspect split eligible OOB rows (north/south facing fraction threshold = 0.75): 60 / 496
north_dominated OOB n=50 | RMSE=0.1541 | Bias=-0.0297 | FracRMSE=0.4870 | FracBias=-0.3063 | NoneBias=0.0041 | FullBias=0.0000
south_dominated OOB n=10 | RMSE=0.2710 | Bias=-0.0959 | FracRMSE=0.8500 | FracBias=-0.8500 | NoneBias=0.0000 | FullBias=-0.0136
Low-gradient eligible OOB rows (gradient_p84 <= 4.0): 130 / 496
low_gradient_p84 OOB n=130 | RMSE=0.1436 | Bias=0.0655 | FracRMSE=0.2345 | FracBias=-0.2079 | NoneBias=0.1048 | FullBias=-0.0389
5.54s

=== Bootstrap 972/1000 ===

Chosen filter -> Eg_strong/Eg_weak >= 1.05, data_quantity >= 13 | CV acc=0.9419, CV bin acc=0.9695, n_rows(dedup)=1050 | OOB acc=0.9022, OOB bin acc=0.9937, n_rows_test(dedup)=317 |
OOB cameras: ['glees', 'marcell_MN', 'sodankyla_full', 'underhill', 'varrio']
OOB n=328 | RMSE=0.1090 | Bias=0.0161 | FracRMSE=0.2305 | FracBias=-0.1289 | NoneBias=0.0495 | FullBias=-0.0011
Aspect split eligible OOB rows (north/south facing fraction threshold = 0.75): 51 / 328
north_dominated OOB n=31 | RMSE=0.0944 | Bias=0.0170 | FracRMSE=nan | FracBias=nan | NoneBias=0.0478 | FullBias=0.0000
south_dominated OOB n=20 | RMSE=0.0251 | Bias=0.0071 | FracRMSE=nan | FracBias=nan | NoneBias=0.0286 | FullBias=0.0000
Low-gradient eligible OOB rows (gradient_p84 <= 4.0): 30 / 328
low_gradient_p84 OOB n=30 | RMSE=0.0577 | Bias=0.0084 | FracRMSE=0.0779 | FracBias=-0.0779 | NoneBias=0.0254 | FullBias=0.0000
5.71s

=== Bootstrap 973/1000 ===

Chosen filter -> Eg_strong/Eg_weak >= 1.05, data_quantity >= 15 | CV acc=0.8918, CV bin acc=0.9900, n_rows(dedup)=998 | OOB acc=0.9440, OOB bin acc=0.9586, n_rows_test(dedup)=411 |
OOB cameras: ['hyytiala', 'kenttarova', 'lacclair', 'marcell_MN', 'old_jack_pine', 'willowcreek', 'wslcreek']
OOB n=485 | RMSE=0.1622 | Bias=-0.0200 | FracRMSE=0.2360 | FracBias=-0.0919 | NoneBias=0.0416 | FullBias=-0.0749
Aspect split eligible OOB rows (north/south facing fraction threshold = 0.75): 63 / 485
north_dominated OOB n=47 | RMSE=0.0673 | Bias=-0.0031 | FracRMSE=0.1118 | FracBias=0.0312 | NoneBias=0.0266 | FullBias=-0.0197
south_dominated OOB n=16 | RMSE=0.0536 | Bias=-0.0109 | FracRMSE=0.1237 | FracBias=-0.0580 | NoneBias=0.0000 | FullBias=0.0000
Low-gradient eligible OOB rows (gradient_p84 <= 4.0): 52 / 485
low_gradient_p84 OOB n=52 | RMSE=0.1735 | Bias=-0.0494 | FracRMSE=0.3250 | FracBias=-0.2519 | NoneBias=0.0307 | FullBias=-0.1157
5.72s

=== Bootstrap 974/1000 ===

Chosen filter -> Eg_strong/Eg_weak >= 1.27, data_quantity >= 10 | CV acc=0.9474, CV bin acc=0.9855, n_rows(dedup)=894 | OOB acc=0.8974, OOB bin acc=0.9711, n_rows_test(dedup)=380 |
OOB cameras: ['bartlett', 'delta_junction', 'hyytiala', 'queens', 'sodankyla_full', 'underc', 'underhill']
OOB n=433 | RMSE=0.1620 | Bias=-0.0085 | FracRMSE=0.3779 | FracBias=-0.0856 | NoneBias=0.0184 | FullBias=-0.0155
Aspect split eligible OOB rows (north/south facing fraction threshold = 0.75): 57 / 433
north_dominated OOB n=49 | RMSE=0.2639 | Bias=-0.0863 | FracRMSE=0.4769 | FracBias=-0.2834 | NoneBias=0.0010 | FullBias=0.0000
south_dominated OOB n=8 | RMSE=0.3005 | Bias=-0.1062 | FracRMSE=0.8500 | FracBias=-0.8500 | NoneBias=0.0000 | FullBias=0.0000
Low-gradient eligible OOB rows (gradient_p84 <= 4.0): 52 / 433
low_gradient_p84 OOB n=52 | RMSE=0.0924 | Bias=-0.0053 | FracRMSE=0.2162 | FracBias=-0.0477 | NoneBias=0.0072 | FullBias=0.0000
5.44s

=== Bootstrap 975/1000 ===

Chosen filter -> Eg_strong/Eg_weak >= 1.05, data_quantity >= 17 | CV acc=0.9183, CV bin acc=0.9837, n_rows(dedup)=796 | OOB acc=0.9480, OOB bin acc=0.9780, n_rows_test(dedup)=500 |
OOB cameras: ['bartlett', 'delta_junction', 'marcell_MN', 'old_jack_pine', 'oregon_yp', 'tammela', 'underhill', 'willowcreek']
OOB n=572 | RMSE=0.1827 | Bias=-0.0086 | FracRMSE=0.3864 | FracBias=-0.1261 | NoneBias=0.0228 | FullBias=-0.0261
Aspect split eligible OOB rows (north/south facing fraction threshold = 0.75): 53 / 572
north_dominated OOB n=45 | RMSE=0.3119 | Bias=-0.1069 | FracRMSE=0.4621 | FracBias=-0.2278 | NoneBias=0.0000 | FullBias=-0.1159
south_dominated OOB n=8 | RMSE=0.4250 | Bias=-0.2125 | FracRMSE=0.8500 | FracBias=-0.8500 | NoneBias=0.0000 | FullBias=0.0000
Low-gradient eligible OOB rows (gradient_p84 <= 4.0): 160 / 572
low_gradient_p84 OOB n=160 | RMSE=0.1144 | Bias=-0.0107 | FracRMSE=0.2957 | FracBias=-0.1501 | NoneBias=0.0124 | FullBias=-0.0058
5.63s

=== Bootstrap 976/1000 ===

Chosen filter -> Eg_strong/Eg_weak >= 1.05, data_quantity >= 16 | CV acc=0.9462, CV bin acc=0.9765, n_rows(dedup)=892 | OOB acc=0.9253, OOB bin acc=0.9943, n_rows_test(dedup)=348 |
OOB cameras: ['delta_junction', 'old_jack_pine', 'sodankyla_full', 'torgnon', 'underc']
OOB n=412 | RMSE=0.1765 | Bias=0.0189 | FracRMSE=0.3778 | FracBias=0.0531 | NoneBias=0.0230 | FullBias=0.0000
Aspect split eligible OOB rows (north/south facing fraction threshold = 0.75): 41 / 412
north_dominated OOB n=39 | RMSE=0.2132 | Bias=-0.0128 | FracRMSE=0.4015 | FracBias=-0.0454 | NoneBias=0.0000 | FullBias=0.0000
south_dominated OOB n=2 | RMSE=0.0000 | Bias=0.0000 | FracRMSE=nan | FracBias=nan | NoneBias=0.0000 | FullBias=0.0000
Low-gradient eligible OOB rows (gradient_p84 <= 4.0): 89 / 412
low_gradient_p84 OOB n=89 | RMSE=0.1277 | Bias=0.0050 | FracRMSE=0.3068 | FracBias=0.0164 | NoneBias=0.0043 | FullBias=0.0000
5.41s

=== Bootstrap 977/1000 ===

Chosen filter -> Eg_strong/Eg_weak >= 1.14, data_quantity >= 16 | CV acc=0.9426, CV bin acc=0.9763, n_rows(dedup)=1011 | OOB acc=0.8929, OOB bin acc=0.9571, n_rows_test(dedup)=140 |
OOB cameras: ['delta_junction', 'lacclair', 'queens', 'willowcreek']
OOB n=198 | RMSE=0.2056 | Bias=0.0070 | FracRMSE=0.2930 | FracBias=-0.0221 | NoneBias=0.0660 | FullBias=-0.0318
Aspect split eligible OOB rows (north/south facing fraction threshold = 0.75): 38 / 198
north_dominated OOB n=35 | RMSE=0.1629 | Bias=-0.0417 | FracRMSE=0.2903 | FracBias=-0.1359 | NoneBias=0.0028 | FullBias=0.0000
south_dominated OOB n=3 | RMSE=0.0000 | Bias=0.0000 | FracRMSE=nan | FracBias=nan | NoneBias=nan | FullBias=0.0000
Low-gradient eligible OOB rows (gradient_p84 <= 4.0): 26 / 198
low_gradient_p84 OOB n=26 | RMSE=0.1740 | Bias=-0.0248 | FracRMSE=0.2005 | FracBias=-0.0697 | NoneBias=0.0522 | FullBias=-0.0762
5.7s

=== Bootstrap 978/1000 ===

Chosen filter -> Eg_strong/Eg_weak >= 1.07, data_quantity >= 13 | CV acc=0.9418, CV bin acc=0.9781, n_rows(dedup)=1324 | OOB acc=0.8896, OOB bin acc=0.9398, n_rows_test(dedup)=299 |
OOB cameras: ['bartlett', 'glees', 'hyytiala', 'lacclair', 'tammela', 'torgnon', 'underhill', 'wslcreek']
OOB n=343 | RMSE=0.1660 | Bias=-0.0286 | FracRMSE=0.4876 | FracBias=-0.3624 | NoneBias=0.0142 | FullBias=-0.0290
Aspect split eligible OOB rows (north/south facing fraction threshold = 0.75): 62 / 343
north_dominated OOB n=32 | RMSE=0.3380 | Bias=-0.1353 | FracRMSE=0.6148 | FracBias=-0.4607 | NoneBias=0.0269 | FullBias=-0.0675
south_dominated OOB n=30 | RMSE=0.2318 | Bias=-0.0703 | FracRMSE=0.7331 | FracBias=-0.7030 | NoneBias=0.0000 | FullBias=0.0000
Low-gradient eligible OOB rows (gradient_p84 <= 4.0): 0 / 343
low_gradient_p84 OOB n=0 | RMSE=nan | Bias=nan | FracRMSE=nan | FracBias=nan | NoneBias=nan | FullBias=nan
7.0s

=== Bootstrap 979/1000 ===

Chosen filter -> Eg_strong/Eg_weak >= 1.05, data_quantity >= 11 | CV acc=0.9269, CV bin acc=0.9815, n_rows(dedup)=1026 | OOB acc=0.8900, OOB bin acc=0.9535, n_rows_test(dedup)=409 |
OOB cameras: ['bartlett', 'hyytiala', 'kenttarova', 'old_jack_pine', 'underc', 'underhill', 'wslcreek']
OOB n=474 | RMSE=0.1872 | Bias=-0.0198 | FracRMSE=0.3450 | FracBias=-0.1088 | NoneBias=0.0222 | FullBias=-0.0403
Aspect split eligible OOB rows (north/south facing fraction threshold = 0.75): 83 / 474
north_dominated OOB n=59 | RMSE=0.2503 | Bias=-0.0696 | FracRMSE=0.4050 | FracBias=-0.1785 | NoneBias=0.0024 | FullBias=-0.0466
south_dominated OOB n=24 | RMSE=0.2460 | Bias=-0.0654 | FracRMSE=0.5389 | FracBias=-0.3140 | NoneBias=0.0000 | FullBias=0.0000
Low-gradient eligible OOB rows (gradient_p84 <= 4.0): 51 / 474
low_gradient_p84 OOB n=51 | RMSE=0.1152 | Bias=-0.0207 | FracRMSE=0.2908 | FracBias=-0.1321 | NoneBias=0.0000 | FullBias=0.0000
5.97s

=== Bootstrap 980/1000 ===

Chosen filter -> Eg_strong/Eg_weak >= 1.05, data_quantity >= 17 | CV acc=0.9461, CV bin acc=0.9832, n_rows(dedup)=1131 | OOB acc=0.9309, OOB bin acc=0.9574, n_rows_test(dedup)=188 |
OOB cameras: ['marcell_MN', 'queens', 'tammela', 'torgnon', 'willowcreek']
OOB n=191 | RMSE=0.1765 | Bias=0.0048 | FracRMSE=0.3164 | FracBias=-0.1882 | NoneBias=0.0473 | FullBias=-0.0502
Aspect split eligible OOB rows (north/south facing fraction threshold = 0.75): 2 / 191
north_dominated OOB n=0 | RMSE=nan | Bias=nan | FracRMSE=nan | FracBias=nan | NoneBias=nan | FullBias=nan
south_dominated OOB n=2 | RMSE=0.0000 | Bias=0.0000 | FracRMSE=nan | FracBias=nan | NoneBias=nan | FullBias=0.0000
Low-gradient eligible OOB rows (gradient_p84 <= 4.0): 4 / 191
low_gradient_p84 OOB n=4 | RMSE=0.3363 | Bias=-0.0547 | FracRMSE=nan | FracBias=nan | NoneBias=0.2308 | FullBias=-0.3402
6.16s

=== Bootstrap 981/1000 ===

Chosen filter -> Eg_strong/Eg_weak >= 1.12, data_quantity >= 16 | CV acc=0.9062, CV bin acc=0.9714, n_rows(dedup)=1120 | OOB acc=0.9181, OOB bin acc=0.9431, n_rows_test(dedup)=281 |
OOB cameras: ['bartlett', 'hyytiala', 'kenttarova', 'lacclair', 'tammela', 'torgnon', 'wslcreek']
OOB n=336 | RMSE=0.1363 | Bias=-0.0310 | FracRMSE=0.2816 | FracBias=-0.1212 | NoneBias=0.0041 | FullBias=-0.0505
Aspect split eligible OOB rows (north/south facing fraction threshold = 0.75): 76 / 336
north_dominated OOB n=55 | RMSE=0.2250 | Bias=-0.0576 | FracRMSE=0.3422 | FracBias=-0.1313 | NoneBias=0.0108 | FullBias=-0.0479
south_dominated OOB n=21 | RMSE=0.1888 | Bias=-0.0435 | FracRMSE=0.4262 | FracBias=-0.1910 | NoneBias=0.0000 | FullBias=-0.0107
Low-gradient eligible OOB rows (gradient_p84 <= 4.0): 8 / 336
low_gradient_p84 OOB n=8 | RMSE=0.0221 | Bias=0.0105 | FracRMSE=0.0439 | FracBias=0.0381 | NoneBias=0.0019 | FullBias=0.0000
5.93s

=== Bootstrap 982/1000 ===

Chosen filter -> Eg_strong/Eg_weak >= 1.05, data_quantity >= 14 | CV acc=0.9048, CV bin acc=0.9709, n_rows(dedup)=893 | OOB acc=0.9260, OOB bin acc=0.9811, n_rows_test(dedup)=581 |
OOB cameras: ['bartlett', 'glees', 'lacclair', 'marcell_MN', 'oregon_yp', 'sodankyla_full', 'tammela', 'varrio', 'willowcreek']
OOB n=646 | RMSE=0.1456 | Bias=0.0066 | FracRMSE=0.3467 | FracBias=-0.2497 | NoneBias=0.0574 | FullBias=-0.0241
Aspect split eligible OOB rows (north/south facing fraction threshold = 0.75): 69 / 646
north_dominated OOB n=40 | RMSE=0.2126 | Bias=-0.0700 | FracRMSE=0.5699 | FracBias=-0.5485 | NoneBias=0.0015 | FullBias=-0.0490
south_dominated OOB n=29 | RMSE=0.2233 | Bias=-0.0579 | FracRMSE=0.8500 | FracBias=-0.8500 | NoneBias=0.0041 | FullBias=0.0000
Low-gradient eligible OOB rows (gradient_p84 <= 4.0): 132 / 646
low_gradient_p84 OOB n=132 | RMSE=0.1457 | Bias=0.0605 | FracRMSE=0.2480 | FracBias=-0.2162 | NoneBias=0.1004 | FullBias=-0.0344
5.15s

=== Bootstrap 983/1000 ===

Chosen filter -> Eg_strong/Eg_weak >= 1.05, data_quantity >= 16 | CV acc=0.9366, CV bin acc=0.9764, n_rows(dedup)=1356 | OOB acc=0.8872, OOB bin acc=0.9787, n_rows_test(dedup)=328 |
OOB cameras: ['bartlett', 'delta_junction', 'kenttarova', 'lacclair', 'marcell_MN', 'queens', 'tammela', 'torgnon', 'wslcreek']
OOB n=417 | RMSE=0.1538 | Bias=-0.0255 | FracRMSE=0.3384 | FracBias=-0.1136 | NoneBias=0.0000 | FullBias=-0.0153
Aspect split eligible OOB rows (north/south facing fraction threshold = 0.75): 114 / 417
north_dominated OOB n=89 | RMSE=0.2259 | Bias=-0.0574 | FracRMSE=0.3609 | FracBias=-0.1463 | NoneBias=0.0000 | FullBias=-0.0395
south_dominated OOB n=25 | RMSE=0.2410 | Bias=-0.0628 | FracRMSE=0.5389 | FracBias=-0.3140 | NoneBias=0.0000 | FullBias=0.0000
Low-gradient eligible OOB rows (gradient_p84 <= 4.0): 30 / 417
low_gradient_p84 OOB n=30 | RMSE=0.1204 | Bias=-0.0140 | FracRMSE=0.2085 | FracBias=-0.0419 | NoneBias=0.0000 | FullBias=0.0000
6.95s

=== Bootstrap 984/1000 ===

Chosen filter -> Eg_strong/Eg_weak >= 1.05, data_quantity >= 14 | CV acc=0.9173, CV bin acc=0.9718, n_rows(dedup)=1064 | OOB acc=0.9409, OOB bin acc=0.9909, n_rows_test(dedup)=220 |
OOB cameras: ['delta_junction', 'old_jack_pine', 'torgnon', 'wslcreek']
OOB n=274 | RMSE=0.1564 | Bias=0.0067 | FracRMSE=0.3214 | FracBias=0.0067 | NoneBias=0.0141 | FullBias=-0.0010
Aspect split eligible OOB rows (north/south facing fraction threshold = 0.75): 55 / 274
north_dominated OOB n=51 | RMSE=0.1686 | Bias=-0.0145 | FracRMSE=0.3340 | FracBias=-0.0568 | NoneBias=0.0000 | FullBias=0.0000
south_dominated OOB n=4 | RMSE=0.1359 | Bias=-0.0680 | FracRMSE=0.2718 | FracBias=-0.2718 | NoneBias=nan | FullBias=0.0000
Low-gradient eligible OOB rows (gradient_p84 <= 4.0): 64 / 274
low_gradient_p84 OOB n=64 | RMSE=0.1279 | Bias=-0.0173 | FracRMSE=0.2734 | FracBias=-0.0818 | NoneBias=0.0011 | FullBias=0.0000
5.78s

=== Bootstrap 985/1000 ===

Chosen filter -> Eg_strong/Eg_weak >= 1.05, data_quantity >= 17 | CV acc=0.9229, CV bin acc=0.9788, n_rows(dedup)=1037 | OOB acc=0.9293, OOB bin acc=0.9620, n_rows_test(dedup)=368 |
OOB cameras: ['bartlett', 'hyytiala', 'kenttarova', 'lacclair', 'sodankyla_full', 'tammela', 'torgnon']
OOB n=423 | RMSE=0.1253 | Bias=-0.0225 | FracRMSE=0.3288 | FracBias=-0.1675 | NoneBias=0.0062 | FullBias=-0.0324
Aspect split eligible OOB rows (north/south facing fraction threshold = 0.75): 65 / 423
north_dominated OOB n=42 | RMSE=0.2427 | Bias=-0.0755 | FracRMSE=0.3719 | FracBias=-0.1873 | NoneBias=0.0046 | FullBias=-0.0734
south_dominated OOB n=23 | RMSE=0.2510 | Bias=-0.0718 | FracRMSE=0.6018 | FracBias=-0.4075 | NoneBias=0.0000 | FullBias=-0.0016
Low-gradient eligible OOB rows (gradient_p84 <= 4.0): 35 / 423
low_gradient_p84 OOB n=35 | RMSE=0.0480 | Bias=0.0053 | FracRMSE=0.1204 | FracBias=-0.0497 | NoneBias=0.0167 | FullBias=0.0000
5.99s

=== Bootstrap 986/1000 ===

Chosen filter -> Eg_strong/Eg_weak >= 1.05, data_quantity >= 9 | CV acc=0.9307, CV bin acc=0.9758, n_rows(dedup)=1155 | OOB acc=0.8385, OOB bin acc=0.9278, n_rows_test(dedup)=291 |
OOB cameras: ['bartlett', 'glees', 'hyytiala', 'marcell_MN', 'underc']
OOB n=319 | RMSE=0.1986 | Bias=-0.0485 | FracRMSE=0.4437 | FracBias=-0.2881 | NoneBias=0.0178 | FullBias=-0.0746
Aspect split eligible OOB rows (north/south facing fraction threshold = 0.75): 36 / 319
north_dominated OOB n=11 | RMSE=0.5577 | Bias=-0.4067 | FracRMSE=0.7097 | FracBias=-0.7026 | NoneBias=0.0000 | FullBias=-0.4158
south_dominated OOB n=25 | RMSE=0.2422 | Bias=-0.0752 | FracRMSE=0.8500 | FracBias=-0.8500 | NoneBias=0.0000 | FullBias=-0.0094
Low-gradient eligible OOB rows (gradient_p84 <= 4.0): 0 / 319
low_gradient_p84 OOB n=0 | RMSE=nan | Bias=nan | FracRMSE=nan | FracBias=nan | NoneBias=nan | FullBias=nan
5.73s

=== Bootstrap 987/1000 ===

Chosen filter -> Eg_strong/Eg_weak >= 1.05, data_quantity >= 16 | CV acc=0.9478, CV bin acc=0.9809, n_rows(dedup)=997 | OOB acc=0.9526, OOB bin acc=0.9929, n_rows_test(dedup)=422 |
OOB cameras: ['glees', 'old_jack_pine', 'oregon_yp', 'sodankyla_full', 'torgnon', 'underhill']
OOB n=459 | RMSE=0.1396 | Bias=0.0371 | FracRMSE=0.2638 | FracBias=-0.0953 | NoneBias=0.0729 | FullBias=-0.0016
Aspect split eligible OOB rows (north/south facing fraction threshold = 0.75): 24 / 459
north_dominated OOB n=9 | RMSE=0.1505 | Bias=0.0521 | FracRMSE=nan | FracBias=nan | NoneBias=0.0782 | FullBias=0.0000
south_dominated OOB n=15 | RMSE=0.0316 | Bias=0.0116 | FracRMSE=nan | FracBias=nan | NoneBias=0.0433 | FullBias=0.0000
Low-gradient eligible OOB rows (gradient_p84 <= 4.0): 165 / 459
low_gradient_p84 OOB n=165 | RMSE=0.1426 | Bias=0.0524 | FracRMSE=0.2536 | FracBias=-0.1801 | NoneBias=0.0888 | FullBias=-0.0010
5.75s

=== Bootstrap 988/1000 ===

Chosen filter -> Eg_strong/Eg_weak >= 1.18, data_quantity >= 17 | CV acc=0.9171, CV bin acc=0.9693, n_rows(dedup)=651 | OOB acc=0.9562, OOB bin acc=1.0000, n_rows_test(dedup)=411 |
OOB cameras: ['delta_junction', 'oregon_yp', 'sodankyla_full', 'varrio', 'wslcreek']
OOB n=465 | RMSE=0.1171 | Bias=0.0224 | FracRMSE=0.2751 | FracBias=-0.0486 | NoneBias=0.0525 | FullBias=-0.0009
Aspect split eligible OOB rows (north/south facing fraction threshold = 0.75): 82 / 465
north_dominated OOB n=77 | RMSE=0.1163 | Bias=-0.0016 | FracRMSE=0.2804 | FracBias=-0.0201 | NoneBias=0.0057 | FullBias=0.0000
south_dominated OOB n=5 | RMSE=0.0000 | Bias=0.0000 | FracRMSE=nan | FracBias=nan | NoneBias=0.0000 | FullBias=0.0000
Low-gradient eligible OOB rows (gradient_p84 <= 4.0): 146 / 465
low_gradient_p84 OOB n=146 | RMSE=0.1378 | Bias=0.0534 | FracRMSE=0.2269 | FracBias=-0.0949 | NoneBias=0.0863 | FullBias=0.0000
5.23s

=== Bootstrap 989/1000 ===

Chosen filter -> Eg_strong/Eg_weak >= 1.05, data_quantity >= 16 | CV acc=0.9176, CV bin acc=0.9792, n_rows(dedup)=1153 | OOB acc=0.9762, OOB bin acc=0.9932, n_rows_test(dedup)=294 |
OOB cameras: ['lacclair', 'old_jack_pine', 'tammela', 'underhill', 'varrio', 'wslcreek']
OOB n=352 | RMSE=0.1132 | Bias=0.0019 | FracRMSE=0.2917 | FracBias=-0.0653 | NoneBias=0.0179 | FullBias=-0.0004
Aspect split eligible OOB rows (north/south facing fraction threshold = 0.75): 48 / 352
north_dominated OOB n=42 | RMSE=0.0843 | Bias=0.0179 | FracRMSE=0.2586 | FracBias=0.1726 | NoneBias=0.0580 | FullBias=0.0000
south_dominated OOB n=6 | RMSE=0.0000 | Bias=0.0000 | FracRMSE=nan | FracBias=nan | NoneBias=nan | FullBias=0.0000
Low-gradient eligible OOB rows (gradient_p84 <= 4.0): 39 / 352
low_gradient_p84 OOB n=39 | RMSE=0.1434 | Bias=-0.0358 | FracRMSE=0.3648 | FracBias=-0.2394 | NoneBias=0.0024 | FullBias=-0.0026
6.19s

=== Bootstrap 990/1000 ===

Chosen filter -> Eg_strong/Eg_weak >= 1.07, data_quantity >= 17 | CV acc=0.9430, CV bin acc=0.9778, n_rows(dedup)=948 | OOB acc=0.9105, OOB bin acc=0.9767, n_rows_test(dedup)=257 |
OOB cameras: ['bartlett', 'delta_junction', 'glees', 'sodankyla_full', 'torgnon', 'underhill']
OOB n=295 | RMSE=0.1670 | Bias=-0.0171 | FracRMSE=0.3655 | FracBias=-0.1511 | NoneBias=0.0291 | FullBias=-0.0191
Aspect split eligible OOB rows (north/south facing fraction threshold = 0.75): 71 / 295
north_dominated OOB n=49 | RMSE=0.2489 | Bias=-0.0885 | FracRMSE=0.3746 | FracBias=-0.2392 | NoneBias=0.0178 | FullBias=-0.0828
south_dominated OOB n=22 | RMSE=0.2564 | Bias=-0.0749 | FracRMSE=0.8500 | FracBias=-0.8500 | NoneBias=0.0103 | FullBias=0.0000
Low-gradient eligible OOB rows (gradient_p84 <= 4.0): 49 / 295
low_gradient_p84 OOB n=49 | RMSE=0.0946 | Bias=-0.0135 | FracRMSE=0.2059 | FracBias=-0.1037 | NoneBias=0.0135 | FullBias=0.0000
5.37s

=== Bootstrap 991/1000 ===

Chosen filter -> Eg_strong/Eg_weak >= 1.14, data_quantity >= 13 | CV acc=0.9257, CV bin acc=0.9644, n_rows(dedup)=982 | OOB acc=0.9024, OOB bin acc=0.9763, n_rows_test(dedup)=379 |
OOB cameras: ['glees', 'hyytiala', 'kenttarova', 'sodankyla_full', 'underhill', 'wslcreek']
OOB n=401 | RMSE=0.1021 | Bias=0.0091 | FracRMSE=0.1157 | FracBias=0.0296 | NoneBias=0.0312 | FullBias=-0.0148
Aspect split eligible OOB rows (north/south facing fraction threshold = 0.75): 85 / 401
north_dominated OOB n=54 | RMSE=0.0736 | Bias=0.0188 | FracRMSE=0.1268 | FracBias=0.0628 | NoneBias=0.0374 | FullBias=0.0000
south_dominated OOB n=31 | RMSE=0.0198 | Bias=0.0070 | FracRMSE=0.0373 | FracBias=0.0305 | NoneBias=0.0155 | FullBias=0.0000
Low-gradient eligible OOB rows (gradient_p84 <= 4.0): 38 / 401
low_gradient_p84 OOB n=38 | RMSE=0.0566 | Bias=0.0083 | FracRMSE=0.1054 | FracBias=-0.0298 | NoneBias=0.0238 | FullBias=0.0000
5.26s

=== Bootstrap 992/1000 ===

Chosen filter -> Eg_strong/Eg_weak >= 1.05, data_quantity >= 16 | CV acc=0.9111, CV bin acc=0.9714, n_rows(dedup)=979 | OOB acc=0.9076, OOB bin acc=0.9936, n_rows_test(dedup)=314 |
OOB cameras: ['glees', 'lacclair', 'sodankyla_full', 'tammela', 'torgnon', 'varrio']
OOB n=352 | RMSE=0.0632 | Bias=0.0015 | FracRMSE=0.2313 | FracBias=-0.1462 | NoneBias=0.0170 | FullBias=-0.0026
Aspect split eligible OOB rows (north/south facing fraction threshold = 0.75): 48 / 352
north_dominated OOB n=28 | RMSE=0.0000 | Bias=0.0000 | FracRMSE=nan | FracBias=nan | NoneBias=0.0000 | FullBias=0.0000
south_dominated OOB n=20 | RMSE=0.0103 | Bias=0.0031 | FracRMSE=nan | FracBias=nan | NoneBias=0.0157 | FullBias=0.0000
Low-gradient eligible OOB rows (gradient_p84 <= 4.0): 28 / 352
low_gradient_p84 OOB n=28 | RMSE=0.0665 | Bias=0.0049 | FracRMSE=0.2190 | FracBias=-0.2190 | NoneBias=0.0275 | FullBias=0.0000
5.41s

=== Bootstrap 993/1000 ===

Chosen filter -> Eg_strong/Eg_weak >= 1.18, data_quantity >= 17 | CV acc=0.9537, CV bin acc=0.9896, n_rows(dedup)=670 | OOB acc=0.9456, OOB bin acc=0.9881, n_rows_test(dedup)=588 |
OOB cameras: ['delta_junction', 'old_jack_pine', 'oregon_yp', 'queens', 'sodankyla_full', 'tammela', 'underc', 'underhill', 'willowcreek']
OOB n=664 | RMSE=0.1919 | Bias=0.0461 | FracRMSE=0.3846 | FracBias=0.0877 | NoneBias=0.0616 | FullBias=-0.0015
Aspect split eligible OOB rows (north/south facing fraction threshold = 0.75): 44 / 664
north_dominated OOB n=42 | RMSE=0.2303 | Bias=0.0398 | FracRMSE=0.4381 | FracBias=0.1119 | NoneBias=0.0232 | FullBias=0.0000
south_dominated OOB n=2 | RMSE=0.0000 | Bias=0.0000 | FracRMSE=nan | FracBias=nan | NoneBias=0.0000 | FullBias=0.0000
Low-gradient eligible OOB rows (gradient_p84 <= 4.0): 186 / 664
low_gradient_p84 OOB n=186 | RMSE=0.1823 | Bias=0.0615 | FracRMSE=0.3528 | FracBias=0.0340 | NoneBias=0.0798 | FullBias=0.0000
5.0s

=== Bootstrap 994/1000 ===

Chosen filter -> Eg_strong/Eg_weak >= 1.07, data_quantity >= 17 | CV acc=0.9385, CV bin acc=0.9781, n_rows(dedup)=959 | OOB acc=0.9046, OOB bin acc=0.9913, n_rows_test(dedup)=461 |
OOB cameras: ['delta_junction', 'marcell_MN', 'old_jack_pine', 'sodankyla_full', 'underc', 'underhill', 'varrio']
OOB n=533 | RMSE=0.1625 | Bias=0.0093 | FracRMSE=0.3811 | FracBias=0.0036 | NoneBias=0.0207 | FullBias=0.0000
Aspect split eligible OOB rows (north/south facing fraction threshold = 0.75): 64 / 533
north_dominated OOB n=60 | RMSE=0.1802 | Bias=-0.0194 | FracRMSE=0.4208 | FracBias=-0.1061 | NoneBias=0.0000 | FullBias=0.0000
south_dominated OOB n=4 | RMSE=0.0000 | Bias=0.0000 | FracRMSE=nan | FracBias=nan | NoneBias=0.0000 | FullBias=0.0000
Low-gradient eligible OOB rows (gradient_p84 <= 4.0): 86 / 533
low_gradient_p84 OOB n=86 | RMSE=0.1335 | Bias=-0.0096 | FracRMSE=0.3308 | FracBias=-0.0587 | NoneBias=0.0000 | FullBias=0.0000
5.74s

=== Bootstrap 995/1000 ===

Chosen filter -> Eg_strong/Eg_weak >= 1.05, data_quantity >= 17 | CV acc=0.8815, CV bin acc=0.9759, n_rows(dedup)=540 | OOB acc=0.9658, OOB bin acc=0.9782, n_rows_test(dedup)=643 |
OOB cameras: ['bartlett', 'hyytiala', 'kenttarova', 'old_jack_pine', 'oregon_yp', 'sodankyla_full', 'tammela', 'willowcreek']
OOB n=701 | RMSE=0.1609 | Bias=0.0075 | FracRMSE=0.3046 | FracBias=-0.1444 | NoneBias=0.0571 | FullBias=-0.0679
Aspect split eligible OOB rows (north/south facing fraction threshold = 0.75): 61 / 701
north_dominated OOB n=41 | RMSE=0.2424 | Bias=-0.0807 | FracRMSE=0.3620 | FracBias=-0.1925 | NoneBias=0.0179 | FullBias=-0.0952
south_dominated OOB n=20 | RMSE=0.2703 | Bias=-0.0879 | FracRMSE=0.6018 | FracBias=-0.4114 | NoneBias=0.0000 | FullBias=-0.0102
Low-gradient eligible OOB rows (gradient_p84 <= 4.0): 174 / 701
low_gradient_p84 OOB n=174 | RMSE=0.1509 | Bias=0.0612 | FracRMSE=0.2386 | FracBias=-0.1797 | NoneBias=0.1091 | FullBias=-0.0448
4.89s

=== Bootstrap 996/1000 ===

Chosen filter -> Eg_strong/Eg_weak >= 1.05, data_quantity >= 17 | CV acc=0.9242, CV bin acc=0.9810, n_rows(dedup)=897 | OOB acc=0.8954, OOB bin acc=0.9833, n_rows_test(dedup)=478 |
OOB cameras: ['lacclair', 'marcell_MN', 'oregon_yp', 'sodankyla_full', 'underc', 'varrio', 'willowcreek']
OOB n=548 | RMSE=0.1509 | Bias=0.0307 | FracRMSE=0.2156 | FracBias=-0.1098 | NoneBias=0.0924 | FullBias=-0.0250
Aspect split eligible OOB rows (north/south facing fraction threshold = 0.75): 34 / 548
north_dominated OOB n=28 | RMSE=0.0187 | Bias=0.0047 | FracRMSE=nan | FracBias=nan | NoneBias=0.0119 | FullBias=0.0000
south_dominated OOB n=6 | RMSE=0.0000 | Bias=0.0000 | FracRMSE=nan | FracBias=nan | NoneBias=0.0000 | FullBias=0.0000
Low-gradient eligible OOB rows (gradient_p84 <= 4.0): 129 / 548
low_gradient_p84 OOB n=129 | RMSE=0.1584 | Bias=0.0850 | FracRMSE=0.2101 | FracBias=-0.1845 | NoneBias=0.1278 | FullBias=-0.0415
5.42s

=== Bootstrap 997/1000 ===

Chosen filter -> Eg_strong/Eg_weak >= 1.05, data_quantity >= 9 | CV acc=0.9066, CV bin acc=0.9366, n_rows(dedup)=899 | OOB acc=0.8855, OOB bin acc=0.9710, n_rows_test(dedup)=620 |
OOB cameras: ['bartlett', 'glees', 'hyytiala', 'marcell_MN', 'oregon_yp', 'sodankyla_full', 'underc', 'underhill', 'wslcreek']
OOB n=670 | RMSE=0.1610 | Bias=0.0036 | FracRMSE=0.3403 | FracBias=-0.1933 | NoneBias=0.0568 | FullBias=-0.0347
Aspect split eligible OOB rows (north/south facing fraction threshold = 0.75): 70 / 670
north_dominated OOB n=41 | RMSE=0.2762 | Bias=-0.0910 | FracRMSE=0.5509 | FracBias=-0.3913 | NoneBias=0.0224 | FullBias=-0.0610
south_dominated OOB n=29 | RMSE=0.2236 | Bias=-0.0605 | FracRMSE=0.8500 | FracBias=-0.8500 | NoneBias=0.0029 | FullBias=-0.0034
Low-gradient eligible OOB rows (gradient_p84 <= 4.0): 128 / 670
low_gradient_p84 OOB n=128 | RMSE=0.1456 | Bias=0.0728 | FracRMSE=0.2387 | FracBias=-0.1928 | NoneBias=0.1063 | FullBias=0.0000
5.59s

=== Bootstrap 998/1000 ===

Chosen filter -> Eg_strong/Eg_weak >= 1.28, data_quantity >= 17 | CV acc=0.9017, CV bin acc=0.9788, n_rows(dedup)=661 | OOB acc=0.9690, OOB bin acc=0.9905, n_rows_test(dedup)=420 |
OOB cameras: ['delta_junction', 'hyytiala', 'old_jack_pine', 'sodankyla_full', 'tammela']
OOB n=468 | RMSE=0.1262 | Bias=0.0049 | FracRMSE=0.3523 | FracBias=0.0197 | NoneBias=0.0073 | FullBias=-0.0041
Aspect split eligible OOB rows (north/south facing fraction threshold = 0.75): 40 / 468
north_dominated OOB n=39 | RMSE=0.2031 | Bias=-0.0206 | FracRMSE=0.3825 | FracBias=-0.0731 | NoneBias=0.0000 | FullBias=0.0000
south_dominated OOB n=1 | RMSE=0.0000 | Bias=0.0000 | FracRMSE=nan | FracBias=nan | NoneBias=0.0000 | FullBias=nan
Low-gradient eligible OOB rows (gradient_p84 <= 4.0): 85 / 468
low_gradient_p84 OOB n=85 | RMSE=0.1190 | Bias=-0.0045 | FracRMSE=0.2896 | FracBias=-0.0393 | NoneBias=0.0040 | FullBias=0.0000
5.17s

=== Bootstrap 999/1000 ===

Chosen filter -> Eg_strong/Eg_weak >= 1.09, data_quantity >= 16 | CV acc=0.8808, CV bin acc=0.9625, n_rows(dedup)=1040 | OOB acc=0.9524, OOB bin acc=0.9970, n_rows_test(dedup)=336 |
OOB cameras: ['lacclair', 'marcell_MN', 'old_jack_pine', 'tammela', 'torgnon', 'varrio', 'wslcreek']
OOB n=397 | RMSE=0.0957 | Bias=-0.0065 | FracRMSE=0.2811 | FracBias=-0.0870 | NoneBias=0.0114 | FullBias=-0.0077
Aspect split eligible OOB rows (north/south facing fraction threshold = 0.75): 47 / 397
north_dominated OOB n=40 | RMSE=0.0583 | Bias=0.0087 | FracRMSE=0.2605 | FracBias=0.1740 | NoneBias=0.0000 | FullBias=0.0000
south_dominated OOB n=7 | RMSE=0.0000 | Bias=0.0000 | FracRMSE=nan | FracBias=nan | NoneBias=nan | FullBias=0.0000
Low-gradient eligible OOB rows (gradient_p84 <= 4.0): 38 / 397
low_gradient_p84 OOB n=38 | RMSE=0.1385 | Bias=-0.0376 | FracRMSE=0.3337 | FracBias=-0.2509 | NoneBias=0.0123 | FullBias=-0.0274
5.61s

=== Bootstrap 1000/1000 ===

Chosen filter -> Eg_strong/Eg_weak >= 1.18, data_quantity >= 17 | CV acc=0.9186, CV bin acc=0.9910, n_rows(dedup)=774 | OOB acc=0.9350, OOB bin acc=0.9675, n_rows_test(dedup)=400 |
OOB cameras: ['bartlett', 'hyytiala', 'oregon_yp', 'queens', 'tammela', 'underc', 'willowcreek']
OOB n=433 | RMSE=0.1769 | Bias=0.0139 | FracRMSE=0.3318 | FracBias=-0.1986 | NoneBias=0.0656 | FullBias=-0.0831
Aspect split eligible OOB rows (north/south facing fraction threshold = 0.75): 13 / 433
north_dominated OOB n=7 | RMSE=0.4208 | Bias=-0.2716 | FracRMSE=0.6427 | FracBias=-0.6338 | NoneBias=0.0000 | FullBias=0.0000
south_dominated OOB n=6 | RMSE=0.3491 | Bias=-0.1571 | FracRMSE=0.8500 | FracBias=-0.8500 | NoneBias=nan | FullBias=-0.0185
Low-gradient eligible OOB rows (gradient_p84 <= 4.0): 101 / 433
low_gradient_p84 OOB n=101 | RMSE=0.1576 | Bias=0.0787 | FracRMSE=0.2432 | FracBias=-0.2118 | NoneBias=0.1126 | FullBias=-0.3033
5.6s

================================================================================
RUNNING 30 M DISCRETE CLASSIFICATION
================================================================================
30 m input: dataset_lcforest_noLOF_bin30_th3_80m_1kmsmallbox_noprior_ta_wc1_v7.pkl
30 m bootstrap replicates requested: 1000
Eligible strong-beam 30 m segments: 32714 across 18 sites

================================================================================
1 KM THREE-CLASS DISCRETE CLASSIFICATION
================================================================================
Pooled out-of-bag counts (rows=observed, columns=predicted):
         NS     SG    SGC
NS   206442   2161     26
SG     6056  73731   9978
SGC     149  10436  56177

Row-normalised percentages:
       NS    SG   SGC
NS  98.95  1.04  0.01
SG   6.75 82.14 11.12
SGC  0.22 15.63 84.15

Accuracy from pooled classifications: 92.11%
Accuracy variability across bootstrap replicates: mean=91.81%, SD=3.72%, median=92.43%, 95% bootstrap interval=[83.39, 97.41]%, n=1000
1 km ground-snow accuracy variability (NS vs {SG, SGC}): mean=97.53%, SD=1.64%, median=97.79%, 95% bootstrap interval=[93.72, 99.72]%, n=1000
1 km canopy-snow accuracy variability (SG vs SGC, after excluding predictions of NS): mean=86.74%, SD=6.00%, median=86.97%, 95% bootstrap interval=[73.83, 97.00]%, n=1000

================================================================================
30 M GROUND-SNOW CLASSIFICATION
================================================================================
Pooled out-of-bag counts (rows=observed, columns=predicted):
                     snow-free ground  snow-covered ground
snow-free ground              7859407               205325
snow-covered ground            573273              3166079

Row-normalised percentages:
                     snow-free ground  snow-covered ground
snow-free ground                97.45                 2.55
snow-covered ground             15.33                84.67

Accuracy from pooled classifications: 93.40%
Accuracy variability across bootstrap replicates: mean=93.26%, SD=2.02%, median=93.40%, 95% bootstrap interval=[88.99, 96.94]%, n=1000

================================================================================
30 M CANOPY-SNOW CLASSIFICATION
================================================================================
Pooled out-of-bag counts (rows=observed, columns=predicted):
                     snow-free canopy  snow-covered canopy
snow-free canopy              1320314               275189
snow-covered canopy            349814              1220762

Row-normalised percentages:
                     snow-free canopy  snow-covered canopy
snow-free canopy                82.75                17.25
snow-covered canopy             22.27                77.73

Accuracy from pooled classifications: 80.26%
Accuracy variability across bootstrap replicates: mean=80.05%, SD=6.17%, median=80.67%, 95% bootstrap interval=[66.34, 90.37]%, n=1000
The 30 m canopy matrix follows the manuscript's existing conditional comparison: it includes observed SG/SGC segments that were also predicted as ground-snow. Across the pooled out-of-bag classifications, 573273 observed ground-snow segments predicted as NS were therefore excluded from this canopy-only matrix; their errors remain represented in the ground-snow matrix.

Per-site OOB metrics across all bootstraps, values in %:
        camera  n_oob_predictions  n_oob_0  n_oob_1  n_oob_partial      RMSE       Bias  Fractional RMSE  Fractional Bias  0%SC Error  100%SC Error
      bartlett               9205     1760     4978           2467 42.525742 -24.052834        67.934733       -59.459493    0.000000    -15.009997
delta_junction              33129    12394    10784           9951 17.996664   0.289978        32.805249         0.787983    0.142443      0.000000
         glees              17129     4756    12373              0  9.039822   1.797448              NaN              NaN    7.969442     -0.574976
      hyytiala              33088    27854     5104            130  8.379102  -1.147352         1.000000        -1.000000    0.850517    -12.054053
    kenttarova              27412     8768    12333           6311  5.739143   0.264745         4.510406         3.327455    0.369683     -1.377099
      lacclair              13882      665    10512           2705 10.863069  -3.249069        24.531336       -16.434485    0.000000     -0.061672
    marcell_MN              19022     6809    11108           1105  8.135095  -1.754300        29.608111       -16.932147    0.113729     -1.389508
 old_jack_pine              44084    24726    12604           6754 15.587402   0.493549        33.071535        -3.409134    2.038529     -0.446030
     oregon_yp              52705    47240        0           5465 14.459732   5.650285        24.051521       -20.251944    8.646807           NaN
        queens               5724     2960     2764              0  2.069183   0.188167              NaN              NaN    0.373238     -0.010028
sodankyla_full              51463    24522    26025            916  6.446357   0.353691        20.269224       -16.271936    1.677109     -0.308127
       tammela              22958    17539     5419              0  1.149841  -0.100292              NaN              NaN    0.006815     -0.446950
       torgnon               2257      367     1783            107 12.131944   1.265751        34.788193       -32.446961   17.244212      0.000000
        underc              24668     8012    11435           5221 22.572928   0.893073        30.210115        -3.822008    9.623646     -3.071241
     underhill               4028     1899     2129              0 33.497285  12.749391              NaN              NaN   27.042941      0.000000
        varrio              25957     6947    19010              0  0.000403   0.000003              NaN              NaN    0.000009      0.000000
   willowcreek              16588    10299     6289              0 31.714557   3.750725              NaN              NaN   14.993555    -14.660771
      wslcreek              13936     1112    11773           1051  6.333324   0.962983        20.064989        11.905033    3.286687     -0.233318

====================

Filter choice frequency across bootstraps:
 ratio  dq  count
  1.05  16    175
  1.05  17    118
  1.18  16     75
  1.05  13     44
  1.18  17     40
  1.18  14     38
  1.05   9     35
  1.05  14     33
  1.09  16     29
  1.11  16     23
  1.05  15     17
  1.06  16     16
  1.09  17     16
  1.05  11     15
  1.18  13     13
  1.18  15     12
  1.18   9     12
  1.28  14     11
  1.28  16     11
  1.25  16     10
  1.25  17      9
  1.07  16      8
  1.07  17      8
  1.28  17      8
  1.05  10      7
  1.27  14      7
  1.20  13      7
  1.14  16      7
  1.05  12      7
  1.07  13      7
  1.11  17      7
  1.20  10      6
  1.13  16      6
  1.28  13      6
  1.06  17      5
  1.20  11      5
  1.20   9      5
  1.18  11      5
  1.28  11      4
  1.06  15      4
  1.06  10      4
  1.27  10      4
  1.27  15      3
  1.30   9      3
  1.07  11      3
  1.07  14      3
  1.06  14      3
  1.14  13      3
  1.26   9      3
  1.20  14      3
  1.25  15      3
  1.10  16      3
  1.06   9      3
  1.27  13      3
  1.10  13      2
  1.29  17      2
  1.06  13      2
  1.06  11      2
  1.29  13      2
  1.20  15      2
  1.20  12      2
  1.09  13      2
  1.09  11      2
  1.15  11      2
  1.18  10      2
  1.15  17      2
  1.14   9      2
  1.11  13      2
  1.11  10      2
  1.12  17      2
  1.12  16      2
  1.30  14      2
  1.28  12      2
  1.27  12      2
  1.26  16      2
  1.24  16      2
  1.25   9      2
  1.21  16      2
  1.10  14      1
  1.21  13      1
  1.11   9      1
  1.27  11      1
  1.20  17      1
  1.11  14      1
  1.26  14      1
  1.21  15      1
  1.28  10      1
  1.08  14      1
  1.15  16      1
  1.30  12      1
  1.29  15      1
  1.07  10      1
  1.17  13      1
  1.14  15      1
  1.14  17      1
  1.14  10      1
  1.09  14      1
  1.13  11      1
  1.13  17      1
  1.09   9      1
  1.08  16      1
  1.29  14      1
  1.10  11      1
  1.27  17      1
  1.20  16      1
  1.07  15      1
  1.07  12      1
  1.26  13      1
  1.25  10      1
  1.22   9      1
  1.24  15      1
  1.21  17      1
  1.28  15      1
  1.30  13      1
  1.30  16      1

OOB FSC metric variability across bootstraps (mean, sample SD, median, and 2.5th-97.5th percentile bootstrap interval; ignoring NaNs):
RMSE:       mean=0.15, SD=0.03, median=0.15, 95% bootstrap interval=[0.08, 0.22], n=1000
Bias:       mean=0.00, SD=0.02, median=0.00, 95% bootstrap interval=[-0.03, 0.04], n=1000
Frac RMSE:  mean=0.30, SD=0.08, median=0.30, 95% bootstrap interval=[0.15, 0.47], n=999
Frac Bias:  mean=-0.10, SD=0.10, median=-0.08, 95% bootstrap interval=[-0.33, 0.04], n=999
0%SC Bias:  mean=0.04, SD=0.02, median=0.04, 95% bootstrap interval=[0.00, 0.09], n=1000
100%SC Bias:  mean=-0.02, SD=0.02, median=-0.02, 95% bootstrap interval=[-0.06, 0.00], n=1000

OOB metrics by aspect group, with bootstrap variability summaries with north/south facing fraction threshold = 0.75:

north_dominated:
Rows:         42278
RMSE:         mean=0.16, SD=0.12, median=0.15, 95% bootstrap interval=[0.00, 0.46], n=992
Bias:         mean=-0.04, SD=0.08, median=-0.01, 95% bootstrap interval=[-0.28, 0.05], n=992
Frac RMSE:    mean=0.34, SD=0.18, median=0.33, 95% bootstrap interval=[0.04, 0.72], n=851
Frac Bias:    mean=-0.14, SD=0.23, median=-0.11, 95% bootstrap interval=[-0.71, 0.19], n=851
0%SC Bias:    mean=0.02, SD=0.05, median=0.00, 95% bootstrap interval=[0.00, 0.13], n=973
100%SC Bias:  mean=-0.03, SD=0.06, median=0.00, 95% bootstrap interval=[-0.24, 0.00], n=987

south_dominated:
Rows:         16076
RMSE:         mean=0.11, SD=0.13, median=0.03, 95% bootstrap interval=[0.00, 0.38], n=996
Bias:         mean=-0.03, SD=0.05, median=0.00, 95% bootstrap interval=[-0.17, 0.01], n=996
Frac RMSE:    mean=0.45, SD=0.34, median=0.49, 95% bootstrap interval=[0.04, 0.85], n=649
Frac Bias:    mean=-0.37, SD=0.37, median=-0.31, 95% bootstrap interval=[-0.85, 0.04], n=649
0%SC Bias:    mean=0.01, SD=0.02, median=0.00, 95% bootstrap interval=[0.00, 0.06], n=861
100%SC Bias:  mean=-0.00, SD=0.00, median=0.00, 95% bootstrap interval=[-0.01, 0.00], n=981

OOB metrics for low-gradient cells, with bootstrap variability summaries using rows where gradient_p84 <= 4.0.
North/south facing direction is not considered.

low_gradient_p84:
Rows:         71599
RMSE:         mean=0.12, SD=0.05, median=0.13, 95% bootstrap interval=[0.02, 0.23], n=956
Bias:         mean=0.01, SD=0.04, median=0.00, 95% bootstrap interval=[-0.05, 0.09], n=956
Frac RMSE:    mean=0.23, SD=0.08, median=0.24, 95% bootstrap interval=[0.05, 0.36], n=916
Frac Bias:    mean=-0.12, SD=0.08, median=-0.13, 95% bootstrap interval=[-0.25, 0.06], n=916
0%SC Bias:    mean=0.05, SD=0.05, median=0.02, 95% bootstrap interval=[0.00, 0.14], n=944
100%SC Bias:  mean=-0.03, SD=0.06, median=0.00, 95% bootstrap interval=[-0.28, 0.00], n=926
Total Cells: 417235
Total Non-Snow Cells: 208629
Total Snow Cells: 166423
Total Partial Snow Cells: 42183
